property_type,society,sector,price,price_per_sqft,bedRoom,bathroom,balcony,floorNum,agePossession,built_up_area,study room,servant room,store room,pooja room,others,furnishing_type,luxury_score,coordinates,Latitude,Longitude
flat,imperia the esfera,sector 37c,0.7,4878.0,2,3,3+,12.0,Under Construction,1299.0,1,0,0,0,1,2,58,"28.4515° N, 76.9882° E",28.4515,76.9882
flat,tulip purple,sector 69,1.8,9000.0,4,5,3+,4.0,Relatively New,2200.0,0,1,0,0,0,2,165,"28.3966° N, 77.0341° E",28.3966,77.0341
flat,shri banke bihari society★,sector 56,1.35,6750.0,3,3,3,5.0,Old Property,1800.0,0,0,0,0,1,1,82,"28.4245° N, 77.0991° E",28.4245,77.0991
flat,dlf the ultima★,sector 81,2.28,10842.0,3,3,3+,14.0,Relatively New,1750.0,0,1,0,0,0,0,49,"28.3867° N, 76.9485° E",28.3867,76.9485
flat,not applicable,sector 12,0.42,622.0,2,2,1,3.0,Relatively New,6750.0,0,0,0,0,0,1,26,"28.4723° N, 77.0320° E",28.4723,77.032
flat,pareena coban residences,sector 99a,1.35,6760.0,3,5,3,6.0,New Property,1807.0,0,1,0,0,1,2,60,"28.4561° N, 76.9542° E",28.4561,76.9542
flat,mm soulitude,sector 89,1.33,1887.0,3,3,3,4.0,Under Construction,870.0,1,0,0,0,0,2,125,"28.4253° N, 76.9439° E",28.4253,76.9439
flat,la vida by tata housing,sector 113,1.45,11364.0,2,2,2,6.0,Relatively New,1080.0,0,0,0,0,0,2,80,"28.5287° N, 77.0233° E",28.5287,77.0233
flat,bhagwati sadan,sector 12,1.15,5500.0,3,4,2,2.0,Old Property,2091.0,0,1,0,0,1,2,0,"28.4723° N, 77.0320° E",28.4723,77.032
flat,shree vardhman victoria★,sector 70,1.8,9231.0,3,3,3+,10.0,New Property,1765.0,0,0,0,0,1,1,49,"28.3968° N, 77.0233° E",28.3968,77.0233
flat,tulip violet★,sector 69,1.72,8731.0,4,4,1,12.0,Relatively New,1783.0,0,0,0,0,0,2,86,"28.3966° N, 77.0341° E",28.3966,77.0341
flat,dlf new town heights ★,sector 90,1.42,4865.0,4,4,3+,8.0,Moderately Old,2139.0,0,1,1,0,0,2,31,"28.4085° N, 76.9369° E",28.4085,76.9369
flat,adani mk oyster grande★,sector 102,1.95,7561.0,3,4,3,9.0,Relatively New,2334.0,1,1,0,0,0,1,83,"28.4750° N, 76.9715° E",28.475,76.9715
flat,landmark the residency,sector 103,0.9,6667.0,2,2,2,1.0,Relatively New,1222.0,0,0,0,0,0,2,44,"28.4949° N, 76.9845° E",28.4949,76.9845
flat,mapsko royale ville★,sector 82,1.22,7176.0,3,5,3+,10.0,Relatively New,2000.0,0,1,0,1,0,1,76,"28.3935° N, 76.9600° E",28.3935,76.96
flat,shree vardhman victoria★,sector 70,1.6,8205.0,3,5,3,6.0,Relatively New,1527.0,0,1,0,0,0,2,108,"28.3968° N, 77.0233° E",28.3968,77.0233
flat,milan cghs,sector 39,2.0,8333.0,3,3,3+,0.0,Old Property,2400.0,0,0,0,0,0,2,0,"28.4434° N, 77.0515° E",28.4434,77.0515
flat,tulip violet★,sector 69,1.78,8856.0,4,4,2,10.0,Relatively New,1819.0,0,0,0,1,0,1,156,"28.3966° N, 77.0341° E",28.3966,77.0341
flat,mm merlin★,sector 67,3.32,14080.0,3,4,3,8.0,New Property,2016.0,0,1,0,0,0,1,174,"28.3859° N, 77.0608° E",28.3859,77.0608
flat,sare crescent parc★,sector 92,0.95,5013.0,4,5,3+,13.0,Relatively New,1667.0,0,0,0,0,0,2,0,"28.4079° N, 76.9153° E",28.4079,76.9153
flat,emaar mgf emerald estate★,sector 65,1.3,2289.0,2,2,2,7.0,Relatively New,812.0,1,0,0,0,0,2,78,"28.4030° N, 77.0690° E",28.403,77.069
flat,spaze privy at★,sector 84,1.24,6465.0,3,3,3,8.0,Relatively New,1650.0,1,0,0,0,0,1,158,"28.3979° N, 76.9736° E",28.3979,76.9736
flat,dlf the crest★,sector 54,11.0,35223.0,4,6,3,7.0,Relatively New,2826.0,0,1,0,0,0,0,125,"28.4348° N, 77.1089° E",28.4348,77.1089
flat,shapoorji pallonji joyville gurugram★,sector 102,2.12,16960.0,3,3,3,9.0,Relatively New,1389.0,0,0,0,0,0,2,72,"28.4750° N, 76.9715° E",28.475,76.9715
flat,unitech harmony,sector 50,2.6,9591.0,3,4,2,15.0,Relatively New,2700.0,0,1,0,0,1,1,174,"28.4178° N, 77.0628° E",28.4178,77.0628
flat,tulip violet★,sector 69,1.3,8286.0,3,3,1,12.0,Relatively New,1419.0,0,0,0,1,0,2,86,"28.3966° N, 77.0341° E",28.3966,77.0341
flat,antriksh heights★,sector 84,0.9,6207.0,3,3,3+,12.0,Relatively New,1525.0,0,0,0,0,0,2,166,"28.3979° N, 76.9736° E",28.3979,76.9736
flat,ss the leaf★,sector 85,1.25,10889.0,2,2,3+,17.0,Relatively New,1426.0,0,0,1,0,0,2,156,"28.4042° N, 76.9513° E",28.4042,76.9513
flat,adani mk oyster grande★,sector 102,2.5,7817.0,4,5,3+,5.0,Relatively New,2894.0,0,1,0,0,0,2,76,"28.4750° N, 76.9715° E",28.475,76.9715
flat,ansal heights,sector 86,0.87,5367.0,2,2,1,12.0,New Property,1231.0,0,0,0,0,1,1,45,"28.3986° N, 76.9384° E",28.3986,76.9384
flat,krrish florence estate,sector 70,1.25,6702.0,3,3,3,18.0,Under Construction,1688.0,0,0,0,0,0,2,51,"28.3968° N, 77.0233° E",28.3968,77.0233
flat,"ganpati apartment  , laxman vihar phase",sector 12,0.45,523.0,2,2,1,0.0,Relatively New,8604.0,0,0,0,0,0,2,46,"28.4723° N, 77.0320° E",28.4723,77.032
flat,jmd gardens★,sector 33,3.25,7509.0,4,4,3+,17.0,Old Property,4328.0,0,1,0,0,0,1,130,"28.4420° N, 77.0207° E",28.442,77.0207
flat,godrej oasis★,sector 88a,1.0,6897.0,2,2,3,7.0,Relatively New,1450.0,1,0,0,0,0,2,72,"28.4347° N, 76.9557° E",28.4347,76.9557
flat,signature global grand iva★,sector 103,0.5,694.0,2,2,2,10.0,Relatively New,698.0,0,0,0,0,0,2,8,"28.4949° N, 76.9845° E",28.4949,76.9845
flat,sbtl caladium,sector 109,1.26,6542.0,3,2,3,8.0,Relatively New,1701.0,0,0,0,0,0,2,103,"28.5073° N, 77.0089° E",28.5073,77.0089
house,independent,sector 13,0.5,90.0,12,4,3,4.0,Old Property,55.0,0,0,0,0,0,2,15,"28.4757° N, 77.0392° E",28.4757,77.0392
flat,signature global solera★,sector 107,0.28,625.0,2,2,2,14.0,Relatively New,4482.0,0,0,0,0,0,2,38,"28.5052° N, 76.9729° E",28.5052,76.9729
flat,godrej ★,sector 79,2.0,8453.0,3,4,3+,2.0,Relatively New,2366.0,0,1,0,0,0,1,156,"28.3624° N, 76.9787° E",28.3624,76.9787
flat,emaar mgf emerald floors premier★,sector 65,2.85,14430.0,4,4,3+,0.0,Relatively New,1975.0,1,1,0,0,0,1,151,"28.4030° N, 77.0690° E",28.403,77.069
flat,tulip violet★,sector 69,1.44,9125.0,3,3,2,1.0,Relatively New,1381.0,0,0,0,1,0,2,174,"28.3966° N, 77.0341° E",28.3966,77.0341
flat,tulip violet★,sector 69,1.36,8619.0,3,3,2,12.0,Relatively New,1428.0,0,0,0,1,0,1,49,"28.3966° N, 77.0341° E",28.3966,77.0341
flat,dlf regal gardens★,sector 90,1.25,7340.0,3,3,3,28.0,Moderately Old,1541.0,0,1,0,0,0,2,38,"28.4085° N, 76.9369° E",28.4085,76.9369
flat,mm merlin★,sector 67,2.9,14167.0,3,3,3,0.0,Relatively New,2047.0,0,0,0,0,1,1,49,"28.3859° N, 77.0608° E",28.3859,77.0608
flat,signature the roselia★,sector 95,0.45,879.0,2,2,2,2.0,New Property,5121.0,0,0,0,0,0,1,31,"28.4172° N, 76.9081° E",28.4172,76.9081
flat,the close north★,sector 50,2.75,12500.0,3,3,3,3.0,Moderately Old,2400.0,0,1,0,0,0,2,110,"28.4178° N, 77.0628° E",28.4178,77.0628
flat,smart world gems,sector 89,1.2,8433.0,3,3,2,2.0,New Property,1423.0,0,0,0,0,0,2,44,"28.4253° N, 76.9439° E",28.4253,76.9439
flat,proxima tower,sector 37c,0.6,4601.0,2,2,3,5.0,Under Construction,1180.0,1,0,0,1,0,2,55,"28.4515° N, 76.9882° E",28.4515,76.9882
flat,ambience creacions,sector 22,4.78,15469.0,3,4,3,7.0,Relatively New,2500.0,0,1,0,0,1,0,111,"28.5072° N, 77.0640° E",28.5072,77.064
flat,raheja vedaanta★,sector 108,0.7,4651.0,2,2,2,12.0,Moderately Old,1362.0,0,0,0,0,0,2,72,"28.5134° N, 76.9830° E",28.5134,76.983
flat,unitech uniworld gardens★,sector 47,2.4,11505.0,3,3,3+,10.0,Moderately Old,1888.0,0,1,0,0,0,1,120,"28.4276° N, 77.0492° E",28.4276,77.0492
flat,mapsko mount ville★,sector 79,1.2,1538.0,3,3,3,18.0,Relatively New,1165.0,1,0,0,1,0,1,160,"28.3624° N, 76.9787° E",28.3624,76.9787
flat,tulip violet★,sector 69,1.38,8967.0,3,3,1,12.0,Relatively New,1392.0,0,0,0,1,0,2,86,"28.3966° N, 77.0341° E",28.3966,77.0341
flat,unitech uniworld gardens ★,sector 47,1.05,1170.0,2,2,2,3.0,Relatively New,8973.0,0,0,0,0,0,1,34,"28.4276° N, 77.0492° E",28.4276,77.0492
flat,sare crescent parc royal greens phase,sector 92,0.65,4511.0,3,3,3,1.0,Moderately Old,1304.0,0,0,0,0,0,2,91,"28.4079° N, 76.9153° E",28.4079,76.9153
flat,dlf the primus★,sector 82a,1.87,10395.0,3,3,3,31.0,Moderately Old,1668.0,0,0,0,1,0,2,38,"28.3858° N, 76.9686° E",28.3858,76.9686
flat,ss the coralwood★,sector 84,1.1,5820.0,3,3,3+,12.0,Moderately Old,1710.0,0,0,0,0,0,1,104,"28.3979° N, 76.9736° E",28.3979,76.9736
flat,shree vardhman victoria★,sector 70,1.6,8205.0,3,5,3,6.0,Relatively New,1950.0,0,1,0,0,0,2,174,"28.3968° N, 77.0233° E",28.3968,77.0233
flat,emaar palm gardens★,sector 83,1.38,8023.0,3,3,3,5.0,Relatively New,1350.0,0,1,0,0,0,1,8,"28.3986° N, 76.9647° E",28.3986,76.9647
flat,ambience creacions,sector 22,3.2,11498.0,3,4,3+,2.0,New Property,2517.0,0,0,0,0,0,2,42,"28.5072° N, 77.0640° E",28.5072,77.064
flat,green court★,sector 90,0.5,926.0,2,2,1,8.0,New Property,650.0,0,0,0,0,0,2,42,"28.4085° N, 76.9369° E",28.4085,76.9369
flat,experion windchants★,sector 112,3.0,11538.0,3,3,2,2.0,Relatively New,2600.0,0,0,0,0,1,1,49,"28.5189° N, 77.0183° E",28.5189,77.0183
flat,rose apartment,sector 28,3.0,10482.0,3,5,3+,8.0,Old Property,2590.0,0,0,0,0,0,2,0,"28.4728° N, 77.0865° E",28.4728,77.0865
flat,ireo victory valley★,sector 67,3.5,14583.0,3,4,3,24.0,Relatively New,2490.0,0,1,0,1,0,1,149,"28.3859° N, 77.0608° E",28.3859,77.0608
flat,tulip violet★,sector 69,1.9,9453.0,4,4,2,0.0,Relatively New,1819.0,0,0,0,0,0,2,49,"28.3966° N, 77.0341° E",28.3966,77.0341
flat,rof ananda,sector 95,0.38,656.0,2,2,2,5.0,Relatively New,5796.0,1,0,0,0,0,2,83,"28.4172° N, 76.9081° E",28.4172,76.9081
flat,conscient heritage max★,sector 102,2.15,9307.0,3,4,3,13.0,Relatively New,1945.0,1,1,0,0,0,2,101,"28.4750° N, 76.9715° E",28.475,76.9715
flat,tulip violet★,sector 69,1.46,9252.0,3,3,2,0.0,Relatively New,1428.0,0,0,0,1,0,1,174,"28.3966° N, 77.0341° E",28.3966,77.0341
flat,godrej oasis★,sector 88a,1.19,10162.0,2,2,3,15.0,Relatively New,1387.0,1,0,0,1,0,1,174,"28.4347° N, 76.9557° E",28.4347,76.9557
flat,aditya apartment,manesar,1.0,4032.0,3,4,0,3.0,New Property,2480.0,0,0,0,0,0,2,0,"28.3515° N, 76.9428° E",28.3515,76.9428
flat,antriksh heights★,sector 84,0.79,4580.0,3,3,3+,8.0,New Property,1561.0,0,0,0,0,0,2,24,"28.3979° N, 76.9736° E",28.3979,76.9736
flat,godrej aria★,sector 79,1.69,8522.0,3,3,2,7.0,Relatively New,1795.0,0,0,0,0,0,2,112,"28.3624° N, 76.9787° E",28.3624,76.9787
flat,indiabulls enigma,sector 110,4.0,9850.0,4,4,3,17.0,New Property,4061.0,0,0,0,0,0,2,59,"28.5145° N, 77.0197° E",28.5145,77.0197
flat,smart world gems,sector 89,1.16,10498.0,3,2,3,1.0,New Property,998.0,1,0,0,0,0,2,49,"28.4253° N, 76.9439° E",28.4253,76.9439
flat,smart world gems,sector 89,0.95,8597.0,2,2,2,4.0,New Property,1105.0,1,1,0,0,0,2,38,"28.4253° N, 76.9439° E",28.4253,76.9439
flat,emaar mgf palm hills★,sector 77,1.25,8621.0,3,4,3,1.0,Relatively New,1450.0,0,1,0,0,0,1,104,"28.3801° N, 76.9845° E",28.3801,76.9845
flat,emaar mgf the palm drive★,sector 66,3.98,18091.0,3,4,3+,2.0,Moderately Old,2200.0,0,1,0,0,0,1,123,"28.3925° N, 77.0541° E",28.3925,77.0541
flat,ireo uptown★,sector 66,1.85,12568.0,2,3,3,16.0,Relatively New,1470.0,0,1,0,0,1,1,79,"28.3925° N, 77.0541° E",28.3925,77.0541
flat,dlf city plots phase,sector 24,6.5,18571.0,4,5,3+,3.0,New Property,3500.0,0,1,0,0,0,0,42,"28.4939° N, 77.1038° E",28.4939,77.1038
flat,vatika gurgaon ★,sector 83,1.19,7438.0,3,3,2,10.0,Relatively New,1600.0,0,1,0,0,0,1,35,"28.3986° N, 76.9647° E",28.3986,76.9647
house,ss omnia,sector 86,0.42,84.0,5,3,2,3.0,Relatively New,50.0,0,0,0,0,0,2,0,"28.3986° N, 76.9384° E",28.3986,76.9384
flat,satya the hermitage★,sector 103,0.8,5517.0,2,2,0,10.0,Relatively New,1450.0,0,0,0,0,0,2,0,"28.4949° N, 76.9845° E",28.4949,76.9845
flat,supertech hues,sector 68,1.0,8475.0,2,2,3,23.0,New Property,1180.0,0,0,0,0,0,2,49,"28.3853° N, 77.0484° E",28.3853,77.0484
flat,ats tourmaline★,sector 109,1.5,6977.0,3,4,3+,4.0,Relatively New,1797.0,0,1,0,0,0,2,39,"28.5073° N, 77.0089° E",28.5073,77.0089
flat,dlf the primus★,sector 82a,1.85,10176.0,3,3,3,15.0,Moderately Old,1677.0,0,0,0,0,1,2,38,"28.3858° N, 76.9686° E",28.3858,76.9686
flat,sobha city,sector 108,2.95,14728.0,3,4,2,12.0,Relatively New,2003.0,0,0,0,0,0,2,49,"28.5134° N, 76.9830° E",28.5134,76.983
flat,ild greens★,sector 37c,0.9,5614.0,3,3,3,0.0,Under Construction,1500.0,0,0,0,0,0,2,66,"28.4515° N, 76.9882° E",28.4515,76.9882
flat,ireo victory valley★,sector 67,3.05,12650.0,3,3,3+,21.0,Relatively New,2029.0,0,1,0,0,0,1,157,"28.3859° N, 77.0608° E",28.3859,77.0608
flat,kiran residency,sector 56,1.54,8324.0,3,4,3+,5.0,Old Property,1900.0,0,1,0,0,0,1,98,"28.4245° N, 77.0991° E",28.4245,77.0991
flat,dlf the primus★,sector 82a,2.25,10714.0,3,3,3+,29.0,Relatively New,2100.0,0,1,0,0,0,0,72,"28.3858° N, 76.9686° E",28.3858,76.9686
flat,bptp park generations★,sector 37d,1.5,9868.0,3,2,3+,17.0,Relatively New,1376.0,0,0,0,0,0,2,42,"28.4478° N, 76.9703° E",28.4478,76.9703
flat,tulip violet★,sector 69,1.7,8445.0,4,4,2,7.0,Relatively New,1819.0,0,0,0,0,0,2,128,"28.3966° N, 77.0341° E",28.3966,77.0341
flat,mm heights,sector 65,2.8,14997.0,3,3,3,20.0,Under Construction,1867.0,0,0,0,0,0,2,91,"28.4030° N, 77.0690° E",28.403,77.069
flat,bestech park view residency★,sector 2,1.02,7208.0,2,2,3,11.0,Moderately Old,1281.0,0,0,0,0,0,2,92,"28.5095° N, 77.0320° E",28.5095,77.032
flat,raheja atharva★,sector 109,0.79,881.0,3,2,2,3.0,Relatively New,1213.0,0,0,0,0,0,1,44,"28.5073° N, 77.0089° E",28.5073,77.0089
flat,bptp terra★,sector 37d,1.5,8255.0,3,3,3,12.0,Relatively New,1686.0,0,0,0,0,1,2,49,"28.4478° N, 76.9703° E",28.4478,76.9703
flat,signature global infinity mall,sector 36,0.41,697.0,2,2,3,3.0,Relatively New,5886.0,0,0,0,0,0,2,0,"28.4160° N, 76.9914° E",28.416,76.9914
flat,smart world orchard,sector 61,2.0,12912.0,3,3,2,3.0,New Property,1549.0,0,0,0,0,1,2,61,"28.4050° N, 77.0963° E",28.405,77.0963
flat,adani mk oyster grande★,sector 102,2.5,7817.0,4,5,3+,10.0,Relatively New,2600.0,0,1,0,1,0,1,174,"28.4750° N, 76.9715° E",28.475,76.9715
flat,prime habitat,sector 99a,0.27,673.0,2,2,1,10.0,Relatively New,4014.0,0,0,0,0,0,2,67,"28.4561° N, 76.9542° E",28.4561,76.9542
flat,emaar mgf emerald floors premier★,sector 65,2.35,14242.0,3,3,3,2.0,Relatively New,1493.0,1,1,0,0,0,1,168,"28.4030° N, 77.0690° E",28.403,77.069
flat,ramprastha the edge towers★,sector 37d,0.8,988.0,2,2,3,10.0,Relatively New,1310.0,0,0,0,0,1,2,166,"28.4478° N, 76.9703° E",28.4478,76.9703
flat,puri diplomatic greens★,sector 111,3.7,12542.0,4,5,3+,12.0,Relatively New,2650.0,0,1,0,0,0,1,158,"28.5238° N, 77.0320° E",28.5238,77.032
flat,corona gracieux,sector 76,1.05,5949.0,3,3,3+,7.0,Relatively New,1597.0,0,0,0,0,0,1,133,"28.3935° N, 76.9888° E",28.3935,76.9888
flat,ss the coralwood★,sector 84,1.1,4857.0,3,3,2,9.0,Relatively New,1584.0,0,0,0,0,0,2,75,"28.3979° N, 76.9736° E",28.3979,76.9736
flat,ss the leaf★,sector 85,1.22,1480.0,2,2,3,16.0,Relatively New,1300.0,0,0,1,0,0,2,81,"28.4042° N, 76.9513° E",28.4042,76.9513
flat,vipul lavanya★,sector 81,1.28,7175.0,3,3,3,1.0,Moderately Old,1784.0,0,1,0,1,0,1,49,"28.3867° N, 76.9485° E",28.3867,76.9485
flat,ss,sector 85,1.19,7121.0,2,2,3,11.0,Relatively New,1670.0,0,0,0,0,0,2,49,"28.4042° N, 76.9513° E",28.4042,76.9513
flat,ats tourmaline★,sector 109,2.1,8124.0,3,4,3+,11.0,Relatively New,2100.0,0,1,0,0,0,1,165,"28.5073° N, 77.0089° E",28.5073,77.0089
flat,ansal heights,sector 86,0.78,5735.0,2,2,2,8.0,New Property,1360.0,0,0,0,0,0,2,72,"28.3986° N, 76.9384° E",28.3986,76.9384
flat,vatika sovereign park,sector 99,3.2,9922.0,4,4,0,5.0,Under Construction,3225.0,0,0,0,0,0,2,23,"28.4640° N, 76.9614° E",28.464,76.9614
flat,pioneer araya★,sector 62,7.56,18000.0,4,4,3+,23.0,Relatively New,4200.0,0,1,0,1,0,1,87,"28.4139° N, 77.0886° E",28.4139,77.0886
flat,bestech altura,sector 79,1.72,8398.0,3,4,3,9.0,New Property,2048.0,0,0,0,0,0,2,49,"28.3624° N, 76.9787° E",28.3624,76.9787
flat,godrej frontier★,sector 80,1.1,5705.0,3,3,3,8.0,Moderately Old,1580.0,0,1,0,0,0,2,111,"28.3659° N, 76.9557° E",28.3659,76.9557
flat,emaar gurgaon greens★,sector 102,1.52,9212.0,3,3,3,7.0,Relatively New,1315.0,0,1,0,0,0,1,137,"28.4750° N, 76.9715° E",28.475,76.9715
flat,ats triumph★,sector 104,2.55,13077.0,4,4,3+,21.0,Relatively New,2509.0,0,1,0,0,0,2,150,"28.4788° N, 76.9960° E",28.4788,76.996
flat,ireo the grand arch★,sector 58,2.2,13480.0,2,2,1,5.0,Relatively New,1432.0,1,0,0,0,0,1,94,"28.4200° N, 77.1105° E",28.42,77.1105
flat,emaar mgf emerald floors premier★,sector 65,2.79,14127.0,4,4,3+,2.0,Relatively New,1975.0,1,1,0,0,0,0,174,"28.4030° N, 77.0690° E",28.403,77.069
flat,shri ram apartments,sector 12,0.36,421.0,2,2,1,4.0,Relatively New,8550.0,0,0,0,0,0,2,0,"28.4723° N, 77.0320° E",28.4723,77.032
flat,ramprastha the edge towers★,sector 37d,0.75,5319.0,2,2,3,19.0,Moderately Old,1410.0,0,0,0,0,0,2,0,"28.4478° N, 76.9703° E",28.4478,76.9703
flat,corona gracieux,sector 76,1.46,5499.0,4,6,3+,8.0,New Property,2398.0,0,1,0,0,0,2,58,"28.3935° N, 76.9888° E",28.3935,76.9888
flat,umang monsoon breeze,sector 78,0.95,5491.0,3,3,2,9.0,Relatively New,1730.0,0,0,0,0,0,1,65,"28.3733° N, 76.9729° E",28.3733,76.9729
flat,parsvnath green ville★,sector 48,3.3,9985.0,5,5,3+,4.0,Old Property,3305.0,0,1,0,0,0,2,71,"28.4177° N, 77.0359° E",28.4177,77.0359
flat,birla navya,sector 63a,2.1,16667.0,2,2,2,2.0,Under Construction,1260.0,0,0,0,0,0,2,38,"28.3923° N, 77.0888° E",28.3923,77.0888
flat,ireo the grand arch★,sector 58,3.83,21577.0,3,4,2,10.0,Relatively New,2000.0,1,1,0,0,0,1,174,"28.4200° N, 77.1105° E",28.42,77.1105
flat,dlf new town heights★,sector 91,1.75,7403.0,4,4,3+,9.0,Relatively New,2139.0,0,1,0,1,0,2,88,"28.4014° N, 76.9225° E",28.4014,76.9225
flat,bhawna cghs,sector 43,3.25,10156.0,4,4,3+,12.0,Moderately Old,3115.0,0,0,0,1,0,1,119,"28.4629° N, 77.0772° E",28.4629,77.0772
house,independent,sector 105,0.55,98.0,4,4,0,2.0,Relatively New,56122.0,0,0,0,0,0,2,0,"28.4952° N, 77.0114° E",28.4952,77.0114
flat,smart world gems,sector 89,1.2,8433.0,3,3,2,2.0,New Property,1022.0,0,0,0,0,0,2,45,"28.4253° N, 76.9439° E",28.4253,76.9439
flat,satya element one,sector 49,0.8,1235.0,1,1,1,0.0,Moderately Old,6480.0,0,0,0,0,0,2,0,"28.4121° N, 77.0480° E",28.4121,77.048
flat,ss the leaf★,sector 85,1.25,7180.0,2,2,2,16.0,Relatively New,1741.0,0,0,0,0,0,1,49,"28.4042° N, 76.9513° E",28.4042,76.9513
flat,spaze privvy the address★,sector 93,1.45,8033.0,3,4,2,12.0,Relatively New,1350.0,0,0,0,0,0,1,96,"28.4153° N, 76.9326° E",28.4153,76.9326
flat,emaar imperial gardens★,sector 102,1.91,9550.0,3,4,2,17.0,Relatively New,1587.0,1,1,0,0,0,1,152,"28.4750° N, 76.9715° E",28.475,76.9715
flat,ambience creacions,sector 22,4.8,19200.0,4,6,3+,10.0,New Property,2500.0,0,1,0,1,0,0,49,"28.5072° N, 77.0640° E",28.5072,77.064
flat,raheja vedaanta★,sector 108,1.5,5263.0,3,4,0,12.0,Relatively New,2850.0,0,0,0,0,0,2,0,"28.5134° N, 76.9830° E",28.5134,76.983
flat,bestech park view residency★,sector 2,1.51,7869.0,3,4,3+,7.0,Moderately Old,1738.0,0,1,0,0,0,1,84,"28.5095° N, 77.0320° E",28.5095,77.032
flat,kamroon court,sector 43,2.75,13750.0,3,4,3+,5.0,Moderately Old,2000.0,0,1,0,0,1,1,49,"28.4629° N, 77.0772° E",28.4629,77.0772
flat,imperia elvedor,sector 37c,0.55,913.0,1,1,0,5.0,Relatively New,6021.0,0,0,0,0,0,2,0,"28.4515° N, 76.9882° E",28.4515,76.9882
flat,mm golfestate★,sector 65,6.15,15999.0,3,5,3+,1.0,Relatively New,3844.0,0,1,0,0,0,0,49,"28.4030° N, 77.0690° E",28.403,77.069
flat,imt view society,manesar,0.95,3652.0,3,4,3,6.0,Moderately Old,2232.0,0,1,0,0,0,2,81,"28.3515° N, 76.9428° E",28.3515,76.9428
flat,signature global city,sector 37d,1.1,9839.0,2,2,2,4.0,Relatively New,1118.0,0,0,0,0,0,2,59,"28.4478° N, 76.9703° E",28.4478,76.9703
flat,lotus homz★,sector 111,0.6,939.0,2,2,3,9.0,New Property,6390.0,0,0,0,0,0,2,52,"28.5238° N, 77.0320° E",28.5238,77.032
flat,alpha corp gurgaonone ★,sector 84,1.49,7590.0,3,3,3,6.0,Relatively New,1833.0,0,1,0,0,0,2,28,"28.3979° N, 76.9736° E",28.3979,76.9736
flat,godrej habitat,sector 3,1.1,10407.0,2,2,2,14.0,Under Construction,956.0,0,0,0,0,0,2,60,"28.4909° N, 77.0176° E",28.4909,77.0176
flat,mm golfestate★,sector 65,5.0,16667.0,3,3,3,2.0,Relatively New,3245.0,0,1,0,0,0,1,174,"28.4030° N, 77.0690° E",28.403,77.069
flat,experion the heartsong★,sector 108,1.55,7738.0,3,3,3+,7.0,Relatively New,1750.0,0,1,0,1,0,1,174,"28.5134° N, 76.9830° E",28.5134,76.983
flat,satya the hermitage★,sector 103,1.12,5625.0,3,4,3+,9.0,New Property,1734.0,0,1,0,0,0,2,49,"28.4949° N, 76.9845° E",28.4949,76.9845
flat,ramsons kshitij★,sector 95,0.22,719.0,1,1,1,2.0,New Property,308.0,0,0,0,0,0,2,0,"28.4172° N, 76.9081° E",28.4172,76.9081
flat,ramprastha the edge towers★,sector 37d,0.98,5537.0,3,3,3+,5.0,Relatively New,1675.0,0,0,0,1,0,2,174,"28.4478° N, 76.9703° E",28.4478,76.9703
flat,uphaar homes,sector 105,0.45,526.0,3,2,1,1.0,Relatively New,8550.0,0,0,0,0,0,1,44,"28.4952° N, 77.0114° E",28.4952,77.0114
flat,ireo the grand arch★,sector 58,3.8,17560.0,3,4,1,19.0,Moderately Old,2164.0,0,1,0,0,0,1,167,"28.4200° N, 77.1105° E",28.42,77.1105
flat,umang winter hills★,sector 77,1.0,7502.0,2,2,2,3.0,New Property,1333.0,0,0,0,0,0,2,74,"28.3801° N, 76.9845° E",28.3801,76.9845
flat,paras dews,sector 106,1.1,9735.0,3,4,3+,8.0,Relatively New,1186.0,0,1,0,0,0,1,174,"28.5007° N, 77.0003° E",28.5007,77.0003
flat,saan verdante,sector 95,2.0,10178.0,3,4,3+,5.0,New Property,1964.0,0,1,0,0,0,2,49,"28.4172° N, 76.9081° E",28.4172,76.9081
flat,paras dews,sector 106,1.35,7297.0,4,4,3+,18.0,Relatively New,2100.0,0,1,0,1,0,1,174,"28.5007° N, 77.0003° E",28.5007,77.0003
flat,ansal heights,sector 86,1.3,4666.0,4,6,2,11.0,New Property,2521.0,0,1,0,0,1,2,86,"28.3986° N, 76.9384° E",28.3986,76.9384
flat,experion the heartsong★,sector 108,2.0,8554.0,3,3,3+,14.0,Relatively New,2116.0,0,1,0,0,0,2,95,"28.5134° N, 76.9830° E",28.5134,76.983
flat,suncity avenue,sector 76,0.55,825.0,2,2,2,9.0,Under Construction,6669.0,0,0,0,0,0,2,26,"28.3935° N, 76.9888° E",28.3935,76.9888
flat,godrej summit★,sector 104,0.82,1095.0,2,2,3,12.0,Relatively New,7488.0,1,0,0,0,0,2,120,"28.4788° N, 76.9960° E",28.4788,76.996
flat,dlf new town heights ★,sector 90,1.88,6894.0,4,4,3+,20.0,Relatively New,2726.0,0,1,0,1,0,2,145,"28.4085° N, 76.9369° E",28.4085,76.9369
flat,emaar mgf emerald floors premier★,sector 65,2.85,14430.0,4,4,3,2.0,Relatively New,1975.0,1,1,0,0,0,2,21,"28.4030° N, 77.0690° E",28.403,77.069
flat,ansal api esencia★,sector 67,1.2,7407.0,3,3,2,1.0,Relatively New,1620.0,0,0,0,0,0,2,0,"28.3859° N, 77.0608° E",28.3859,77.0608
flat,bestech spa signature,sector 81,4.4,12571.0,4,4,3+,6.0,New Property,3700.0,1,1,0,1,1,0,49,"28.3867° N, 76.9485° E",28.3867,76.9485
flat,mm soulitude,sector 89,1.42,9979.0,3,3,2,3.0,New Property,1423.0,0,0,0,0,0,2,15,"28.4253° N, 76.9439° E",28.4253,76.9439
flat,bestech park view grand spa★,sector 81,2.4,9023.0,3,4,3+,8.0,New Property,2407.0,1,1,0,0,0,1,167,"28.3867° N, 76.9485° E",28.3867,76.9485
flat,shapoorji pallonji joyville gurugram★,sector 102,1.75,15514.0,3,3,3+,1.0,Relatively New,1465.0,0,0,0,0,0,2,49,"28.4750° N, 76.9715° E",28.475,76.9715
flat,chd avenue ★,sector 71,1.25,6596.0,3,4,2,14.0,Relatively New,1577.0,1,1,0,1,1,0,128,"28.4104° N, 77.0281° E",28.4104,77.0281
flat,mapsko casa bella★,sector 82,3.0,6134.0,4,6,3+,25.0,Relatively New,4425.0,0,1,0,1,0,1,119,"28.3935° N, 76.9600° E",28.3935,76.96
flat,mm merlin★,sector 67,2.78,13581.0,3,3,3+,4.0,Relatively New,2047.0,0,0,0,1,0,1,157,"28.3859° N, 77.0608° E",28.3859,77.0608
flat,emaar mgf emerald floors premier★,sector 65,2.3,13939.0,3,4,3,3.0,Relatively New,1650.0,1,1,1,1,0,0,174,"28.4030° N, 77.0690° E",28.403,77.069
flat,ansal sushant lok ci,sector 43,2.0,15152.0,3,3,2,1.0,Old Property,1320.0,0,1,0,0,0,0,15,"28.4629° N, 77.0772° E",28.4629,77.0772
flat,mm skywalk,sector 74,2.7,13380.0,3,3,3,13.0,New Property,2018.0,0,0,1,0,0,2,92,"28.4158° N, 77.0118° E",28.4158,77.0118
flat,tulip violet★,sector 69,1.4,8872.0,3,3,2,11.0,Relatively New,1428.0,0,0,0,1,0,2,126,"28.3966° N, 77.0341° E",28.3966,77.0341
flat,ats kocoon,sector 109,1.75,10029.0,3,3,3,10.0,Relatively New,1550.0,0,0,0,1,0,1,49,"28.5073° N, 77.0089° E",28.5073,77.0089
flat,conscient heritage max★,sector 102,1.7,11333.0,3,4,3+,8.0,Relatively New,1700.0,0,1,0,1,0,1,174,"28.4750° N, 76.9715° E",28.475,76.9715
flat,umang monsoon breeze,sector 78,0.8,4837.0,3,2,2,7.0,Moderately Old,1472.0,0,0,0,1,0,2,102,"28.3733° N, 76.9729° E",28.3733,76.9729
flat,mm woodshire★,sector 107,0.9,6589.0,2,2,3+,10.0,Relatively New,1236.0,0,0,0,0,1,1,0,"28.5052° N, 76.9729° E",28.5052,76.9729
flat,the arzoo cghs,sector 51,2.1,9130.0,4,4,3,1.0,Relatively New,2300.0,0,0,0,0,0,2,58,"28.4320° N, 77.0686° E",28.432,77.0686
flat,dlf wellington estate★,sector 43,2.09,14615.0,3,3,2,11.0,Old Property,1294.0,0,0,0,0,0,1,79,"28.4629° N, 77.0772° E",28.4629,77.0772
flat,mm heights,sector 65,2.15,15003.0,2,2,3+,28.0,Relatively New,1433.0,0,0,0,0,0,2,0,"28.4030° N, 77.0690° E",28.403,77.069
flat,umang winter hills★,sector 77,0.71,5306.0,2,2,2,6.0,Relatively New,1057.0,1,0,0,0,0,2,108,"28.3801° N, 76.9845° E",28.3801,76.9845
flat,experion the heartsong★,sector 108,3.0,18394.0,4,5,3+,2.0,Relatively New,2204.25,0,1,0,0,0,0,149,"28.5134° N, 76.9830° E",28.5134,76.983
flat,dlf the primus★,sector 82a,2.2,10516.0,3,3,3+,16.0,Relatively New,1893.0,0,1,0,0,0,0,174,"28.3858° N, 76.9686° E",28.3858,76.9686
flat,signature global city a,sector 63a,1.65,15264.0,2,2,2,1.0,Under Construction,978.0,0,0,0,0,0,2,0,"28.3923° N, 77.0888° E",28.3923,77.0888
flat,shapoorji pallonji joyville gurugram★,sector 102,1.2,1618.0,2,2,3,0.0,Relatively New,1073.0,0,0,0,0,0,2,49,"28.4750° N, 76.9715° E",28.475,76.9715
flat,dlf regal gardens★,sector 90,1.3,7151.0,3,3,3+,7.0,Relatively New,1700.0,0,0,0,0,0,2,141,"28.4085° N, 76.9369° E",28.4085,76.9369
flat,mm golfestate★,sector 65,5.3,24212.0,3,3,3,38.0,Moderately Old,2506.0,0,1,0,0,0,0,49,"28.4030° N, 77.0690° E",28.403,77.069
flat,central park resorts★,sector 48,15.0,22388.0,5,6,3+,17.0,Relatively New,6700.0,1,1,0,1,0,0,45,"28.4177° N, 77.0359° E",28.4177,77.0359
flat,the lions cghs,sector 56,2.09,8708.0,4,4,3+,7.0,Relatively New,2300.0,0,0,0,0,1,1,125,"28.4245° N, 77.0991° E",28.4245,77.0991
flat,sare homes,sector 92,0.8,5253.0,3,3,3,7.0,Relatively New,1523.0,1,0,0,0,0,1,80,"28.4079° N, 76.9153° E",28.4079,76.9153
flat,emaar mgf emerald floors premier★,sector 65,2.5,15152.0,3,3,3,3.0,Relatively New,1493.0,1,1,0,0,0,2,15,"28.4030° N, 77.0690° E",28.403,77.069
flat,dlf regal gardens★,sector 90,1.23,7053.0,3,3,2,19.0,Relatively New,1578.0,0,0,0,0,1,2,6,"28.4085° N, 76.9369° E",28.4085,76.9369
flat,dlf the primus★,sector 82a,2.7,10481.0,4,4,3+,18.0,Moderately Old,2576.0,0,1,0,0,0,2,38,"28.3858° N, 76.9686° E",28.3858,76.9686
flat,lavanya apartments,sector 81,0.9,5056.0,3,3,0,7.0,Relatively New,1780.0,0,0,0,0,0,2,0,"28.3867° N, 76.9485° E",28.3867,76.9485
flat,chd avenue ★,sector 71,0.95,7930.0,2,2,2,5.0,Moderately Old,1084.0,0,0,0,0,0,1,142,"28.4104° N, 77.0281° E",28.4104,77.0281
flat,conscient heritage max★,sector 102,2.22,13875.0,3,4,3+,15.0,Relatively New,2000.0,1,1,0,0,0,2,82,"28.4750° N, 76.9715° E",28.475,76.9715
flat,signature the roselia★,sector 95,0.48,796.0,2,2,2,6.0,Relatively New,6030.0,0,0,0,0,0,2,16,"28.4172° N, 76.9081° E",28.4172,76.9081
flat,tulip violet★,sector 69,1.42,8999.0,3,3,2,8.0,Relatively New,1428.0,0,0,0,1,0,1,94,"28.3966° N, 77.0341° E",28.3966,77.0341
flat,tulip purple,sector 69,2.6,10833.0,4,4,3+,4.0,Moderately Old,2172.0,0,1,0,0,0,2,37,"28.3966° N, 77.0341° E",28.3966,77.0341
flat,ansal housing highland park,sector 103,2.0,7491.0,4,5,3+,14.0,New Property,2416.0,0,1,0,0,0,2,45,"28.4949° N, 76.9845° E",28.4949,76.9845
flat,spaze privy★,sector 72,3.1,6693.0,4,5,3+,8.0,Moderately Old,3374.0,1,1,1,1,0,2,136,"28.4225° N, 77.0211° E",28.4225,77.0211
flat,ss,sector 85,1.18,7169.0,2,2,3,4.0,Relatively New,1630.0,0,0,0,0,0,2,49,"28.4042° N, 76.9513° E",28.4042,76.9513
flat,rof aalayas★,sector 102,0.45,935.0,2,2,1,14.0,Relatively New,568.0,0,0,0,0,0,0,57,"28.4750° N, 76.9715° E",28.475,76.9715
flat,umang winter hills★,sector 77,1.05,5763.0,3,3,3,7.0,Relatively New,1600.0,0,0,0,0,0,2,49,"28.3801° N, 76.9845° E",28.3801,76.9845
flat,chd avenue ★,sector 71,1.2,7407.0,3,3,3,4.0,Relatively New,1466.0,0,0,0,0,1,1,49,"28.4104° N, 77.0281° E",28.4104,77.0281
flat,sapphire eighty three,sector 83,0.65,1032.0,1,1,0,6.0,Relatively New,6300.0,0,0,0,0,0,2,0,"28.3986° N, 76.9647° E",28.3986,76.9647
flat,shree vardhman flora★,sector 90,0.65,4815.0,2,2,3,6.0,Relatively New,1222.0,1,0,0,0,0,2,165,"28.4085° N, 76.9369° E",28.4085,76.9369
flat,spaze privy at★,sector 84,1.2,7453.0,2,2,3,3.0,Relatively New,1457.0,1,0,0,0,0,1,133,"28.3979° N, 76.9736° E",28.3979,76.9736
flat,awho shanti vihar★,sector 95,0.82,1098.0,2,2,3+,13.0,New Property,1095.0,1,0,0,0,0,2,114,"28.4172° N, 76.9081° E",28.4172,76.9081
flat,bptp terra★,sector 37d,1.98,9037.0,3,3,3+,12.0,New Property,1983.0,1,0,0,0,0,1,49,"28.4478° N, 76.9703° E",28.4478,76.9703
flat,shree vardhman victoria★,sector 70,1.8,9231.0,3,5,3,0.0,New Property,1950.0,0,0,0,0,0,2,72,"28.3968° N, 77.0233° E",28.3968,77.0233
flat,ats tourmaline★,sector 109,2.95,9365.0,4,5,3+,10.0,Relatively New,2851.0,0,1,0,0,0,2,101,"28.5073° N, 77.0089° E",28.5073,77.0089
flat,paras dews,sector 106,0.87,1028.0,2,2,3+,1.0,New Property,1120.0,0,0,0,0,0,2,174,"28.5007° N, 77.0003° E",28.5007,77.0003
flat,mm golfestate★,sector 65,6.15,18287.0,3,3,3,23.0,Moderately Old,3027.0,1,1,0,0,0,1,60,"28.4030° N, 77.0690° E",28.403,77.069
flat,smart world orchard,sector 61,1.6,13913.0,2,2,2,3.0,New Property,1150.0,1,0,0,0,0,2,122,"28.4050° N, 77.0963° E",28.405,77.0963
flat,hsiidc sidco aravali,manesar,0.86,3323.0,3,3,3+,3.0,Moderately Old,1900.0,0,1,0,0,0,2,81,"28.3515° N, 76.9428° E",28.3515,76.9428
flat,shree vardhman flora★,sector 90,0.92,4907.0,3,4,3,4.0,Relatively New,1493.0,0,1,0,0,0,2,116,"28.4085° N, 76.9369° E",28.4085,76.9369
flat,mapsko mount ville★,sector 79,1.65,9091.0,3,3,0,12.0,Relatively New,1815.0,0,0,0,0,0,2,0,"28.3624° N, 76.9787° E",28.3624,76.9787
flat,emaar mgf emerald floors premier★,sector 65,2.8,14177.0,4,4,3,2.0,Relatively New,1975.0,1,1,0,0,0,1,108,"28.4030° N, 77.0690° E",28.403,77.069
flat,signature global city,sector 81,0.8,1628.0,2,2,2,4.0,Under Construction,4914.0,1,0,0,0,0,2,36,"28.3867° N, 76.9485° E",28.3867,76.9485
flat,emaar palm heights,sector 77,2.1,10370.0,3,3,3,17.0,New Property,1833.0,1,1,0,0,0,2,8,"28.3801° N, 76.9845° E",28.3801,76.9845
flat,godrej ★,sector 79,1.91,8512.0,3,4,3+,7.0,Relatively New,2031.0,0,1,0,0,0,2,158,"28.3624° N, 76.9787° E",28.3624,76.9787
flat,suncity heights★,sector 54,3.85,16446.0,3,3,3+,8.0,Old Property,2119.0,0,1,0,0,0,2,67,"28.4348° N, 77.1089° E",28.4348,77.1089
flat,bestech park view ananda,sector 81,0.9,6618.0,2,2,3,8.0,New Property,1231.0,0,0,0,0,1,2,60,"28.3867° N, 76.9485° E",28.3867,76.9485
flat,indiabulls centrum park★,sector 103,2.45,8522.0,4,6,3,5.0,Relatively New,2602.0,0,1,0,0,0,2,38,"28.4949° N, 76.9845° E",28.4949,76.9845
flat,south city floors,sector 41,3.4,11724.0,4,4,3,0.0,Old Property,2900.0,0,0,0,0,0,2,0,"28.4557° N, 77.0632° E",28.4557,77.0632
flat,dlf the grove,sector 54,5.7,41245.0,3,3,3,1.0,Moderately Old,1382.0,0,0,0,0,0,2,46,"28.4348° N, 77.1089° E",28.4348,77.1089
flat,mm merlin★,sector 67,3.4,14419.0,3,4,3+,16.0,Relatively New,2134.0,0,1,0,0,0,1,158,"28.3859° N, 77.0608° E",28.3859,77.0608
flat,rwa,sector 7,0.48,667.0,3,2,1,1.0,New Property,7200.0,0,0,0,0,0,2,21,"28.4644° N, 77.0143° E",28.4644,77.0143
flat,bptp terra★,sector 37d,1.49,8107.0,3,3,3,20.0,Relatively New,1707.0,0,0,0,0,1,2,49,"28.4478° N, 76.9703° E",28.4478,76.9703
flat,umang winter hills★,sector 77,0.92,5049.0,3,3,3,17.0,Relatively New,1602.0,0,0,0,0,1,1,49,"28.3801° N, 76.9845° E",28.3801,76.9845
flat,alpha corp gurgaonone ★,sector 84,2.2,6407.0,4,4,3+,15.0,Relatively New,3108.0,0,1,0,0,0,2,97,"28.3979° N, 76.9736° E",28.3979,76.9736
house,ansal,sector 36,1.85,308.0,8,8,3+,5.0,Relatively New,60.0,0,0,0,0,0,2,53,"28.4160° N, 76.9914° E",28.416,76.9914
flat,the lions cghs,sector 56,2.05,7885.0,4,4,3+,6.0,Relatively New,2500.0,0,0,0,0,1,1,101,"28.4245° N, 77.0991° E",28.4245,77.0991
flat,green court★,sector 90,0.47,757.0,2,2,1,0.0,New Property,6210.0,0,0,0,0,0,2,49,"28.4085° N, 76.9369° E",28.4085,76.9369
flat,mm heights,sector 65,1.99,15794.0,2,2,2,26.0,Under Construction,1140.0,0,0,0,0,0,2,0,"28.4030° N, 77.0690° E",28.403,77.069
flat,tata primanti★,sector 72,4.0,16032.0,4,5,3+,22.0,Relatively New,2701.0,0,1,0,0,0,1,174,"28.4225° N, 77.0211° E",28.4225,77.0211
flat,chd avenue ★,sector 71,1.1,6104.0,3,4,3,3.0,Moderately Old,1631.0,0,1,0,0,0,2,26,"28.4104° N, 77.0281° E",28.4104,77.0281
flat,emaar palm gardens★,sector 83,1.8,9474.0,3,3,3+,9.0,Relatively New,1719.0,0,0,0,0,0,2,0,"28.3986° N, 76.9647° E",28.3986,76.9647
flat,siddhartha apartment,sector 95,1.1,4327.0,4,3,3,9.0,Relatively New,2542.0,0,1,0,0,1,2,22,"28.4172° N, 76.9081° E",28.4172,76.9081
flat,maxworth city residences,sector 10a,0.8,6400.0,2,3,2,9.0,New Property,1250.0,0,0,0,0,0,2,46,"28.4469° N, 77.0106° E",28.4469,77.0106
flat,viridian the plaza,sector 106,0.39,619.0,1,1,1,7.0,Relatively New,567.0,0,0,0,0,0,2,130,"28.5007° N, 77.0003° E",28.5007,77.0003
flat,tulip violet★,sector 69,1.7,8458.0,4,4,2,1.0,Relatively New,1819.0,0,0,0,0,0,2,126,"28.3966° N, 77.0341° E",28.3966,77.0341
flat,ireo uptown★,sector 66,1.5,11219.0,2,3,3,1.0,Relatively New,1330.0,0,1,0,0,1,1,79,"28.3925° N, 77.0541° E",28.3925,77.0541
flat,dlf the arbour,sector 63,7.8,19747.0,4,4,0,6.0,New Property,3950.0,0,0,0,0,0,2,61,"28.3971° N, 77.0867° E",28.3971,77.0867
flat,dlf the ultima★,sector 81,2.45,11492.0,3,3,2,9.0,Relatively New,1800.0,0,1,0,0,0,1,174,"28.3867° N, 76.9485° E",28.3867,76.9485
flat,spectrum centre,sector 82a,0.62,1060.0,1,1,0,6.0,Relatively New,5850.0,0,0,0,0,0,2,0,"28.3858° N, 76.9686° E",28.3858,76.9686
flat,elan mercado,sector 80,0.85,1379.0,1,1,1,15.0,Relatively New,6165.0,0,0,0,0,0,2,60,"28.3659° N, 76.9557° E",28.3659,76.9557
flat,sare petioles,sector 92,1.3,6373.0,4,4,0,7.0,Relatively New,2040.0,0,0,0,0,0,2,0,"28.4079° N, 76.9153° E",28.4079,76.9153
flat,apna enclave,sector 3,0.58,678.0,2,2,2,2.0,Old Property,900.0,0,0,0,0,0,2,66,"28.4909° N, 77.0176° E",28.4909,77.0176
flat,tulip petals★,sector 89,1.55,10000.0,3,2,3,6.0,Moderately Old,1403.0,0,0,1,0,0,1,111,"28.4253° N, 76.9439° E",28.4253,76.9439
flat,sidhartha ncr one,sector 95,0.56,4106.0,2,2,2,10.0,Relatively New,1333.0,0,0,0,0,0,2,0,"28.4172° N, 76.9081° E",28.4172,76.9081
flat,bestech park view spa next★,sector 67,3.32,12600.0,4,5,3+,12.0,Moderately Old,2385.0,0,1,0,0,0,1,174,"28.3859° N, 77.0608° E",28.3859,77.0608
flat,ats triumph★,sector 104,1.95,8515.0,3,3,3+,3.0,New Property,2290.0,0,1,0,0,0,2,69,"28.4788° N, 76.9960° E",28.4788,76.996
flat,sbtl caladium,sector 109,1.8,7073.0,3,3,3+,10.0,Relatively New,2000.0,0,0,0,0,0,2,174,"28.5073° N, 77.0089° E",28.5073,77.0089
flat,om appartments,sector 12,0.4,494.0,3,2,1,3.0,Relatively New,8100.0,0,0,0,0,0,2,7,"28.4723° N, 77.0320° E",28.4723,77.032
flat,lotus homz★,sector 111,0.7,1117.0,2,2,2,8.0,Relatively New,6264.0,0,0,0,0,0,2,68,"28.5238° N, 77.0320° E",28.5238,77.032
house,shree krishna homes,sector 104,0.48,50.0,2,2,1,1.0,New Property,795.0,1,0,0,1,1,2,44,"28.4788° N, 76.9960° E",28.4788,76.996
flat,today callidora,sector 73,1.0,7692.0,2,2,2,13.0,New Property,1300.0,0,0,0,0,0,2,0,"28.4072° N, 77.0118° E",28.4072,77.0118
flat,shree vardhman victoria★,sector 70,1.5,7692.0,3,5,3,7.0,Relatively New,1527.0,0,1,0,0,0,1,174,"28.3968° N, 77.0233° E",28.3968,77.0233
flat,experion the heartsong★,sector 108,1.02,7950.0,2,3,3,4.0,Relatively New,816.0,1,0,0,0,0,2,112,"28.5134° N, 76.9830° E",28.5134,76.983
flat,shree vardhman victoria★,sector 70,1.66,14249.0,3,5,3,8.0,Relatively New,1527.0,0,1,0,0,0,2,108,"28.3968° N, 77.0233° E",28.3968,77.0233
flat,signature global grand iva★,sector 103,0.3,921.0,1,2,2,5.0,New Property,3258.0,0,0,0,0,0,2,37,"28.4949° N, 76.9845° E",28.4949,76.9845
flat,experion windchants★,sector 112,5.6,11530.0,4,6,3+,15.0,Moderately Old,3662.34,0,1,0,0,0,1,157,"28.5189° N, 77.0183° E",28.5189,77.0183
flat,tata primanti★,sector 72,3.5,11427.0,4,5,3+,16.0,Relatively New,3063.0,0,1,0,0,1,2,31,"28.4225° N, 77.0211° E",28.4225,77.0211
flat,bestech park view residency★,sector 2,1.55,8073.0,3,4,3+,10.0,Moderately Old,1738.0,0,1,0,0,0,2,100,"28.5095° N, 77.0320° E",28.5095,77.032
flat,emaar gurgaon greens★,sector 102,1.4,8485.0,3,3,3,3.0,Relatively New,1315.0,0,1,0,0,0,2,60,"28.4750° N, 76.9715° E",28.475,76.9715
flat,suposhaa smartworld orchard,sector 61,2.25,14526.0,3,3,2,3.0,Under Construction,1549.0,0,0,0,0,0,2,0,"28.4050° N, 77.0963° E",28.405,77.0963
flat,tulip violet★,sector 69,1.68,10072.0,3,3,2,0.0,Relatively New,1510.0,0,0,0,0,0,2,157,"28.3966° N, 77.0341° E",28.3966,77.0341
flat,tulip violet★,sector 69,1.75,9459.0,3,4,2,0.0,Relatively New,1850.0,0,0,0,0,0,1,174,"28.3966° N, 77.0341° E",28.3966,77.0341
flat,shree vardhman victoria★,sector 70,1.1,8462.0,2,2,2,0.0,New Property,1026.0,1,0,0,0,0,2,49,"28.3968° N, 77.0233° E",28.3968,77.0233
flat,sare crescent parc★,sector 92,1.0,4778.0,4,4,3,9.0,Relatively New,2093.0,0,0,0,0,0,2,0,"28.4079° N, 76.9153° E",28.4079,76.9153
flat,indiabulls enigma,sector 110,3.45,10147.0,4,4,3,9.0,Moderately Old,3077.0,0,1,0,0,0,1,125,"28.5145° N, 77.0197° E",28.5145,77.0197
flat,awho sispal vihar★,sector 49,2.0,7262.0,4,3,3+,4.0,Old Property,2492.0,0,0,0,0,0,2,65,"28.4121° N, 77.0480° E",28.4121,77.048
flat,unitech vistas,sector 70,0.53,4801.0,2,2,2,9.0,Under Construction,991.0,0,0,0,0,1,2,24,"28.3968° N, 77.0233° E",28.3968,77.0233
flat,ambience creacions,sector 22,2.0,14493.0,2,2,2,9.0,Relatively New,1380.0,0,0,0,0,0,2,49,"28.5072° N, 77.0640° E",28.5072,77.064
flat,shree vardhman victoria★,sector 70,1.75,8974.0,3,4,2,16.0,Relatively New,1950.0,0,1,0,1,0,2,49,"28.3968° N, 77.0233° E",28.3968,77.0233
flat,dlf new town heights ★,sector 90,1.6,6768.0,4,4,3+,10.0,Relatively New,2139.0,0,1,0,1,0,2,88,"28.4085° N, 76.9369° E",28.4085,76.9369
flat,chanderlok society,sector 28,0.9,7235.0,4,2,3+,1.0,Old Property,1244.0,0,0,0,0,0,2,0,"28.4728° N, 77.0865° E",28.4728,77.0865
flat,pareena coban residences,sector 99a,1.05,6774.0,2,2,3,2.0,Relatively New,1390.0,1,0,0,0,0,2,49,"28.4561° N, 76.9542° E",28.4561,76.9542
flat,parsvnath green ville★,sector 48,1.5,8787.0,3,3,3,1.0,Old Property,1600.0,0,0,0,0,0,1,128,"28.4177° N, 77.0359° E",28.4177,77.0359
flat,tulip violet★,sector 69,1.32,8413.0,3,3,1,12.0,Relatively New,1419.0,0,0,0,1,0,2,86,"28.3966° N, 77.0341° E",28.3966,77.0341
flat,pareena laxmi apartments★,sector 99a,0.3,603.0,2,1,2,5.0,New Property,511.0,0,0,0,0,0,2,66,"28.4561° N, 76.9542° E",28.4561,76.9542
flat,bestech park view city★,sector 48,1.78,10023.0,3,4,2,5.0,Relatively New,1526.0,1,0,0,1,0,2,53,"28.4177° N, 77.0359° E",28.4177,77.0359
flat,microtek greenburg★,sector 86,1.65,8707.0,3,4,3,8.0,Relatively New,1715.0,0,1,0,0,0,2,124,"28.3986° N, 76.9384° E",28.3986,76.9384
flat,ireo victory valley★,sector 67,2.99,11832.0,3,3,3,4.0,Relatively New,2200.0,0,1,0,0,0,1,37,"28.3859° N, 77.0608° E",28.3859,77.0608
flat,supertech araville,sector 79,0.83,5425.0,2,2,3,5.0,New Property,1530.0,1,0,0,0,0,0,49,"28.3624° N, 76.9787° E",28.3624,76.9787
flat,emaar mgf emerald floors premier★,sector 65,2.8,16970.0,4,4,3,2.0,Relatively New,1650.0,1,0,0,0,0,1,89,"28.4030° N, 77.0690° E",28.403,77.069
flat,vatika emilia floors★,sector 83,0.6,5714.0,2,2,2,1.0,Relatively New,990.0,0,0,0,0,0,1,167,"28.3986° N, 76.9647° E",28.3986,76.9647
flat,zara aavaas,sector 104,0.2,738.0,1,2,2,3.0,New Property,2709.0,0,0,0,0,0,2,67,"28.4788° N, 76.9960° E",28.4788,76.996
flat,mm woodshire★,sector 107,1.4,5930.0,3,4,3+,6.0,Relatively New,2137.0,0,1,0,0,0,2,117,"28.5052° N, 76.9729° E",28.5052,76.9729
flat,smart world gems,sector 89,1.13,8503.0,3,3,2,4.0,Under Construction,1329.0,1,0,0,0,0,2,115,"28.4253° N, 76.9439° E",28.4253,76.9439
flat,green campus chs,manesar,0.9,3935.0,3,3,3+,6.0,Moderately Old,2070.0,0,1,0,0,0,2,5,"28.3515° N, 76.9428° E",28.3515,76.9428
flat,unitech heritage city,sector 7,4.26,13108.0,4,4,0,9.0,Relatively New,3250.0,0,0,0,0,0,2,0,"28.4644° N, 77.0143° E",28.4644,77.0143
flat,umang monsoon breeze,sector 78,1.25,5000.0,4,4,3,2.0,Relatively New,2300.0,0,1,0,1,1,2,57,"28.3733° N, 76.9729° E",28.3733,76.9729
flat,tulip ivory★,sector 70,2.35,9792.0,4,4,3+,10.0,Moderately Old,2400.0,0,1,0,0,0,1,65,"28.3968° N, 77.0233° E",28.3968,77.0233
flat,bestech spa signature,sector 81,4.45,10595.0,4,4,3+,8.0,Relatively New,3850.0,1,1,0,1,1,1,49,"28.3867° N, 76.9485° E",28.3867,76.9485
flat,ansals highland park,sector 12,1.2,6186.0,3,3,3+,4.0,Under Construction,1940.0,0,1,0,0,0,2,0,"28.4723° N, 77.0320° E",28.4723,77.032
flat,tulip violet★,sector 69,1.9,9453.0,4,4,2,6.0,Relatively New,1743.0,0,0,1,0,0,2,174,"28.3966° N, 77.0341° E",28.3966,77.0341
flat,sare crescent parc royal greens phase,sector 92,1.25,5833.0,4,4,3,20.0,Relatively New,1939.0,0,1,0,0,0,2,60,"28.4079° N, 76.9153° E",28.4079,76.9153
flat,vatika city homes★,sector 83,1.05,8571.0,3,3,3,8.0,Moderately Old,1468.0,0,0,0,1,0,1,103,"28.3986° N, 76.9647° E",28.3986,76.9647
flat,shri ram apartments,sector 12,0.46,568.0,2,2,1,1.0,Relatively New,8100.0,0,0,0,0,0,1,69,"28.4723° N, 77.0320° E",28.4723,77.032
flat,smart world orchard,sector 61,2.2,14203.0,3,3,2,4.0,New Property,1549.0,0,0,0,0,0,2,152,"28.4050° N, 77.0963° E",28.405,77.0963
flat,smriti apartment,sector 56,0.52,1184.0,1,1,1,1.0,Old Property,475.0,0,0,0,0,0,2,34,"28.4245° N, 77.0991° E",28.4245,77.0991
flat,orchid petals★,sector 49,2.35,11559.0,3,3,3,15.0,Relatively New,2030.0,0,0,0,0,1,2,49,"28.4121° N, 77.0480° E",28.4121,77.048
flat,smart world gems,sector 89,0.97,8794.0,2,2,3+,2.0,New Property,1103.0,0,0,0,0,0,2,49,"28.4253° N, 76.9439° E",28.4253,76.9439
flat,emaar palm gardens★,sector 83,1.8,9474.0,3,3,3,6.0,Relatively New,1549.0,0,1,0,0,0,1,97,"28.3986° N, 76.9647° E",28.3986,76.9647
flat,sbr apartment,manesar,0.68,4456.0,3,3,3,2.0,Moderately Old,1526.0,0,0,0,0,0,2,0,"28.3515° N, 76.9428° E",28.3515,76.9428
flat,maa bhagwati residency,sector 7,0.45,556.0,2,2,1,4.0,Relatively New,8100.0,0,0,0,0,0,2,28,"28.4644° N, 77.0143° E",28.4644,77.0143
flat,la vida by tata housing,sector 113,1.55,11654.0,2,2,3,2.0,New Property,1276.0,0,0,0,0,0,2,174,"28.5287° N, 77.0233° E",28.5287,77.0233
flat,ansal heights,sector 86,0.9,5325.0,3,3,2,10.0,New Property,1690.0,0,0,0,0,0,2,29,"28.3986° N, 76.9384° E",28.3986,76.9384
flat,signature global solera★,sector 107,0.52,896.0,3,2,2,5.0,Relatively New,5805.0,0,0,0,0,1,2,15,"28.5052° N, 76.9729° E",28.5052,76.9729
flat,orris carnation residency★,sector 85,0.72,4881.0,3,3,2,9.0,Moderately Old,1350.0,0,0,0,0,1,2,49,"28.4042° N, 76.9513° E",28.4042,76.9513
flat,housing board colony,sector 51,0.3,4630.0,1,1,0,0.0,Moderately Old,648.0,1,0,0,0,0,2,15,"28.4320° N, 77.0686° E",28.432,77.0686
flat,vatika city★,sector 49,1.79,12786.0,3,3,3,9.0,Old Property,1400.0,0,1,0,0,0,2,38,"28.4121° N, 77.0480° E",28.4121,77.048
flat,satya element one,sector 49,0.87,2148.0,1,1,1,2.0,Relatively New,4050.0,0,0,0,0,0,2,22,"28.4121° N, 77.0480° E",28.4121,77.048
flat,prime habitat,sector 99a,0.26,527.0,2,2,1,6.0,Relatively New,4932.0,0,0,0,0,1,2,79,"28.4561° N, 76.9542° E",28.4561,76.9542
flat,orchid petals★,sector 49,2.38,11498.0,3,4,3,1.0,Relatively New,2061.0,1,0,0,0,0,2,49,"28.4121° N, 77.0480° E",28.4121,77.048
flat,bptp terra★,sector 37d,1.45,8007.0,3,3,3,9.0,Relatively New,1639.0,0,0,0,0,0,2,107,"28.4478° N, 76.9703° E",28.4478,76.9703
flat,professional society,manesar,0.75,3067.0,3,4,3,3.0,Relatively New,2445.0,0,1,0,0,0,2,21,"28.3515° N, 76.9428° E",28.3515,76.9428
flat,supertech hilltown,sector 2,0.8,5556.0,3,2,3,8.0,Moderately Old,1200.0,0,0,0,0,0,2,0,"28.5095° N, 77.0320° E",28.5095,77.032
flat,cghs airport apartment,sector 47,1.65,7857.0,3,3,3,1.0,Old Property,1906.0,0,0,0,0,1,1,136,"28.4276° N, 77.0492° E",28.4276,77.0492
flat,adani brahma samsara vilasa,sector 63,3.25,29545.0,3,3,3,4.0,New Property,1100.0,0,0,0,0,1,2,41,"28.3971° N, 77.0867° E",28.3971,77.0867
flat,mapsko mount ville★,sector 79,1.3,8025.0,3,3,2,6.0,Relatively New,1215.0,1,0,0,1,0,2,151,"28.3624° N, 76.9787° E",28.3624,76.9787
flat,shree vardhman flora★,sector 90,0.65,5000.0,2,2,2,12.0,Old Property,1176.0,1,0,0,0,0,2,103,"28.4085° N, 76.9369° E",28.4085,76.9369
flat,mapsko mount ville★,sector 79,1.85,9640.0,3,4,3,21.0,New Property,1643.0,0,1,0,1,0,2,49,"28.3624° N, 76.9787° E",28.3624,76.9787
flat,ss the leaf★,sector 85,1.58,7715.0,3,4,3,8.0,Relatively New,2227.0,0,1,0,0,0,2,159,"28.4042° N, 76.9513° E",28.4042,76.9513
flat,dlf the skycourt★,sector 86,1.5,7776.0,3,3,1,15.0,Relatively New,1550.0,0,0,0,0,0,2,159,"28.3986° N, 76.9384° E",28.3986,76.9384
flat,conscient heritage max★,sector 102,1.9,9784.0,3,4,3+,20.0,Relatively New,1757.0,0,1,0,0,0,2,165,"28.4750° N, 76.9715° E",28.475,76.9715
flat,tarc maceo★,sector 91,0.87,6641.0,2,2,2,9.0,Relatively New,1148.0,0,0,1,0,0,2,78,"28.4014° N, 76.9225° E",28.4014,76.9225
flat,emaar palm heights,sector 77,1.75,11667.0,3,3,3+,11.0,Relatively New,1900.0,0,1,0,0,0,2,94,"28.3801° N, 76.9845° E",28.3801,76.9845
flat,rk tower,sector 2,0.95,1066.0,2,2,1,1.0,Relatively New,8910.0,0,0,0,0,0,2,99,"28.5095° N, 77.0320° E",28.5095,77.032
flat,mm skywalk,sector 74,2.25,13636.0,3,3,2,9.0,Relatively New,1938.0,0,1,0,0,0,1,174,"28.4158° N, 77.0118° E",28.4158,77.0118
flat,signature global solera★,sector 107,0.6,889.0,3,2,2,8.0,Relatively New,722.0,0,0,0,0,0,2,0,"28.5052° N, 76.9729° E",28.5052,76.9729
flat,tulip violet★,sector 69,1.68,8350.0,4,4,2,1.0,Relatively New,1819.0,0,0,0,1,0,2,102,"28.3966° N, 77.0341° E",28.3966,77.0341
flat,city shri ram apartments,sector 110,0.22,407.0,2,1,1,1.0,Relatively New,543.0,0,0,0,0,0,2,0,"28.5145° N, 77.0197° E",28.5145,77.0197
flat,millenium bajrang society★,sector 43,2.5,9434.0,4,4,3+,2.0,Relatively New,2398.0,0,0,0,0,0,1,94,"28.4629° N, 77.0772° E",28.4629,77.0772
flat,signature global solera★,sector 107,0.37,750.0,2,2,1,10.0,Relatively New,496.0,0,0,0,0,0,2,73,"28.5052° N, 76.9729° E",28.5052,76.9729
flat,ireo the corridors,sector 67a,1.4,9434.0,2,2,2,8.0,Relatively New,1149.0,1,0,0,0,1,2,90,"28.3960° N, 77.0372° E",28.396,77.0372
flat,ss the leaf★,sector 85,2.2,6934.0,4,5,3+,4.0,Relatively New,2545.0,0,0,0,0,0,2,106,"28.4042° N, 76.9513° E",28.4042,76.9513
flat,dlf the ultima★,sector 81,2.5,11726.0,3,3,2,20.0,Relatively New,1700.0,0,1,0,0,0,0,174,"28.3867° N, 76.9485° E",28.3867,76.9485
flat,godrej summit★,sector 104,1.75,7530.0,4,5,3+,1.0,New Property,2324.0,0,1,0,0,0,2,60,"28.4788° N, 76.9960° E",28.4788,76.996
flat,emaar digihomes,sector 62,4.0,14870.0,3,3,3,18.0,New Property,2343.0,0,1,0,0,0,1,38,"28.4139° N, 77.0886° E",28.4139,77.0886
flat,puri diplomatic greens★,sector 111,3.5,11864.0,4,5,3+,10.0,Relatively New,2700.0,0,1,0,0,0,1,49,"28.5238° N, 77.0320° E",28.5238,77.032
flat,orris aster court premier,sector 85,1.45,6840.0,3,4,2,3.0,New Property,1616.0,0,1,0,0,0,2,16,"28.4042° N, 76.9513° E",28.4042,76.9513
flat,pareena coban residences,sector 99a,1.23,6159.0,3,5,3,5.0,Relatively New,1807.0,0,1,0,0,0,2,99,"28.4561° N, 76.9542° E",28.4561,76.9542
flat,godrej meridien,sector 106,3.2,16000.0,3,3,3+,6.0,Under Construction,2000.0,0,1,0,0,0,2,49,"28.5007° N, 77.0003° E",28.5007,77.0003
flat,godrej ★,sector 79,1.35,8970.0,3,3,2,7.0,Relatively New,1362.0,0,0,0,0,0,2,118,"28.3624° N, 76.9787° E",28.3624,76.9787
flat,emaar mgf emerald floors premier★,sector 65,2.9,14684.0,4,4,3+,4.0,Relatively New,1975.0,1,1,0,0,0,1,152,"28.4030° N, 77.0690° E",28.403,77.069
flat,mm capital,sector 113,2.57,15576.0,4,5,3+,25.0,Under Construction,1650.0,1,0,0,0,0,1,79,"28.5287° N, 77.0233° E",28.5287,77.0233
flat,whiteland blissville,sector 76,1.92,11794.0,3,3,2,3.0,Under Construction,1628.0,0,0,0,0,0,2,61,"28.3935° N, 76.9888° E",28.3935,76.9888
flat,dlf regency park ★,sector 28,1.91,16609.0,2,2,2,11.0,New Property,1150.0,0,0,0,0,0,0,98,"28.4728° N, 77.0865° E",28.4728,77.0865
flat,wings apartment,sector 9,1.2,6667.0,4,3,2,4.0,Moderately Old,1800.0,0,0,0,0,0,1,23,"28.4603° N, 77.0000° E",28.4603,77.0
flat,signature global rosellia,sector 95,0.45,973.0,2,2,2,14.0,New Property,4626.0,0,0,0,0,0,2,24,"28.4172° N, 76.9081° E",28.4172,76.9081
flat,ireo the corridors,sector 67a,1.8,14658.0,3,3,3,6.0,New Property,1551.0,0,1,1,0,0,1,150,"28.3960° N, 77.0372° E",28.396,77.0372
flat,adani mk oyster grande★,sector 102,1.9,9104.0,3,4,3,8.0,Relatively New,1710.0,0,1,0,0,0,2,165,"28.4750° N, 76.9715° E",28.475,76.9715
flat,vatika xpressions,sector 88b,0.92,7360.0,2,2,2,3.0,Relatively New,1300.0,0,0,0,1,0,2,174,"28.4446° N, 76.9542° E",28.4446,76.9542
flat,ss the leaf★,sector 85,2.7,7754.0,4,4,3+,23.0,New Property,3151.0,0,0,0,0,0,2,21,"28.4042° N, 76.9513° E",28.4042,76.9513
flat,ats triumph★,sector 104,1.83,7991.0,3,4,3+,10.0,Relatively New,2000.0,0,1,0,0,0,2,165,"28.4788° N, 76.9960° E",28.4788,76.996
flat,vipul lavanya★,sector 81,0.6,741.0,2,2,1,0.0,Relatively New,8100.0,0,0,0,0,0,2,49,"28.3867° N, 76.9485° E",28.3867,76.9485
flat,indiabulls centrum park★,sector 103,2.2,7652.0,4,6,3+,4.0,Relatively New,2602.0,0,1,0,0,0,1,108,"28.4949° N, 76.9845° E",28.4949,76.9845
flat,dlf the ultima★,sector 81,3.25,11805.0,4,4,3+,11.0,Moderately Old,2491.0,0,1,0,0,0,2,28,"28.3867° N, 76.9485° E",28.3867,76.9485
flat,smart world orchard,sector 61,2.5,16139.0,3,3,1,1.0,Under Construction,1549.0,0,0,0,0,0,2,61,"28.4050° N, 77.0963° E",28.405,77.0963
flat,kiran residency,sector 56,1.55,6889.0,3,3,3+,5.0,Moderately Old,1900.0,0,1,0,1,0,1,92,"28.4245° N, 77.0991° E",28.4245,77.0991
flat,paras dews,sector 106,1.25,7102.0,3,4,3+,5.0,Relatively New,1186.0,0,1,0,0,0,2,165,"28.5007° N, 77.0003° E",28.5007,77.0003
flat,ats triumph★,sector 104,1.85,8079.0,3,4,3+,14.0,Relatively New,2072.0,1,1,1,1,0,2,117,"28.4788° N, 76.9960° E",28.4788,76.996
flat,shree vardhman victoria★,sector 70,1.78,9128.0,3,3,3+,7.0,Relatively New,1765.0,0,1,0,0,1,2,49,"28.3968° N, 77.0233° E",28.3968,77.0233
flat,raheja vanya,sector 99a,0.85,6789.0,2,2,2,3.0,New Property,1133.0,0,0,0,0,0,2,43,"28.4561° N, 76.9542° E",28.4561,76.9542
flat,smart world orchard,sector 61,2.6,14723.0,3,3,2,2.0,New Property,1766.0,0,0,0,0,0,2,47,"28.4050° N, 77.0963° E",28.405,77.0963
flat,sare green parc phase,sector 92,0.75,7143.0,3,2,2,3.0,New Property,1298.0,0,0,0,0,0,2,121,"28.4079° N, 76.9153° E",28.4079,76.9153
flat,la vida by tata housing,sector 113,1.93,12223.0,3,3,2,8.0,Under Construction,1429.0,0,0,0,0,0,2,71,"28.5287° N, 77.0233° E",28.5287,77.0233
flat,mm soulitude,sector 89,1.25,8784.0,3,3,3,3.0,New Property,1288.0,1,0,0,0,1,2,0,"28.4253° N, 76.9439° E",28.4253,76.9439
flat,whiteland the aspen,sector 76,3.35,17613.0,3,4,3+,5.0,Under Construction,1902.0,0,1,0,0,0,0,151,"28.3935° N, 76.9888° E",28.3935,76.9888
flat,chd avenue ★,sector 71,1.1,6790.0,3,3,3,11.0,Relatively New,1466.0,0,0,0,0,1,2,72,"28.4104° N, 77.0281° E",28.4104,77.0281
flat,vatika lifestyle homes★,sector 83,1.05,5983.0,3,3,2,14.0,Relatively New,1588.0,1,1,1,1,0,1,174,"28.3986° N, 76.9647° E",28.3986,76.9647
flat,ireo skyon★,sector 60,3.75,13393.0,4,5,3,15.0,Relatively New,2534.0,0,1,0,0,0,2,167,"28.4003° N, 77.0975° E",28.4003,77.0975
flat,tata primanti★,sector 72,4.1,14099.0,4,5,3+,39.0,New Property,2629.0,0,1,0,0,1,2,103,"28.4225° N, 77.0211° E",28.4225,77.0211
flat,conscient habitat★,sector 99a,0.35,714.0,2,2,1,3.0,Relatively New,4905.0,0,0,0,0,0,2,62,"28.4561° N, 76.9542° E",28.4561,76.9542
flat,puri emerald bay★,sector 104,2.3,9388.0,3,4,3+,10.0,Moderately Old,2217.0,0,1,0,0,0,2,101,"28.4788° N, 76.9960° E",28.4788,76.996
flat,sobha smriti apartments,sector 56,0.5,926.0,1,1,2,3.0,Old Property,5400.0,0,0,0,0,0,2,0,"28.4245° N, 77.0991° E",28.4245,77.0991
flat,corona optus★,sector 37c,1.25,8929.0,3,3,3,2.0,Relatively New,1563.0,1,0,0,0,0,2,49,"28.4515° N, 76.9882° E",28.4515,76.9882
flat,shree vardhman flora★,sector 90,0.75,5769.0,2,2,3,8.0,Relatively New,1300.0,0,0,0,0,0,2,0,"28.4085° N, 76.9369° E",28.4085,76.9369
flat,dlf belvedere towers★,sector 25,3.7,17619.0,4,4,3,18.0,Old Property,2100.0,0,1,0,0,0,1,26,"28.4844° N, 77.0860° E",28.4844,77.086
flat,dnha cghs,sector 1,0.85,3864.0,3,3,0,5.0,Moderately Old,2200.0,0,0,0,0,0,2,0,"28.3663° N, 76.9456° E",28.3663,76.9456
flat,guru gram haryana cghs★,sector 56,1.39,8424.0,3,2,3,6.0,Old Property,1750.0,0,1,0,1,0,1,89,"28.4245° N, 77.0991° E",28.4245,77.0991
house,secter a daultabad faridabad house no,sector 103,0.48,60.0,2,2,0,2.0,Relatively New,80.0,0,0,0,0,0,2,16,"28.4949° N, 76.9845° E",28.4949,76.9845
flat,shree vardhman flora★,sector 90,0.7,5178.0,2,3,2,7.0,Relatively New,1352.0,1,0,0,0,0,1,49,"28.4085° N, 76.9369° E",28.4085,76.9369
flat,sahara grace,sector 28,5.5,14612.0,4,5,3+,5.0,Moderately Old,3406.0,0,1,0,0,1,1,8,"28.4728° N, 77.0865° E",28.4728,77.0865
flat,conscient habitat★,sector 99a,0.27,622.0,2,2,1,8.0,Relatively New,4338.0,0,0,0,0,1,2,49,"28.4561° N, 76.9542° E",28.4561,76.9542
flat,indiabulls centrum park★,sector 103,1.05,5859.0,2,2,3,1.0,Relatively New,1000.0,0,0,0,0,0,1,0,"28.4949° N, 76.9845° E",28.4949,76.9845
flat,the close south★,sector 50,3.1,12445.0,3,4,3+,4.0,Moderately Old,2450.0,0,1,0,0,0,1,165,"28.4178° N, 77.0628° E",28.4178,77.0628
flat,paras dews,sector 106,1.0,7220.0,2,2,3+,2.0,New Property,940.0,0,0,0,0,0,1,21,"28.5007° N, 77.0003° E",28.5007,77.0003
flat,pyramid urban homes,sector 86,0.43,954.0,2,2,1,6.0,New Property,4509.0,1,0,0,0,0,2,92,"28.3986° N, 76.9384° E",28.3986,76.9384
flat,raheja navodaya★,sector 92,0.85,5407.0,3,3,0,0.0,Relatively New,1423.0,0,0,0,0,0,2,88,"28.4079° N, 76.9153° E",28.4079,76.9153
flat,adani mk oyster grande★,sector 102,1.8,9529.0,3,4,3,17.0,Relatively New,1710.0,0,1,0,0,0,2,49,"28.4750° N, 76.9715° E",28.475,76.9715
flat,umang winter hills★,sector 77,1.2,6586.0,3,3,3,14.0,Relatively New,1333.0,0,0,0,0,0,2,0,"28.3801° N, 76.9845° E",28.3801,76.9845
flat,mm merlin★,sector 67,2.8,13672.0,3,3,3,2.0,Relatively New,2048.0,0,0,1,0,0,0,174,"28.3859° N, 77.0608° E",28.3859,77.0608
flat,raheja the vedaanta floors,sector 108,0.7,4522.0,2,2,3,1.0,Moderately Old,1548.0,0,0,0,0,0,1,0,"28.5134° N, 76.9830° E",28.5134,76.983
flat,shree vardhman victoria★,sector 70,1.64,8384.0,3,5,3,3.0,Relatively New,1527.0,0,1,0,0,0,2,51,"28.3968° N, 77.0233° E",28.3968,77.0233
flat,shree vardhman victoria★,sector 70,1.25,9259.0,2,2,3,3.0,Relatively New,1222.0,1,0,0,0,0,2,43,"28.3968° N, 77.0233° E",28.3968,77.0233
flat,adani mk oyster grande★,sector 102,2.6,10008.0,3,3,3,2.0,Relatively New,2351.0,1,1,1,0,0,2,118,"28.4750° N, 76.9715° E",28.475,76.9715
flat,dlf regency park ★,sector 28,2.26,13697.0,3,3,2,19.0,Old Property,1700.0,0,1,0,0,0,2,158,"28.4728° N, 77.0865° E",28.4728,77.0865
flat,dlf the skycourt★,sector 86,1.35,6998.0,3,3,1,9.0,Relatively New,1746.0,0,0,0,0,0,2,119,"28.3986° N, 76.9384° E",28.3986,76.9384
flat,chd avenue ★,sector 71,1.35,5745.0,4,4,3,8.0,Moderately Old,2127.0,0,1,0,0,0,2,26,"28.4104° N, 77.0281° E",28.4104,77.0281
flat,raheja vedas,sector 108,2.15,4134.0,3,4,3+,12.0,Relatively New,4600.0,1,0,0,0,0,2,0,"28.5134° N, 76.9830° E",28.5134,76.983
house,independent,sector 105,0.38,76.0,2,2,2,1.0,Relatively New,50000.0,0,0,0,0,0,2,0,"28.4952° N, 77.0114° E",28.4952,77.0114
flat,mm urbana,sector 67,0.95,1210.0,1,1,1,17.0,Relatively New,7848.0,0,0,0,0,0,2,49,"28.3859° N, 77.0608° E",28.3859,77.0608
flat,mrg world ultimus,sector 90,0.5,776.0,2,2,2,1.0,Under Construction,6444.0,0,0,0,0,0,2,21,"28.4085° N, 76.9369° E",28.4085,76.9369
flat,tulip violet★,sector 69,1.36,8843.0,3,3,1,12.0,Relatively New,1392.0,0,0,0,1,0,2,86,"28.3966° N, 77.0341° E",28.3966,77.0341
flat,godrej ★,sector 79,1.41,8998.0,2,2,3,3.0,New Property,1567.0,1,0,0,0,0,2,104,"28.3624° N, 76.9787° E",28.3624,76.9787
flat,sbr minda sec imt manesar,manesar,0.65,4260.0,3,2,3+,6.0,Moderately Old,1526.0,0,0,0,0,0,2,5,"28.3515° N, 76.9428° E",28.3515,76.9428
flat,sare green parc,sector 92,0.85,6538.0,3,2,2,20.0,Relatively New,1300.0,0,0,0,0,0,2,0,"28.4079° N, 76.9153° E",28.4079,76.9153
flat,tulip violet★,sector 69,1.4,8929.0,3,3,1,12.0,Relatively New,1376.0,0,0,0,1,0,2,174,"28.3966° N, 77.0341° E",28.3966,77.0341
flat,sare green parc phase,sector 92,0.95,4857.0,4,3,3,4.0,Moderately Old,1770.0,0,0,0,0,0,2,67,"28.4079° N, 76.9153° E",28.4079,76.9153
flat,ramprastha the edge towers★,sector 37d,1.1,5528.0,3,3,3,9.0,Relatively New,1990.0,0,0,0,0,0,2,0,"28.4478° N, 76.9703° E",28.4478,76.9703
flat,dlf exclusive floors★,sector 43,2.35,14242.0,3,3,2,1.0,Old Property,1527.0,0,0,1,0,0,1,102,"28.4629° N, 77.0772° E",28.4629,77.0772
flat,orris aster court premier,sector 85,1.49,5820.0,4,5,3+,10.0,Relatively New,2017.0,0,1,0,0,0,1,84,"28.4042° N, 76.9513° E",28.4042,76.9513
flat,dlf the skycourt★,sector 86,1.72,8917.0,3,3,1,8.0,Relatively New,1746.0,0,0,0,0,1,1,49,"28.3986° N, 76.9384° E",28.3986,76.9384
flat,godrej oasis★,sector 88a,1.5,8108.0,3,3,2,3.0,Relatively New,1850.0,0,0,0,0,0,2,47,"28.4347° N, 76.9557° E",28.4347,76.9557
flat,shapoorji pallonji joyville gurugram★,sector 102,1.75,9449.0,3,3,3,10.0,Relatively New,1465.0,1,1,0,1,1,2,49,"28.4750° N, 76.9715° E",28.475,76.9715
flat,mm sky lofts,sector 71,0.9,1464.0,1,1,0,6.0,New Property,6147.0,0,0,0,0,0,2,0,"28.4104° N, 77.0281° E",28.4104,77.0281
flat,signature global solera★,sector 107,0.49,913.0,2,2,1,8.0,Relatively New,598.0,0,0,0,0,1,0,49,"28.5052° N, 76.9729° E",28.5052,76.9729
flat,smart world orchard,sector 61,1.47,12783.0,2,2,2,4.0,Under Construction,1150.0,1,0,0,0,0,2,31,"28.4050° N, 77.0963° E",28.405,77.0963
flat,smartworld one dxp,sector 113,2.0,11074.0,3,3,3,12.0,New Property,1500.0,0,0,0,0,0,2,70,"28.5287° N, 77.0233° E",28.5287,77.0233
flat,mm heights,sector 65,2.25,13612.0,2,2,3,5.0,Under Construction,1653.0,0,0,0,0,0,2,0,"28.4030° N, 77.0690° E",28.403,77.069
flat,sidhartha ncr greens★,sector 95,0.96,6202.0,3,3,3,8.0,New Property,1548.0,0,0,1,1,0,2,8,"28.4172° N, 76.9081° E",28.4172,76.9081
flat,raheja vedaanta★,sector 108,1.0,4854.0,2,2,2,0.0,Relatively New,2100.0,0,0,0,0,0,2,0,"28.5134° N, 76.9830° E",28.5134,76.983
flat,zara aavaas,sector 104,0.2,738.0,1,1,1,3.0,Relatively New,2709.0,0,0,0,0,0,2,67,"28.4788° N, 76.9960° E",28.4788,76.996
flat,unitech uniworld city★,sector 30,3.55,14992.0,3,5,3+,16.0,Old Property,2367.0,0,1,0,0,0,1,141,"28.4604° N, 77.0579° E",28.4604,77.0579
flat,conscient heritage max★,sector 102,2.15,10005.0,3,4,3+,18.0,Relatively New,1945.0,1,1,0,0,0,1,134,"28.4750° N, 76.9715° E",28.475,76.9715
flat,kiran residency,sector 56,1.5,7500.0,3,3,3+,4.0,Relatively New,1900.0,0,1,0,0,0,1,126,"28.4245° N, 77.0991° E",28.4245,77.0991
flat,mm capital,sector 113,3.25,14143.0,4,4,3+,34.0,Under Construction,2298.0,1,1,0,1,0,2,115,"28.5287° N, 77.0233° E",28.5287,77.0233
flat,mahindra luminare★,sector 59,5.5,18182.0,3,3,1,26.0,Under Construction,2738.0,0,1,0,0,0,2,24,"28.4051° N, 77.1097° E",28.4051,77.1097
flat,shapoorji pallonji joyville gurugram★,sector 102,0.96,1166.0,2,2,2,10.0,Relatively New,828.0,0,0,0,0,0,2,132,"28.4750° N, 76.9715° E",28.475,76.9715
flat,dlf regency park ★,sector 28,1.6,14545.0,2,2,2,3.0,Relatively New,1100.0,0,0,0,0,0,2,52,"28.4728° N, 77.0865° E",28.4728,77.0865
flat,mm merlin★,sector 67,3.5,14843.0,3,4,3+,15.0,Relatively New,2134.0,0,1,0,0,0,1,158,"28.3859° N, 77.0608° E",28.3859,77.0608
flat,ats triumph★,sector 104,2.5,7937.0,4,4,3+,14.0,New Property,2851.0,0,1,0,0,0,2,21,"28.4788° N, 76.9960° E",28.4788,76.996
flat,experion the heartsong★,sector 108,1.2,6826.0,3,3,3+,10.0,Relatively New,1275.53,1,0,0,0,0,2,93,"28.5134° N, 76.9830° E",28.5134,76.983
flat,ambience creacions,sector 22,1.75,12700.0,2,2,2,11.0,Under Construction,1249.0,0,0,0,0,0,2,57,"28.5072° N, 77.0640° E",28.5072,77.064
flat,shree vardhman victoria★,sector 70,1.9,9744.0,3,3,3,10.0,New Property,1765.0,0,1,1,1,1,2,36,"28.3968° N, 77.0233° E",28.3968,77.0233
flat,orchid petals★,sector 49,2.55,12319.0,3,4,3,8.0,Relatively New,2060.0,1,0,0,0,0,1,49,"28.4121° N, 77.0480° E",28.4121,77.048
flat,green homes,sector 52,1.85,7872.0,3,3,3,7.0,Moderately Old,2127.0,0,1,0,0,0,2,28,"28.4379° N, 77.0785° E",28.4379,77.0785
flat,ild grand,sector 37c,1.35,7143.0,3,3,0,1.0,New Property,1890.0,0,0,0,0,0,2,60,"28.4515° N, 76.9882° E",28.4515,76.9882
flat,ireo skyon★,sector 60,2.85,13936.0,3,4,3+,5.0,Relatively New,2045.0,0,1,0,0,0,1,174,"28.4003° N, 77.0975° E",28.4003,77.0975
flat,pareena mi casa,sector 68,1.1,9016.0,2,2,3,13.0,New Property,1244.0,0,0,0,0,0,2,106,"28.3853° N, 77.0484° E",28.3853,77.0484
flat,sare crescent parc★,sector 92,0.9,4259.0,4,5,3+,3.0,Relatively New,1805.0,0,1,0,0,0,2,0,"28.4079° N, 76.9153° E",28.4079,76.9153
flat,maxworth city residences,sector 10a,0.9,7081.0,2,2,3,9.0,New Property,1086.0,0,0,0,0,1,2,52,"28.4469° N, 77.0106° E",28.4469,77.0106
flat,indiabulls centrum park★,sector 103,1.01,8080.0,2,2,3,5.0,Relatively New,1338.0,0,0,1,0,0,1,165,"28.4949° N, 76.9845° E",28.4949,76.9845
flat,rof aalayas★,sector 102,0.45,667.0,1,1,2,6.0,Relatively New,6750.0,0,0,0,0,0,2,0,"28.4750° N, 76.9715° E",28.475,76.9715
flat,orris aster court premier,sector 85,1.38,6509.0,3,4,2,6.0,Relatively New,1616.0,0,1,0,0,0,2,76,"28.4042° N, 76.9513° E",28.4042,76.9513
flat,shree vardhman victoria★,sector 70,1.62,8308.0,3,5,3,9.0,Relatively New,1527.0,0,1,0,0,0,2,43,"28.3968° N, 77.0233° E",28.3968,77.0233
flat,shree vardhman victoria★,sector 70,1.55,7949.0,3,3,3,6.0,Relatively New,1527.0,1,1,0,1,1,2,49,"28.3968° N, 77.0233° E",28.3968,77.0233
flat,pareena mi casa,sector 68,1.0,8163.0,2,2,2,16.0,New Property,1225.0,0,1,0,0,0,2,65,"28.3853° N, 77.0484° E",28.3853,77.0484
flat,godrej air,sector 85,1.05,1178.0,2,2,1,15.0,Under Construction,8910.0,0,0,0,0,0,2,45,"28.4042° N, 76.9513° E",28.4042,76.9513
flat,godrej aria★,sector 79,1.45,9062.0,2,2,3+,9.0,Relatively New,1494.0,1,0,0,0,0,2,113,"28.3624° N, 76.9787° E",28.3624,76.9787
flat,dlf new town heights ★,sector 90,1.25,8639.0,3,4,3+,0.0,Old Property,1447.0,0,1,0,0,0,0,31,"28.4085° N, 76.9369° E",28.4085,76.9369
flat,emaar mgf palm hills★,sector 77,1.64,8410.0,4,3,3,9.0,Relatively New,1765.0,0,1,0,0,0,2,102,"28.3801° N, 76.9845° E",28.3801,76.9845
flat,signature global solera★,sector 107,0.4,738.0,2,2,1,7.0,Relatively New,577.0,0,0,0,0,0,1,0,"28.5052° N, 76.9729° E",28.5052,76.9729
flat,smart world orchard,sector 61,2.55,15644.0,3,3,2,4.0,New Property,1630.0,0,0,0,0,1,2,30,"28.4050° N, 77.0963° E",28.405,77.0963
flat,bestech park view grand spa★,sector 81,3.3,12222.0,4,5,3+,4.0,Relatively New,3070.0,1,1,0,0,0,1,174,"28.3867° N, 76.9485° E",28.3867,76.9485
flat,sidhartha ncr greens★,sector 95,0.56,629.0,2,2,3,13.0,New Property,896.0,0,0,0,0,0,2,8,"28.4172° N, 76.9081° E",28.4172,76.9081
flat,conscient heritage max★,sector 102,2.65,10376.0,4,5,3+,17.0,Moderately Old,2311.0,0,1,0,0,0,2,125,"28.4750° N, 76.9715° E",28.475,76.9715
flat,experion the heartsong★,sector 108,2.08,9905.0,4,4,3+,3.0,Relatively New,2333.0,0,1,0,0,0,2,126,"28.5134° N, 76.9830° E",28.5134,76.983
flat,indiabulls enigma,sector 110,3.4,10000.0,4,5,3,10.0,Relatively New,3000.0,0,1,0,0,0,2,152,"28.5145° N, 77.0197° E",28.5145,77.0197
flat,la vida by tata housing,sector 113,2.78,11347.0,3,3,3,3.0,New Property,2599.0,1,1,0,0,0,2,174,"28.5287° N, 77.0233° E",28.5287,77.0233
flat,chd avenue ★,sector 71,1.12,6215.0,3,4,3,0.0,Moderately Old,1631.0,0,1,0,0,0,2,65,"28.4104° N, 77.0281° E",28.4104,77.0281
flat,piedmont taksila heights★,sector 37c,0.9,5856.0,3,3,3,9.0,Moderately Old,1537.0,0,0,0,0,0,1,94,"28.4515° N, 76.9882° E",28.4515,76.9882
flat,ireo uptown★,sector 66,2.4,13065.0,3,2,3,5.0,Relatively New,1700.0,0,1,0,0,0,1,156,"28.3925° N, 77.0541° E",28.3925,77.0541
flat,emaar mgf emerald estate★,sector 65,1.73,12401.0,3,3,3,9.0,Relatively New,1262.0,0,1,0,0,0,0,159,"28.4030° N, 77.0690° E",28.403,77.069
flat,dlf regal gardens★,sector 90,2.05,8999.0,4,4,3+,5.0,Relatively New,2005.0,0,0,0,0,0,1,49,"28.4085° N, 76.9369° E",28.4085,76.9369
flat,ansal housing highland park,sector 103,0.88,6428.0,2,2,3,3.0,New Property,1232.0,0,0,0,0,0,2,52,"28.4949° N, 76.9845° E",28.4949,76.9845
flat,ss the leaf★,sector 85,1.15,10017.0,2,2,3+,18.0,Relatively New,1380.0,0,0,1,0,0,2,156,"28.4042° N, 76.9513° E",28.4042,76.9513
flat,bestech park view residency★,sector 2,1.4,7865.0,3,3,3+,6.0,Old Property,1611.0,0,0,0,0,0,0,107,"28.5095° N, 77.0320° E",28.5095,77.032
flat,adani brahma samsara vilasa,sector 63,4.49,14254.0,4,4,3+,3.0,New Property,3150.0,0,0,0,0,0,1,96,"28.3971° N, 77.0867° E",28.3971,77.0867
flat,sobha city,sector 108,2.33,14463.0,3,3,3,17.0,Relatively New,1790.0,0,0,1,0,0,1,159,"28.5134° N, 76.9830° E",28.5134,76.983
flat,meditech apartment,sector 56,2.45,8167.0,4,4,3+,1.0,Relatively New,2900.0,0,0,0,0,1,1,118,"28.4245° N, 77.0991° E",28.4245,77.0991
flat,godrej icon,sector 88a,1.65,9041.0,3,3,3,12.0,New Property,1652.0,0,0,0,0,0,2,60,"28.4347° N, 76.9557° E",28.4347,76.9557
flat,ramshanti cooperative society,sector 52,1.76,7243.0,4,4,3+,12.0,New Property,2199.0,0,0,0,0,0,2,0,"28.4379° N, 77.0785° E",28.4379,77.0785
flat,pareena coban residences,sector 99a,1.13,5658.0,3,5,3,5.0,Relatively New,1790.0,0,1,0,0,1,2,49,"28.4561° N, 76.9542° E",28.4561,76.9542
flat,ambience creacions,sector 22,4.63,14984.0,3,5,3+,5.0,New Property,2796.0,0,1,0,0,1,2,120,"28.5072° N, 77.0640° E",28.5072,77.064
flat,indiabulls enigma,sector 110,3.7,10882.0,4,5,3,7.0,Relatively New,3077.0,0,1,0,0,0,2,156,"28.5145° N, 77.0197° E",28.5145,77.0197
flat,emaar gurgaon greens★,sector 102,1.39,8424.0,3,3,3,7.0,Relatively New,1493.0,0,1,0,0,0,1,21,"28.4750° N, 76.9715° E",28.475,76.9715
flat,mm woodshire★,sector 107,0.9,5867.0,2,2,3,8.0,Relatively New,1281.0,1,0,0,0,0,1,74,"28.5052° N, 76.9729° E",28.5052,76.9729
flat,gls avenue,sector 92,0.5,868.0,3,3,1,0.0,Relatively New,579.0,0,0,0,0,0,2,0,"28.4079° N, 76.9153° E",28.4079,76.9153
flat,dlf the skycourt★,sector 86,2.2,11500.0,3,3,1,7.0,Relatively New,1747.0,0,0,0,1,0,0,77,"28.3986° N, 76.9384° E",28.3986,76.9384
flat,ats tourmaline★,sector 109,1.45,6744.0,3,4,3+,4.0,Relatively New,1797.0,0,1,0,0,0,2,71,"28.5073° N, 77.0089° E",28.5073,77.0089
flat,shapoorji pallonji joyville gurugram★,sector 102,1.8,10638.0,3,3,3,5.0,Relatively New,1531.0,0,0,0,0,0,2,49,"28.4750° N, 76.9715° E",28.475,76.9715
flat,ramson kshitij sec-gurugram,sector 95,0.27,2700.0,2,2,0,1.0,Relatively New,758.0,0,0,0,0,0,2,0,"28.4172° N, 76.9081° E",28.4172,76.9081
flat,dlf new town heights★,sector 91,1.8,7679.0,4,4,3+,6.0,Moderately Old,2344.0,0,1,0,1,0,2,81,"28.4014° N, 76.9225° E",28.4014,76.9225
flat,antriksh heights★,sector 84,0.88,4822.0,3,3,3,16.0,Relatively New,1652.0,0,0,0,1,0,2,67,"28.3979° N, 76.9736° E",28.3979,76.9736
flat,emaar palm gardens★,sector 83,1.8,12000.0,3,4,3+,6.0,Relatively New,1500.0,0,1,0,0,0,1,96,"28.3986° N, 76.9647° E",28.3986,76.9647
flat,mm merlin★,sector 67,3.4,14419.0,3,4,3,17.0,Relatively New,2134.0,0,1,0,0,0,1,174,"28.3859° N, 77.0608° E",28.3859,77.0608
flat,sobha city,sector 108,2.6,15196.0,3,3,2,11.0,New Property,1711.0,0,0,0,0,0,2,49,"28.5134° N, 76.9830° E",28.5134,76.983
flat,dlf new town heights ★,sector 90,1.25,6477.0,3,3,3+,17.0,Relatively New,1700.0,0,1,0,1,0,2,65,"28.4085° N, 76.9369° E",28.4085,76.9369
flat,ramprastha primera,sector 37d,1.2,1481.0,3,3,3,5.0,Relatively New,8100.0,0,0,1,0,0,2,50,"28.4478° N, 76.9703° E",28.4478,76.9703
flat,ramprastha skyz,sector 37d,1.1,6377.0,3,3,3+,7.0,Under Construction,1561.0,0,0,0,0,0,2,109,"28.4478° N, 76.9703° E",28.4478,76.9703
flat,raheja sampada,sector 92,0.7,4453.0,3,3,0,7.0,Relatively New,1572.0,0,0,0,0,0,2,0,"28.4079° N, 76.9153° E",28.4079,76.9153
flat,alpha corp gurgaonone ★,sector 84,0.85,6693.0,2,2,3,6.0,Relatively New,1158.0,0,0,0,0,0,1,28,"28.3979° N, 76.9736° E",28.3979,76.9736
flat,smart world orchard,sector 61,1.7,15179.0,2,2,2,4.0,Under Construction,1120.0,1,0,0,0,0,2,127,"28.4050° N, 77.0963° E",28.405,77.0963
flat,dlf beverly park★,sector 25,8.0,15385.0,5,5,3+,2.0,Old Property,5200.0,1,1,0,1,1,0,26,"28.4844° N, 77.0860° E",28.4844,77.086
flat,ireo uptown★,sector 66,1.32,11438.0,2,2,2,6.0,Relatively New,1048.0,0,0,0,0,0,2,45,"28.3925° N, 77.0541° E",28.3925,77.0541
flat,smart world gems,sector 89,1.0,9009.0,2,2,3,3.0,New Property,1110.0,1,0,0,0,1,2,99,"28.4253° N, 76.9439° E",28.4253,76.9439
flat,dlf the ultima★,sector 81,3.45,12357.0,4,4,3+,25.0,Moderately Old,2527.0,0,1,0,0,0,2,67,"28.3867° N, 76.9485° E",28.3867,76.9485
flat,the close north★,sector 50,2.92,11209.0,3,3,3,10.0,Moderately Old,2600.0,0,1,0,0,0,1,174,"28.4178° N, 77.0628° E",28.4178,77.0628
flat,assotech blith,sector 99,0.92,6740.0,2,2,3+,22.0,Under Construction,1235.0,0,0,0,0,0,2,56,"28.4640° N, 76.9614° E",28.464,76.9614
flat,mm woodshire★,sector 107,1.2,6176.0,3,3,3,7.0,Relatively New,1750.0,0,0,0,0,0,1,49,"28.5052° N, 76.9729° E",28.5052,76.9729
flat,ss the leaf★,sector 85,2.15,7646.0,4,5,3+,1.0,Relatively New,2545.0,0,1,0,0,0,2,165,"28.4042° N, 76.9513° E",28.4042,76.9513
flat,tulip violet★,sector 69,1.29,8227.0,3,3,1,12.0,Relatively New,1419.0,0,0,0,1,0,1,86,"28.3966° N, 77.0341° E",28.3966,77.0341
flat,indiabulls enigma,sector 110,3.79,9896.0,5,5,3,4.0,Relatively New,3466.0,0,1,0,0,1,2,125,"28.5145° N, 77.0197° E",28.5145,77.0197
flat,essel towers,sector 7,2.2,12500.0,3,4,3+,3.0,Relatively New,1760.0,0,0,0,0,0,2,0,"28.4644° N, 77.0143° E",28.4644,77.0143
flat,chd avenue ★,sector 71,1.4,7946.0,3,3,2,1.0,Moderately Old,1762.0,0,0,0,1,0,1,125,"28.4104° N, 77.0281° E",28.4104,77.0281
flat,tata primanti★,sector 72,3.3,15385.0,3,3,3+,10.0,Relatively New,2000.0,0,1,0,0,0,1,165,"28.4225° N, 77.0211° E",28.4225,77.0211
flat,indiabulls centrum park★,sector 103,2.14,7443.0,4,6,3+,7.0,Relatively New,2718.0,0,1,0,0,0,2,142,"28.4949° N, 76.9845° E",28.4949,76.9845
flat,vatika city★,sector 49,2.1,10417.0,3,3,3,9.0,Moderately Old,1604.25,0,0,0,1,0,1,132,"28.4121° N, 77.0480° E",28.4121,77.048
flat,godrej air,sector 85,1.8,13139.0,3,3,3,30.0,Under Construction,1370.0,0,0,0,0,0,2,45,"28.4042° N, 76.9513° E",28.4042,76.9513
flat,tulip violet★,sector 69,1.75,8706.0,4,4,2,10.0,Relatively New,1819.0,0,0,0,0,0,1,109,"28.3966° N, 77.0341° E",28.3966,77.0341
flat,emaar gurgaon greens★,sector 102,1.45,14174.0,3,3,3,10.0,Relatively New,1315.0,0,1,0,0,0,2,165,"28.4750° N, 76.9715° E",28.475,76.9715
flat,ats kocoon,sector 109,2.15,10263.0,3,4,3,9.0,Relatively New,1896.0,0,1,0,0,0,2,97,"28.5073° N, 77.0089° E",28.5073,77.0089
flat,ashiana anmol,sector 33,1.1,8627.0,2,2,2,4.0,Moderately Old,883.0,0,0,0,0,0,2,0,"28.4420° N, 77.0207° E",28.442,77.0207
flat,bptp amstoria★,sector 102,1.9,8444.0,3,3,3+,1.0,Relatively New,2500.0,0,1,0,0,0,2,174,"28.4750° N, 76.9715° E",28.475,76.9715
flat,tulip violet★,sector 69,1.2,8889.0,2,3,1,0.0,Relatively New,1222.0,0,0,0,0,0,2,150,"28.3966° N, 77.0341° E",28.3966,77.0341
flat,tulip lemon★,sector 69,0.62,1429.0,2,2,1,4.0,Relatively New,4338.0,0,0,0,0,0,1,108,"28.3966° N, 77.0341° E",28.3966,77.0341
flat,shapoorji pallonji joyville gurugram★,sector 102,2.4,10545.0,4,4,3+,15.0,Relatively New,1957.0,0,0,0,0,0,2,108,"28.4750° N, 76.9715° E",28.475,76.9715
flat,emaar mgf the palm drive★,sector 66,2.8,16471.0,3,4,3,8.0,Relatively New,1700.0,0,1,0,0,0,1,117,"28.3925° N, 77.0541° E",28.3925,77.0541
flat,mm skywalk,sector 74,1.5,10714.0,2,2,1,8.0,New Property,1400.0,0,0,0,0,0,2,16,"28.4158° N, 77.0118° E",28.4158,77.0118
flat,godrej frontier★,sector 80,1.6,6999.0,3,3,3,5.0,Moderately Old,2047.0,0,1,0,0,0,2,53,"28.3659° N, 76.9557° E",28.3659,76.9557
flat,paras dews,sector 106,1.32,5605.0,4,5,3+,11.0,Relatively New,1535.0,0,1,0,0,0,2,49,"28.5007° N, 77.0003° E",28.5007,77.0003
flat,ansal maple heights★,sector 43,1.5,12658.0,3,3,3+,7.0,Old Property,1385.0,0,0,1,0,0,1,174,"28.4629° N, 77.0772° E",28.4629,77.0772
flat,tulip violet★,sector 69,1.19,8815.0,2,3,1,0.0,Relatively New,1350.0,1,0,0,0,0,1,174,"28.3966° N, 77.0341° E",28.3966,77.0341
flat,smart world gems,sector 89,0.9,8160.0,2,2,2,2.0,New Property,998.0,1,0,0,0,1,2,44,"28.4253° N, 76.9439° E",28.4253,76.9439
flat,ireo victory valley★,sector 67,3.49,12998.0,3,3,3,19.0,Relatively New,2685.0,0,1,0,0,0,2,103,"28.3859° N, 77.0608° E",28.3859,77.0608
flat,ramsons kshitij,sector 95,0.35,611.0,2,2,0,5.0,Relatively New,5733.0,0,0,0,0,0,2,0,"28.4172° N, 76.9081° E",28.4172,76.9081
flat,ss the coralwood★,sector 84,1.01,5771.0,3,3,2,18.0,Relatively New,1475.0,0,0,0,0,0,2,40,"28.3979° N, 76.9736° E",28.3979,76.9736
flat,shree vardhman flora★,sector 90,1.0,5128.0,3,4,3,8.0,New Property,1765.0,0,1,0,0,0,2,95,"28.4085° N, 76.9369° E",28.4085,76.9369
flat,shapoorji pallonji joyville gurugram★,sector 102,0.97,1178.0,2,2,2,12.0,New Property,747.0,0,0,0,0,0,2,57,"28.4750° N, 76.9715° E",28.475,76.9715
flat,dlf the ultima★,sector 81,3.5,11686.0,4,5,3+,7.0,Relatively New,2577.0,0,1,0,0,0,0,174,"28.3867° N, 76.9485° E",28.3867,76.9485
flat,sare green parc,sector 92,0.61,4837.0,3,2,2,6.0,Under Construction,1141.0,0,0,0,0,1,2,0,"28.4079° N, 76.9153° E",28.4079,76.9153
flat,shapoorji pallonji joyville gurugram★,sector 102,1.4,10378.0,2,2,2,11.0,New Property,1166.0,0,0,0,0,0,1,49,"28.4750° N, 76.9715° E",28.475,76.9715
flat,mm capital,sector 113,2.0,12012.0,3,3,2,24.0,Under Construction,1507.0,0,0,0,0,0,2,47,"28.5287° N, 77.0233° E",28.5287,77.0233
house,independent,sector 12,0.61,100.0,2,2,2,2.0,Moderately Old,61.0,0,0,0,0,1,2,14,"28.4723° N, 77.0320° E",28.4723,77.032
flat,ansal heights,sector 86,1.25,7396.0,3,2,1,2.0,New Property,1529.0,0,0,0,0,0,2,100,"28.3986° N, 76.9384° E",28.3986,76.9384
flat,mm woodshire★,sector 107,0.8,5857.0,2,2,3+,7.0,Relatively New,1236.0,0,0,0,0,0,1,165,"28.5052° N, 76.9729° E",28.5052,76.9729
flat,unitech fresco★,sector 50,1.8,9590.0,3,4,3+,6.0,Moderately Old,1870.0,0,1,0,0,0,1,174,"28.4178° N, 77.0628° E",28.4178,77.0628
flat,dlf the belaire★,sector 54,10.0,24558.0,4,5,3+,17.0,Moderately Old,3000.0,0,1,0,0,0,0,167,"28.4348° N, 77.1089° E",28.4348,77.1089
flat,ramprastha primera,sector 37d,1.1,6111.0,3,3,3,6.0,Relatively New,1700.0,0,0,0,0,0,2,149,"28.4478° N, 76.9703° E",28.4478,76.9703
flat,smart world gems,sector 89,1.25,8784.0,3,3,3,2.0,Under Construction,1288.0,0,0,0,1,0,2,12,"28.4253° N, 76.9439° E",28.4253,76.9439
flat,signature global the millennia,sector 37d,0.55,1019.0,2,2,3,3.0,New Property,543.0,0,0,0,0,0,2,53,"28.4478° N, 76.9703° E",28.4478,76.9703
flat,tata primanti★,sector 72,5.0,11111.0,4,4,3+,2.0,Moderately Old,3889.0,1,1,0,1,1,1,174,"28.4225° N, 77.0211° E",28.4225,77.0211
flat,tata primanti★,sector 72,5.0,11364.0,4,4,3+,2.0,New Property,4000.0,1,1,1,0,0,1,174,"28.4225° N, 77.0211° E",28.4225,77.0211
flat,mm heights,sector 65,2.86,13999.0,3,3,3,45.0,Under Construction,2043.0,0,1,0,0,0,2,0,"28.4030° N, 77.0690° E",28.403,77.069
flat,dlf the icon★,sector 43,5.25,20388.0,4,4,3,9.0,Old Property,2570.0,0,1,0,1,1,2,135,"28.4629° N, 77.0772° E",28.4629,77.0772
flat,orris aster court premier,sector 85,1.5,5859.0,4,5,3+,6.0,New Property,2017.0,0,1,0,0,0,1,28,"28.4042° N, 76.9513° E",28.4042,76.9513
flat,jmd empire,manesar,1.5,12500.0,2,2,3,7.0,Moderately Old,1222.0,0,0,0,0,0,2,0,"28.3515° N, 76.9428° E",28.3515,76.9428
flat,greenopolis,sector 89,0.65,5196.0,2,2,2,15.0,Under Construction,1251.0,0,0,0,0,0,2,37,"28.4253° N, 76.9439° E",28.4253,76.9439
flat,chd avenue ★,sector 71,1.25,7172.0,3,4,2,7.0,Relatively New,1577.0,0,1,0,0,0,1,160,"28.4104° N, 77.0281° E",28.4104,77.0281
flat,shapoorji pallonji joyville gurugram★,sector 102,1.24,10206.0,2,2,2,10.0,Relatively New,1100.0,0,0,0,0,0,2,141,"28.4750° N, 76.9715° E",28.475,76.9715
flat,smart world gems,sector 89,0.86,7797.0,2,3,3,4.0,Under Construction,998.0,0,0,0,0,0,2,45,"28.4253° N, 76.9439° E",28.4253,76.9439
flat,hero homes,sector 104,1.2,1949.0,2,2,2,22.0,Under Construction,877.0,0,0,0,0,0,2,30,"28.4788° N, 76.9960° E",28.4788,76.996
flat,ansal heights,sector 86,0.74,5441.0,2,2,1,11.0,Under Construction,1231.0,0,0,0,0,1,2,45,"28.3986° N, 76.9384° E",28.3986,76.9384
flat,mm woodshire★,sector 107,1.35,5718.0,3,4,3+,8.0,Relatively New,1950.0,0,1,0,0,0,1,74,"28.5052° N, 76.9729° E",28.5052,76.9729
flat,mm woodshire★,sector 107,0.94,6881.0,2,2,3+,1.0,Moderately Old,1236.0,0,0,0,0,0,2,113,"28.5052° N, 76.9729° E",28.5052,76.9729
flat,housing board colony,sector 51,0.3,813.0,1,1,2,0.0,Old Property,459.0,0,0,0,0,0,2,0,"28.4320° N, 77.0686° E",28.432,77.0686
flat,umang winter hills★,sector 77,1.35,7781.0,3,3,3+,7.0,New Property,1451.0,0,0,1,0,0,1,96,"28.3801° N, 76.9845° E",28.3801,76.9845
flat,greenopolis,sector 89,0.8,4819.0,2,3,3,8.0,Under Construction,1502.0,1,0,0,0,1,2,60,"28.4253° N, 76.9439° E",28.4253,76.9439
flat,mm sierra,sector 68,1.1,8987.0,2,2,3,1.0,Relatively New,1150.0,0,0,0,0,0,1,127,"28.3853° N, 77.0484° E",28.3853,77.0484
house,ganpati heights apartment,sector 13,1.25,151.0,10,6,2,3.0,Old Property,115.0,0,0,0,0,1,2,7,"28.4757° N, 77.0392° E",28.4757,77.0392
flat,mm golfestate,sector 79,1.4,10000.0,2,2,2,4.0,Relatively New,1400.0,1,1,1,0,0,0,83,"28.3624° N, 76.9787° E",28.3624,76.9787
flat,signature global synera★,sector 81,0.39,722.0,2,2,2,6.0,Relatively New,5400.0,0,0,0,0,0,2,37,"28.3867° N, 76.9485° E",28.3867,76.9485
flat,ss the leaf★,sector 85,1.85,6579.0,4,5,3+,1.0,Relatively New,2545.0,0,0,0,0,0,2,95,"28.4042° N, 76.9513° E",28.4042,76.9513
flat,"m m residency, krishna colony, gurgaon",sector 7,0.54,654.0,2,2,1,3.0,Relatively New,8253.0,0,0,0,0,0,2,70,"28.4644° N, 77.0143° E",28.4644,77.0143
flat,experion the heartsong★,sector 108,2.28,8204.0,4,5,3+,8.0,Relatively New,2515.0,0,0,0,0,0,2,101,"28.5134° N, 76.9830° E",28.5134,76.983
flat,paras dews,sector 106,1.15,7419.0,3,3,3,11.0,Relatively New,1650.0,0,1,0,1,0,1,174,"28.5007° N, 77.0003° E",28.5007,77.0003
flat,unitech sunbreeze,sector 69,0.74,5502.0,3,3,1,10.0,Under Construction,1210.0,0,1,0,0,0,2,60,"28.3966° N, 77.0341° E",28.3966,77.0341
flat,bestech park view grand spa★,sector 81,4.5,10714.0,4,6,3+,17.0,Relatively New,3801.0,0,1,0,0,0,1,44,"28.3867° N, 76.9485° E",28.3867,76.9485
flat,sidhartha ncr one phase ★,sector 95,0.55,4867.0,2,2,2,14.0,New Property,1130.0,1,0,0,0,0,2,90,"28.4172° N, 76.9081° E",28.4172,76.9081
flat,shree vardhman flora★,sector 90,0.9,4615.0,3,4,3,4.0,Relatively New,1765.0,0,1,0,0,0,2,165,"28.4085° N, 76.9369° E",28.4085,76.9369
flat,conscient elevate,sector 59,6.75,19882.0,4,4,2,10.0,New Property,2567.0,0,1,0,0,0,2,31,"28.4051° N, 77.1097° E",28.4051,77.1097
flat,bestech altura,sector 79,2.55,9533.0,4,5,2,4.0,New Property,2675.0,0,1,0,0,0,2,44,"28.3624° N, 76.9787° E",28.3624,76.9787
flat,mm woodshire★,sector 107,0.75,5490.0,2,2,3+,14.0,Relatively New,1201.0,0,0,0,1,0,2,174,"28.5052° N, 76.9729° E",28.5052,76.9729
flat,dlf the skycourt★,sector 86,1.55,8031.0,3,3,3,5.0,Relatively New,1900.0,0,0,0,0,0,2,49,"28.3986° N, 76.9384° E",28.3986,76.9384
flat,signature global superbia,sector 95,0.4,747.0,2,2,3,2.0,Under Construction,5355.0,0,0,0,0,0,2,0,"28.4172° N, 76.9081° E",28.4172,76.9081
flat,ireo victory valley★,sector 67,4.55,14537.0,4,4,3+,19.0,Relatively New,2833.0,0,1,0,0,0,1,156,"28.3859° N, 77.0608° E",28.3859,77.0608
flat,lig flat,sector 40,1.5,5556.0,1,1,0,0.0,Relatively New,2700.0,0,0,0,0,0,2,0,"28.4498° N, 77.0567° E",28.4498,77.0567
flat,paras dews,sector 106,1.05,8537.0,3,4,3+,10.0,Relatively New,1345.0,0,1,0,0,0,2,174,"28.5007° N, 77.0003° E",28.5007,77.0003
flat,tulip violet★,sector 69,1.4,8917.0,3,3,1,12.0,Relatively New,1419.0,0,0,0,1,0,2,86,"28.3966° N, 77.0341° E",28.3966,77.0341
flat,ats tourmaline★,sector 109,1.4,8000.0,3,3,3+,12.0,Relatively New,1584.0,0,0,0,0,1,2,65,"28.5073° N, 77.0089° E",28.5073,77.0089
flat,emaar palm gardens★,sector 83,3.15,8400.0,5,7,3+,15.0,Relatively New,3200.0,0,1,0,0,0,1,165,"28.3986° N, 76.9647° E",28.3986,76.9647
flat,emaar palm gardens★,sector 83,1.35,12329.0,3,3,3,7.0,Relatively New,1387.0,0,1,0,0,0,2,24,"28.3986° N, 76.9647° E",28.3986,76.9647
flat,la vida by tata housing,sector 113,1.38,12000.0,2,2,3,8.0,New Property,1350.0,1,0,0,0,0,2,174,"28.5287° N, 77.0233° E",28.5287,77.0233
flat,ss,sector 85,1.2,7151.0,2,2,3,15.0,Relatively New,1660.0,0,0,0,0,0,2,49,"28.4042° N, 76.9513° E",28.4042,76.9513
flat,hsiidc sidco shivalik apartments★,manesar,0.48,3840.0,2,2,3,7.0,Moderately Old,993.0,0,0,0,0,0,2,88,"28.3515° N, 76.9428° E",28.3515,76.9428
flat,tulip violet★,sector 69,1.52,9632.0,3,3,2,4.0,Relatively New,1428.0,0,0,0,1,0,1,156,"28.3966° N, 77.0341° E",28.3966,77.0341
flat,godrej ★,sector 79,2.01,8495.0,3,4,3+,6.0,Relatively New,2141.0,0,1,0,0,0,2,158,"28.3624° N, 76.9787° E",28.3624,76.9787
flat,signature the roselia★,sector 95,0.41,811.0,2,2,2,12.0,New Property,632.0,0,0,0,0,0,1,93,"28.4172° N, 76.9081° E",28.4172,76.9081
flat,tata gurgaon gateway★,sector 113,1.75,10442.0,2,2,2,10.0,Relatively New,1430.0,1,0,0,0,0,2,104,"28.5287° N, 77.0233° E",28.5287,77.0233
flat,indiabulls enigma,sector 110,4.25,10954.0,5,5,3+,4.0,Relatively New,3511.0,0,1,0,0,0,2,101,"28.5145° N, 77.0197° E",28.5145,77.0197
flat,dlf regal gardens★,sector 90,1.25,6460.0,3,3,3,10.0,Relatively New,1650.0,0,0,0,0,1,1,38,"28.4085° N, 76.9369° E",28.4085,76.9369
flat,ireo the grand arch★,sector 58,4.85,16934.0,4,5,3,23.0,Relatively New,2864.0,1,1,0,1,1,1,49,"28.4200° N, 77.1105° E",28.42,77.1105
flat,satya the hermitage★,sector 103,0.93,6405.0,2,3,3,3.0,Relatively New,1452.0,0,1,0,0,0,1,90,"28.4949° N, 76.9845° E",28.4949,76.9845
flat,shree vardhman victoria★,sector 70,1.6,8205.0,3,3,3,10.0,Relatively New,1527.0,1,1,0,1,1,2,43,"28.3968° N, 77.0233° E",28.3968,77.0233
flat,raheja atharva★,sector 109,1.6,5319.0,4,1,0,0.0,New Property,3008.0,0,0,0,0,0,2,0,"28.5073° N, 77.0089° E",28.5073,77.0089
flat,central park resorts★,sector 48,9.3,24926.0,4,4,3+,10.0,Moderately Old,3831.0,1,1,1,1,0,1,67,"28.4177° N, 77.0359° E",28.4177,77.0359
flat,ss the leaf★,sector 85,1.31,7988.0,2,2,2,5.0,Relatively New,1640.0,0,1,0,0,0,2,89,"28.4042° N, 76.9513° E",28.4042,76.9513
flat,mm merlin★,sector 67,3.4,14419.0,3,4,3,15.0,Relatively New,2123.0,0,1,0,0,0,1,110,"28.3859° N, 77.0608° E",28.3859,77.0608
flat,krrish provence estate,sector 12,5.5,9483.0,4,5,3+,11.0,New Property,5249.0,1,1,0,1,0,2,151,"28.4723° N, 77.0320° E",28.4723,77.032
flat,umang winter hills★,sector 77,0.75,5589.0,2,2,2,8.0,Relatively New,1140.0,0,0,1,0,0,1,102,"28.3801° N, 76.9845° E",28.3801,76.9845
flat,shapoorji pallonji joyville gurugram★,sector 102,1.05,1275.0,2,2,2,0.0,Under Construction,8235.0,0,0,0,0,0,2,49,"28.4750° N, 76.9715° E",28.475,76.9715
flat,paras dews,sector 106,1.4,9979.0,4,6,3+,10.0,Relatively New,1535.0,0,1,0,0,0,2,174,"28.5007° N, 77.0003° E",28.5007,77.0003
flat,mm merlin★,sector 67,3.39,14377.0,3,4,3,14.0,Relatively New,2100.0,0,1,0,0,0,1,26,"28.3859° N, 77.0608° E",28.3859,77.0608
flat,zara aavaas,sector 104,0.4,781.0,2,2,1,4.0,Relatively New,514.0,0,0,0,0,0,2,52,"28.4788° N, 76.9960° E",28.4788,76.996
flat,the lions cghs,sector 56,2.05,7885.0,4,4,3+,7.0,Old Property,2667.0,0,0,1,0,0,1,120,"28.4245° N, 77.0991° E",28.4245,77.0991
flat,tulip white★,sector 69,0.9,6000.0,3,2,3+,1.0,Relatively New,1326.0,0,0,0,0,0,1,149,"28.3966° N, 77.0341° E",28.3966,77.0341
flat,krrish provence estate,sector 12,5.25,9052.0,4,5,3+,2.0,New Property,5249.0,1,1,0,1,0,2,49,"28.4723° N, 77.0320° E",28.4723,77.032
flat,mm golf hills,sector 79,1.45,10211.0,2,2,3,15.0,Under Construction,1420.0,0,0,0,0,0,2,0,"28.3624° N, 76.9787° E",28.3624,76.9787
flat,emaar gurgaon greens★,sector 102,1.5,9091.0,3,3,3,7.0,Relatively New,1315.0,0,0,0,1,0,1,174,"28.4750° N, 76.9715° E",28.475,76.9715
flat,tulip violet★,sector 69,2.0,9950.0,4,4,2,0.0,Relatively New,1819.0,0,0,0,0,0,2,95,"28.3966° N, 77.0341° E",28.3966,77.0341
flat,ireo victory valley★,sector 67,4.75,13930.0,4,4,3+,0.0,Relatively New,3200.0,1,1,1,1,0,1,165,"28.3859° N, 77.0608° E",28.3859,77.0608
flat,bestech park view grand spa★,sector 81,2.22,8346.0,3,4,3+,15.0,Relatively New,2407.0,0,1,0,0,0,1,174,"28.3867° N, 76.9485° E",28.3867,76.9485
flat,orris aster court,sector 85,0.93,5671.0,3,3,3,8.0,Relatively New,1389.0,0,0,0,0,0,2,0,"28.4042° N, 76.9513° E",28.4042,76.9513
flat,mapsko royale ville★,sector 82,1.12,8000.0,3,4,2,6.0,Relatively New,1500.0,0,1,0,1,0,1,174,"28.3935° N, 76.9600° E",28.3935,76.96
flat,emaar mgf palm hills★,sector 77,1.9,9500.0,3,4,3+,6.0,New Property,1582.0,0,1,0,0,0,1,42,"28.3801° N, 76.9845° E",28.3801,76.9845
flat,mm woodshire★,sector 107,0.8,5857.0,2,2,3+,14.0,New Property,1236.0,0,0,0,0,0,2,67,"28.5052° N, 76.9729° E",28.5052,76.9729
flat,ireo the corridors,sector 67a,2.08,12044.0,3,3,2,6.0,Under Construction,1563.0,0,0,0,0,1,2,55,"28.3960° N, 77.0372° E",28.396,77.0372
flat,la vida by tata housing,sector 113,2.78,10335.0,3,4,3+,5.0,Relatively New,2350.0,0,1,0,0,0,2,174,"28.5287° N, 77.0233° E",28.5287,77.0233
flat,puri diplomatic greens★,sector 111,5.25,11667.0,4,6,3+,7.0,Relatively New,4072.0,0,1,0,0,0,1,134,"28.5238° N, 77.0320° E",28.5238,77.032
flat,sunischit apartments,sector 54,1.69,7953.0,3,3,3+,5.0,Old Property,1991.0,0,1,0,0,0,1,65,"28.4348° N, 77.1089° E",28.4348,77.1089
flat,vatika the seven lamps★,sector 82,0.94,6532.0,2,2,3+,9.0,Relatively New,1299.0,1,0,0,0,0,1,117,"28.3935° N, 76.9600° E",28.3935,76.96
flat,supertech hues,sector 68,0.82,6949.0,2,2,3+,21.0,Under Construction,1068.0,0,0,0,0,1,2,72,"28.3853° N, 77.0484° E",28.3853,77.0484
flat,ireo the corridors,sector 67a,1.62,9380.0,3,3,2,4.0,New Property,1346.0,0,0,1,0,0,1,142,"28.3960° N, 77.0372° E",28.396,77.0372
flat,sare homes,sector 92,1.25,6200.0,4,3,0,16.0,Under Construction,2016.0,0,0,0,0,0,2,49,"28.4079° N, 76.9153° E",28.4079,76.9153
flat,tulip violet★,sector 69,1.43,8888.0,3,3,2,1.0,Relatively New,1305.0,0,0,0,1,0,2,86,"28.3966° N, 77.0341° E",28.3966,77.0341
flat,apna enclave,sector 3,0.55,643.0,2,2,2,2.0,Old Property,900.0,0,0,0,0,0,2,66,"28.4909° N, 77.0176° E",28.4909,77.0176
flat,antriksh heights★,sector 84,0.54,4459.0,2,2,3+,17.0,Relatively New,1086.0,0,0,0,0,0,2,81,"28.3979° N, 76.9736° E",28.3979,76.9736
flat,signature andour heights★,sector 71,0.65,1130.0,2,2,1,10.0,Relatively New,590.0,0,0,0,0,0,1,23,"28.4104° N, 77.0281° E",28.4104,77.0281
flat,dlf regal gardens★,sector 90,1.21,6926.0,3,3,3+,29.0,Relatively New,1581.0,0,0,0,0,1,2,95,"28.4085° N, 76.9369° E",28.4085,76.9369
flat,mapsko mount ville★,sector 79,1.3,8725.0,3,3,3,19.0,Relatively New,1176.0,0,0,1,0,0,1,102,"28.3624° N, 76.9787° E",28.3624,76.9787
flat,sare crescent parc royal greens phase,sector 92,0.75,4325.0,4,4,3+,3.0,Relatively New,1734.0,0,0,0,0,0,2,93,"28.4079° N, 76.9153° E",28.4079,76.9153
flat,emaar mgf emerald floors premier★,sector 65,2.85,14430.0,4,4,3,3.0,Relatively New,1975.0,1,1,0,0,0,2,28,"28.4030° N, 77.0690° E",28.403,77.069
flat,adani mk oyster grande★,sector 102,2.4,9306.0,3,4,3+,3.0,Relatively New,2334.0,1,0,0,0,0,1,49,"28.4750° N, 76.9715° E",28.475,76.9715
flat,shree vardhman victoria★,sector 70,1.63,8359.0,3,3,3,5.0,New Property,1527.0,0,1,0,0,1,2,49,"28.3968° N, 77.0233° E",28.3968,77.0233
flat,mapsko casa bella★,sector 82,0.86,8121.0,3,3,3,5.0,Moderately Old,1234.0,1,0,0,0,0,1,120,"28.3935° N, 76.9600° E",28.3935,76.96
flat,valley view estate,gwal pahari,1.5,8278.0,4,4,3+,9.0,Old Property,1812.0,1,1,0,0,1,2,135,"28.4484° N, 77.0210° E",28.4484,77.021
flat,supertech araville,sector 79,0.8,6178.0,2,2,3+,9.0,New Property,1172.0,0,0,0,0,1,2,24,"28.3624° N, 76.9787° E",28.3624,76.9787
flat,pyramid urban,sector 67a,0.62,1317.0,2,2,2,2.0,Relatively New,4707.0,0,0,0,0,0,2,64,"28.3960° N, 77.0372° E",28.396,77.0372
flat,corona optus★,sector 37c,1.26,7250.0,3,3,3,4.0,New Property,1400.0,0,0,0,0,0,2,28,"28.4515° N, 76.9882° E",28.4515,76.9882
flat,ats tourmaline★,sector 109,1.4,8000.0,3,3,3+,5.0,Relatively New,1466.0,0,0,0,0,0,2,44,"28.5073° N, 77.0089° E",28.5073,77.0089
flat,experion windchants★,sector 112,2.5,13889.0,2,2,3,10.0,Relatively New,1939.03,1,0,0,1,0,1,174,"28.5189° N, 77.0183° E",28.5189,77.0183
flat,bptp terra★,sector 37d,1.8,8215.0,4,3,3,12.0,Relatively New,1983.0,1,0,0,0,0,1,144,"28.4478° N, 76.9703° E",28.4478,76.9703
flat,tarc maceo★,sector 91,1.9,6975.0,4,4,3,9.0,Relatively New,2465.0,0,1,0,0,0,2,120,"28.4014° N, 76.9225° E",28.4014,76.9225
flat,smart world gems,sector 89,0.86,7797.0,2,3,2,4.0,New Property,1103.0,1,1,0,1,0,1,72,"28.4253° N, 76.9439° E",28.4253,76.9439
flat,godrej summit★,sector 104,0.75,5910.0,2,2,3,6.0,Relatively New,1148.0,0,0,0,0,1,2,79,"28.4788° N, 76.9960° E",28.4788,76.996
flat,bestech park view grand spa★,sector 81,2.2,8271.0,3,4,3+,8.0,Relatively New,2481.0,0,1,0,0,0,1,165,"28.3867° N, 76.9485° E",28.3867,76.9485
flat,ats triumph★,sector 104,2.62,8317.0,4,4,3+,14.0,Relatively New,2851.0,0,1,0,0,0,2,174,"28.4788° N, 76.9960° E",28.4788,76.996
flat,dlf new town heights ★,sector 86,1.3,6736.0,3,3,3,12.0,Moderately Old,1747.0,0,1,0,1,0,2,106,"28.3986° N, 76.9384° E",28.3986,76.9384
flat,sobha city,sector 108,4.1,23402.0,4,5,3,25.0,New Property,2343.0,1,1,0,0,0,0,97,"28.5134° N, 76.9830° E",28.5134,76.983
flat,rof ananda,sector 95,0.38,58.0,2,2,2,10.0,New Property,65517.0,1,0,0,0,0,2,15,"28.4172° N, 76.9081° E",28.4172,76.9081
flat,ramsons kshitij★,sector 95,0.32,500.0,2,2,1,8.0,Relatively New,563.0,0,0,0,0,1,0,28,"28.4172° N, 76.9081° E",28.4172,76.9081
flat,tulip violet★,sector 69,1.37,8908.0,3,3,1,12.0,Relatively New,1392.0,0,0,0,0,0,2,116,"28.3966° N, 77.0341° E",28.3966,77.0341
flat,pioneer araya★,sector 62,8.35,19514.0,4,6,3,16.0,Relatively New,3872.0,0,1,0,1,0,2,153,"28.4139° N, 77.0886° E",28.4139,77.0886
flat,dlf regency park ★,sector 28,2.35,13225.0,3,3,2,18.0,Old Property,1608.0,0,1,0,0,0,2,120,"28.4728° N, 77.0865° E",28.4728,77.0865
flat,birla navya,sector 63a,3.5,25926.0,3,3,3,1.0,Under Construction,1350.0,0,0,0,0,0,2,38,"28.3923° N, 77.0888° E",28.3923,77.0888
flat,unitech vistas,sector 70,0.99,6326.0,3,4,2,11.0,Under Construction,1416.0,0,0,0,0,0,2,0,"28.3968° N, 77.0233° E",28.3968,77.0233
flat,emaar mgf palm studios,sector 66,1.7,13503.0,2,2,2,7.0,Relatively New,1072.0,0,0,0,0,1,2,99,"28.3925° N, 77.0541° E",28.3925,77.0541
flat,allure homes,sector 12,0.72,808.0,2,2,1,2.0,Relatively New,8910.0,0,0,0,0,1,1,16,"28.4723° N, 77.0320° E",28.4723,77.032
flat,signature global solera★,sector 107,0.35,711.0,2,2,2,8.0,Relatively New,4923.0,0,0,0,0,0,2,45,"28.5052° N, 76.9729° E",28.5052,76.9729
flat,emaar gurgaon greens★,sector 102,1.45,8788.0,3,3,3,8.0,Relatively New,1300.0,0,1,0,0,0,2,49,"28.4750° N, 76.9715° E",28.475,76.9715
flat,experion windchants★,sector 112,3.29,11742.0,3,3,3+,2.0,Relatively New,2225.56,0,1,0,0,0,1,152,"28.5189° N, 77.0183° E",28.5189,77.0183
flat,emaar gurgaon greens★,sector 102,1.45,8788.0,3,3,3,7.0,Relatively New,1493.0,0,1,0,0,0,2,159,"28.4750° N, 76.9715° E",28.475,76.9715
flat,the lions cghs,sector 56,2.05,9535.0,4,4,3,7.0,Relatively New,2000.0,0,1,0,0,1,1,49,"28.4245° N, 77.0991° E",28.4245,77.0991
flat,kiran residency,sector 56,1.55,7750.0,3,3,3,5.0,Old Property,1810.0,0,1,0,0,0,1,52,"28.4245° N, 77.0991° E",28.4245,77.0991
flat,central park bellevue,sector 48,5.0,11628.0,3,4,3,14.0,Moderately Old,4300.0,0,0,0,0,0,2,82,"28.4177° N, 77.0359° E",28.4177,77.0359
flat,mm the tree of life,sector 111,2.35,14551.0,3,3,3+,5.0,Under Construction,1615.0,0,0,0,0,0,2,0,"28.5238° N, 77.0320° E",28.5238,77.032
flat,paras dews,sector 106,1.25,11062.0,3,4,3+,7.0,Relatively New,1186.0,1,1,0,0,0,2,167,"28.5007° N, 77.0003° E",28.5007,77.0003
flat,conscient elevate,sector 59,4.02,17501.0,3,3,1,3.0,Under Construction,2297.0,0,0,0,0,0,2,31,"28.4051° N, 77.1097° E",28.4051,77.1097
flat,dlf new town heights ★,sector 90,1.2,6218.0,3,3,3+,15.0,Relatively New,1747.0,0,0,0,0,0,2,37,"28.4085° N, 76.9369° E",28.4085,76.9369
flat,adani mk oyster grande★,sector 102,1.9,14074.0,3,4,3,21.0,Relatively New,1605.0,0,1,0,0,0,2,60,"28.4750° N, 76.9715° E",28.475,76.9715
flat,pyramid urban homes,sector 86,0.6,889.0,3,2,2,2.0,New Property,6750.0,0,0,0,0,0,2,13,"28.3986° N, 76.9384° E",28.3986,76.9384
flat,dlf regal gardens★,sector 90,1.26,7403.0,3,3,3,6.0,Relatively New,1603.0,0,0,0,0,1,1,28,"28.4085° N, 76.9369° E",28.4085,76.9369
flat,the close north★,sector 50,3.0,11516.0,3,3,3+,14.0,Old Property,2357.0,0,1,0,0,0,1,121,"28.4178° N, 77.0628° E",28.4178,77.0628
flat,spaze privy★,sector 72,1.9,9620.0,3,3,3,10.0,Moderately Old,1787.0,0,1,0,0,0,1,31,"28.4225° N, 77.0211° E",28.4225,77.0211
flat,pareena coban residences,sector 99a,1.32,6610.0,3,5,3,11.0,New Property,1737.0,0,1,0,0,0,2,88,"28.4561° N, 76.9542° E",28.4561,76.9542
flat,sare crescent parc★,sector 92,0.9,4278.0,4,5,3+,14.0,Relatively New,1692.0,0,1,0,0,1,2,62,"28.4079° N, 76.9153° E",28.4079,76.9153
flat,godrej oasis★,sector 88a,1.5,8108.0,3,3,3+,11.0,New Property,1674.0,0,0,0,0,0,2,39,"28.4347° N, 76.9557° E",28.4347,76.9557
flat,emaar digihomes,sector 62,2.1,13926.0,2,2,3,12.0,New Property,1500.0,0,0,0,0,1,1,49,"28.4139° N, 77.0886° E",28.4139,77.0886
flat,adani brahma samsara vilasa,sector 63,3.4,10000.0,3,3,3+,1.0,New Property,3077.0,0,0,0,0,0,2,99,"28.3971° N, 77.0867° E",28.3971,77.0867
flat,unitech the residences★,sector 33,1.35,8738.0,3,4,2,8.0,Moderately Old,1398.0,0,1,0,0,0,2,49,"28.4420° N, 77.0207° E",28.442,77.0207
flat,mm heights,sector 65,2.78,15200.0,3,3,3,44.0,Relatively New,1829.0,0,0,0,0,0,2,56,"28.4030° N, 77.0690° E",28.403,77.069
flat,parkwood westend,sector 92,0.7,5204.0,2,2,3,5.0,Under Construction,1217.0,1,0,0,0,0,2,0,"28.4079° N, 76.9153° E",28.4079,76.9153
flat,tarc maceo★,sector 91,0.9,6870.0,2,2,2,13.0,Relatively New,1186.0,0,0,0,0,0,0,67,"28.4014° N, 76.9225° E",28.4014,76.9225
flat,dlf express greens★,manesar,1.6,6809.0,4,6,3+,4.0,Relatively New,2350.0,1,1,0,1,0,2,49,"28.3515° N, 76.9428° E",28.3515,76.9428
flat,sobha city,sector 108,3.75,14940.0,3,3,2,16.0,New Property,2120.0,0,1,0,0,0,2,77,"28.5134° N, 76.9830° E",28.5134,76.983
flat,central park bellevue,sector 48,2.75,10755.0,3,4,3+,3.0,Moderately Old,2574.0,0,0,0,0,0,2,32,"28.4177° N, 77.0359° E",28.4177,77.0359
flat,ambience creacions,sector 22,1.65,11957.0,2,2,2,9.0,Relatively New,1200.0,0,0,0,1,1,0,133,"28.5072° N, 77.0640° E",28.5072,77.064
flat,assotech blith,sector 99,1.6,6667.0,3,4,0,15.0,New Property,2400.0,0,0,0,0,0,2,51,"28.4640° N, 76.9614° E",28.464,76.9614
flat,smart world orchard,sector 61,2.45,15796.0,3,3,3,3.0,New Property,1223.0,1,1,0,0,0,2,119,"28.4050° N, 77.0963° E",28.405,77.0963
flat,ss the leaf★,sector 85,2.05,7290.0,4,4,3+,4.0,Relatively New,2500.0,0,1,0,0,0,1,49,"28.4042° N, 76.9513° E",28.4042,76.9513
flat,viridian the plaza,sector 106,0.46,730.0,1,1,1,18.0,New Property,6300.0,0,0,0,0,0,2,104,"28.5007° N, 77.0003° E",28.5007,77.0003
flat,mm the marina★,sector 68,1.02,8095.0,2,2,2,11.0,Relatively New,1250.0,0,0,0,0,1,1,49,"28.3853° N, 77.0484° E",28.3853,77.0484
flat,ss the leaf★,sector 85,1.3,7927.0,2,2,2,17.0,New Property,1484.0,0,0,0,0,0,2,90,"28.4042° N, 76.9513° E",28.4042,76.9513
flat,bestech park view residency★,sector 2,1.36,7645.0,3,3,3+,5.0,Moderately Old,1611.0,0,0,0,0,0,2,84,"28.5095° N, 77.0320° E",28.5095,77.032
flat,shree vardhman flora★,sector 90,0.8,5926.0,2,3,2,0.0,Relatively New,1350.0,0,0,0,0,0,2,0,"28.4085° N, 76.9369° E",28.4085,76.9369
flat,valley view estate,gwal pahari,0.38,677.0,1,1,1,11.0,Moderately Old,565.0,0,0,0,0,0,2,42,"28.4484° N, 77.0210° E",28.4484,77.021
flat,mm skywalk,sector 74,1.54,11000.0,2,2,3+,22.0,Relatively New,1200.0,0,0,0,0,1,2,137,"28.4158° N, 77.0118° E",28.4158,77.0118
flat,sare petioles,sector 92,1.22,5250.0,4,3,3,9.0,Under Construction,2324.0,0,1,0,0,0,2,99,"28.4079° N, 76.9153° E",28.4079,76.9153
flat,sbtl caladium,sector 109,1.9,6219.0,4,4,3,8.0,Relatively New,2765.0,0,1,0,0,0,2,151,"28.5073° N, 77.0089° E",28.5073,77.0089
flat,smart world one,sector 12,1.65,5933.0,3,4,3,6.0,Under Construction,2781.0,0,0,0,0,0,2,0,"28.4723° N, 77.0320° E",28.4723,77.032
flat,tata primanti★,sector 72,3.4,15561.0,3,4,3+,9.0,Moderately Old,2185.0,0,1,0,0,0,2,38,"28.4225° N, 77.0211° E",28.4225,77.0211
flat,ats triumph★,sector 104,1.8,7860.0,3,4,3,14.0,New Property,2290.0,0,0,0,0,0,2,60,"28.4788° N, 76.9960° E",28.4788,76.996
flat,smart world orchard,sector 61,2.41,14785.0,3,3,3,2.0,New Property,1806.0,0,0,0,0,0,2,61,"28.4050° N, 77.0963° E",28.405,77.0963
flat,palam vihar extension west zone rwa,sector 2,0.2,444.0,1,1,1,1.0,Moderately Old,4500.0,0,0,0,0,1,2,0,"28.5095° N, 77.0320° E",28.5095,77.032
flat,signature global synera★,sector 81,0.31,826.0,1,1,1,13.0,Relatively New,366.0,0,0,0,0,0,0,123,"28.3867° N, 76.9485° E",28.3867,76.9485
flat,sidhartha ncr one phase ★,sector 95,0.46,516.0,2,2,0,6.0,Relatively New,8910.0,0,0,0,0,0,2,0,"28.4172° N, 76.9081° E",28.4172,76.9081
flat,mm capital,sector 113,1.83,13969.0,2,2,0,7.0,New Property,1310.0,0,0,0,0,0,2,0,"28.5287° N, 77.0233° E",28.5287,77.0233
flat,ireo victory valley★,sector 67,3.05,16267.0,3,4,2,35.0,Relatively New,2200.0,1,1,0,0,0,1,165,"28.3859° N, 77.0608° E",28.3859,77.0608
flat,tarc maceo★,sector 91,1.75,11118.0,4,3,3+,8.0,Relatively New,2107.0,1,1,1,1,0,2,128,"28.4014° N, 76.9225° E",28.4014,76.9225
flat,signature global synera★,sector 81,0.48,892.0,2,2,1,14.0,Relatively New,547.0,0,0,0,0,0,1,14,"28.3867° N, 76.9485° E",28.3867,76.9485
flat,gls avenue,sector 92,0.42,790.0,2,2,1,4.0,Relatively New,5319.0,1,0,0,1,0,1,42,"28.4079° N, 76.9153° E",28.4079,76.9153
flat,surendra avenue,sector 69,0.75,6818.0,2,2,2,4.0,Moderately Old,1100.0,0,0,0,0,0,2,0,"28.3966° N, 77.0341° E",28.3966,77.0341
flat,godrej oasis★,sector 88a,0.95,7269.0,2,2,2,6.0,Relatively New,1307.0,0,0,0,0,0,2,79,"28.4347° N, 76.9557° E",28.4347,76.9557
flat,smart world gems,sector 89,1.1,9973.0,3,1,0,0.0,New Property,1103.0,0,0,0,0,0,2,45,"28.4253° N, 76.9439° E",28.4253,76.9439
flat,paras dews,sector 106,1.2,11605.0,3,3,3,12.0,Relatively New,1145.0,1,0,0,0,0,2,158,"28.5007° N, 77.0003° E",28.5007,77.0003
flat,vatika lifestyle homes★,sector 83,1.04,5699.0,3,2,2,2.0,Moderately Old,1500.0,0,0,0,0,0,2,95,"28.3986° N, 76.9647° E",28.3986,76.9647
flat,signature global synera★,sector 81,0.38,1056.0,1,1,2,3.0,Relatively New,3600.0,0,0,0,0,0,2,43,"28.3867° N, 76.9485° E",28.3867,76.9485
flat,godrej summit★,sector 104,1.2,8299.0,3,2,3+,16.0,Relatively New,1446.0,1,0,0,1,0,1,142,"28.4788° N, 76.9960° E",28.4788,76.996
flat,dlf the arbour,sector 63,8.5,21519.0,4,4,0,27.0,New Property,3950.0,0,0,0,0,0,2,61,"28.3971° N, 77.0867° E",28.3971,77.0867
flat,godrej ★,sector 79,1.3,8270.0,2,2,3,3.0,New Property,1423.0,1,0,0,0,0,2,49,"28.3624° N, 76.9787° E",28.3624,76.9787
flat,dhoot time residency★,sector 63,3.0,18270.0,3,3,3+,14.0,Relatively New,1642.0,0,1,0,0,0,1,0,"28.3971° N, 77.0867° E",28.3971,77.0867
flat,dron apartment,sector 7,1.25,8803.0,3,3,2,3.0,Old Property,1420.0,0,0,0,0,0,0,75,"28.4644° N, 77.0143° E",28.4644,77.0143
flat,emaar palm gardens★,sector 83,1.75,9211.0,3,3,3,6.0,Relatively New,1600.0,0,1,0,0,0,1,150,"28.3986° N, 76.9647° E",28.3986,76.9647
flat,hero homes,sector 104,1.9,11249.0,3,3,3,16.0,Under Construction,1365.0,0,0,0,1,0,1,103,"28.4788° N, 76.9960° E",28.4788,76.996
flat,godrej ★,sector 79,1.29,8206.0,2,2,3,4.0,New Property,1423.0,0,0,0,0,0,2,0,"28.3624° N, 76.9787° E",28.3624,76.9787
flat,signature global solera★,sector 107,0.5,855.0,2,2,1,11.0,Relatively New,494.0,0,0,0,0,0,2,0,"28.5052° N, 76.9729° E",28.5052,76.9729
flat,puri emerald bay★,sector 104,1.32,8516.0,2,2,2,10.0,Relatively New,1403.0,0,0,0,0,0,2,128,"28.4788° N, 76.9960° E",28.4788,76.996
flat,bestech park view residency★,sector 2,1.18,7540.0,2,2,3,5.0,Old Property,1416.0,1,0,0,0,0,2,76,"28.5095° N, 77.0320° E",28.5095,77.032
flat,dlf the arbour,sector 63,7.52,18999.0,4,4,3,15.0,New Property,2444.0,0,0,0,0,0,2,61,"28.3971° N, 77.0867° E",28.3971,77.0867
flat,orris carnation residency★,sector 85,0.9,6429.0,3,3,2,12.0,Relatively New,1402.0,0,0,0,0,0,2,120,"28.4042° N, 76.9513° E",28.4042,76.9513
flat,dlf the ultima★,sector 81,2.35,11233.0,3,4,3+,18.0,Relatively New,1558.0,0,1,0,0,0,2,106,"28.3867° N, 76.9485° E",28.3867,76.9485
flat,tulip purple,sector 69,1.92,8000.0,4,5,3+,5.0,Relatively New,2172.0,0,1,0,0,0,1,158,"28.3966° N, 77.0341° E",28.3966,77.0341
flat,mapsko royale ville★,sector 82,0.97,5419.0,3,4,2,16.0,Relatively New,1620.0,0,1,0,0,0,2,95,"28.3935° N, 76.9600° E",28.3935,76.96
flat,ss,sector 85,2.17,7717.0,4,4,3,7.0,Relatively New,2600.0,1,1,0,1,0,2,49,"28.4042° N, 76.9513° E",28.4042,76.9513
flat,ireo the corridors,sector 67a,1.85,9531.0,3,4,3,4.0,New Property,1941.0,1,0,1,0,0,1,150,"28.3960° N, 77.0372° E",28.396,77.0372
flat,godrej summit★,sector 104,0.85,6894.0,2,2,3,12.0,Relatively New,1233.0,1,0,0,0,1,2,61,"28.4788° N, 76.9960° E",28.4788,76.996
flat,emaar mgf palm hills★,sector 77,1.25,8621.0,3,4,3,3.0,Relatively New,1310.0,1,1,0,0,0,2,49,"28.3801° N, 76.9845° E",28.3801,76.9845
flat,vatika gurgaon ★,sector 83,1.4,7179.0,4,4,3,10.0,Relatively New,1950.0,0,1,0,0,0,2,35,"28.3986° N, 76.9647° E",28.3986,76.9647
flat,siddhartha apartment,sector 95,0.72,3664.0,3,3,2,4.0,Relatively New,1800.0,0,0,0,0,1,2,21,"28.4172° N, 76.9081° E",28.4172,76.9081
flat,emaar gurgaon greens★,sector 102,1.38,13490.0,3,3,3,6.0,Relatively New,1315.0,0,1,0,0,0,1,128,"28.4750° N, 76.9715° E",28.475,76.9715
flat,tulip leaf,sector 69,2.06,11388.0,3,3,3,16.0,Relatively New,1640.0,0,0,0,0,0,2,49,"28.3966° N, 77.0341° E",28.3966,77.0341
flat,dlf apartment,sector 17,2.5,7143.0,4,4,3+,2.0,Old Property,3167.0,1,1,0,1,0,1,16,"28.4791° N, 77.0608° E",28.4791,77.0608
flat,experion windchants★,sector 112,3.65,12310.0,3,4,3+,14.0,Relatively New,2225.56,0,1,0,0,0,1,150,"28.5189° N, 77.0183° E",28.5189,77.0183
flat,the penthouses at the hibiscus,sector 50,8.5,8500.0,4,4,3,9.0,Moderately Old,10000.0,0,1,0,0,0,2,35,"28.4178° N, 77.0628° E",28.4178,77.0628
flat,dlf the ultima★,sector 81,2.4,11257.0,3,3,2,10.0,Relatively New,1800.0,0,1,0,0,0,0,174,"28.3867° N, 76.9485° E",28.3867,76.9485
flat,ild greens★,sector 37c,0.95,9223.0,2,2,3+,11.0,Relatively New,1179.0,0,0,1,1,0,1,119,"28.4515° N, 76.9882° E",28.4515,76.9882
flat,mm sierra,sector 68,1.2,9002.0,2,2,3,1.0,Relatively New,982.0,0,0,0,0,0,0,76,"28.3853° N, 77.0484° E",28.3853,77.0484
flat,krrish provence estate,sector 12,7.5,7500.0,5,6,3+,23.0,Relatively New,9050.0,0,1,0,1,1,2,49,"28.4723° N, 77.0320° E",28.4723,77.032
flat,emaar mgf emerald floors premier★,sector 65,2.29,13879.0,3,4,3+,2.0,Relatively New,1650.0,1,1,0,0,0,0,174,"28.4030° N, 77.0690° E",28.403,77.069
flat,ramsons kshitij★,sector 95,0.4,649.0,3,2,2,6.0,Relatively New,6165.0,0,0,0,0,0,2,0,"28.4172° N, 76.9081° E",28.4172,76.9081
flat,ansal api sushant estate★,sector 52,0.29,1289.0,1,1,0,0.0,Moderately Old,2250.0,0,0,0,0,0,1,49,"28.4379° N, 77.0785° E",28.4379,77.0785
flat,ambience creacions,sector 22,2.79,15000.0,3,3,3,13.0,New Property,1860.0,0,0,0,0,0,0,158,"28.5072° N, 77.0640° E",28.5072,77.064
flat,sare homes,sector 92,0.65,4587.0,3,3,2,3.0,Relatively New,1417.0,0,0,0,0,0,2,6,"28.4079° N, 76.9153° E",28.4079,76.9153
flat,suncity vatsal valley,sector 12,1.38,9650.0,3,3,2,1.0,Relatively New,1294.0,0,0,0,0,0,1,151,"28.4723° N, 77.0320° E",28.4723,77.032
flat,smriti apartment,sector 56,0.6,1111.0,1,1,1,2.0,Moderately Old,543.0,0,0,0,0,0,2,49,"28.4245° N, 77.0991° E",28.4245,77.0991
flat,alpha corp gurgaonone ★,sector 84,1.2,9449.0,2,2,1,6.0,Relatively New,1149.0,0,0,0,0,0,2,13,"28.3979° N, 76.9736° E",28.3979,76.9736
flat,sobha city,sector 108,2.1,13972.0,2,2,2,3.0,Under Construction,1250.0,0,0,0,0,0,2,74,"28.5134° N, 76.9830° E",28.5134,76.983
flat,pivotal devaan,sector 84,0.34,648.0,2,2,1,3.0,Relatively New,533.0,0,0,1,0,0,2,75,"28.3979° N, 76.9736° E",28.3979,76.9736
flat,smart world gems,sector 89,0.88,7978.0,2,2,0,2.0,New Property,1103.0,0,0,0,0,0,2,45,"28.4253° N, 76.9439° E",28.4253,76.9439
flat,cghs airport apartment,sector 47,1.8,6000.0,4,4,3+,4.0,Moderately Old,2857.0,0,0,1,0,0,1,120,"28.4276° N, 77.0492° E",28.4276,77.0492
flat,bestech park view sanskruti★,sector 92,1.55,7568.0,3,4,3,16.0,Relatively New,1805.0,0,1,0,0,0,1,60,"28.4079° N, 76.9153° E",28.4079,76.9153
flat,dlf regal gardens★,sector 90,1.17,6709.0,3,3,3,15.0,Relatively New,1630.0,0,0,0,0,0,1,136,"28.4085° N, 76.9369° E",28.4085,76.9369
flat,mm sky lofts,sector 71,1.0,1277.0,1,1,1,9.0,Moderately Old,483.0,0,0,0,0,0,2,0,"28.4104° N, 77.0281° E",28.4104,77.0281
flat,mm woodshire★,sector 107,1.3,8922.0,3,3,3+,4.0,Relatively New,1554.0,0,0,0,1,0,1,174,"28.5052° N, 76.9729° E",28.5052,76.9729
flat,godrej aria★,sector 79,1.7,7427.0,3,4,3+,6.0,New Property,1659.0,0,1,0,0,0,2,81,"28.3624° N, 76.9787° E",28.3624,76.9787
flat,tata primanti★,sector 72,3.21,16050.0,3,4,3+,15.0,Relatively New,2140.0,0,1,0,0,0,1,174,"28.4225° N, 77.0211° E",28.4225,77.0211
flat,birla navya,sector 63a,3.7,15417.0,3,3,3+,1.0,Under Construction,2400.0,0,0,0,0,0,2,72,"28.3923° N, 77.0888° E",28.3923,77.0888
flat,ireo the corridors,sector 67a,1.8,9370.0,3,3,2,3.0,New Property,1551.0,1,0,1,0,0,1,150,"28.3960° N, 77.0372° E",28.396,77.0372
flat,ss the leaf★,sector 85,1.1,6318.0,2,2,3+,3.0,Relatively New,1464.0,0,0,1,0,0,2,143,"28.4042° N, 76.9513° E",28.4042,76.9513
flat,orchid petals★,sector 49,4.21,11836.0,5,6,3+,14.0,Relatively New,3219.0,0,1,0,1,0,2,35,"28.4121° N, 77.0480° E",28.4121,77.048
flat,la vida by tata housing,sector 113,3.05,11338.0,3,4,3,15.0,New Property,2600.0,0,1,0,0,0,2,174,"28.5287° N, 77.0233° E",28.5287,77.0233
flat,tata primanti★,sector 72,3.25,10545.0,3,3,3,2.0,Moderately Old,2986.0,0,1,0,0,0,2,94,"28.4225° N, 77.0211° E",28.4225,77.0211
flat,maruti vihar colony,sector 28,0.95,8887.0,2,1,1,1.0,Old Property,1069.0,0,0,0,0,0,2,59,"28.4728° N, 77.0865° E",28.4728,77.0865
flat,imperia the esfera,sector 37c,0.95,5702.0,2,2,0,17.0,Under Construction,1666.0,0,1,0,0,0,2,66,"28.4515° N, 76.9882° E",28.4515,76.9882
flat,umang monsoon breeze,sector 78,1.1,5055.0,3,3,3+,9.0,Old Property,2176.0,0,1,0,0,0,2,80,"28.3733° N, 76.9729° E",28.3733,76.9729
flat,la vida by tata housing,sector 113,1.85,11716.0,3,2,2,7.0,New Property,1429.0,0,0,0,0,0,2,13,"28.5287° N, 77.0233° E",28.5287,77.0233
flat,indiabulls centrum park★,sector 103,1.35,7542.0,3,3,3+,3.0,Relatively New,1620.0,1,0,0,0,0,1,168,"28.4949° N, 76.9845° E",28.4949,76.9845
flat,ats tourmaline★,sector 109,1.4,8000.0,3,3,3+,9.0,Relatively New,1584.0,0,0,0,0,0,2,95,"28.5073° N, 77.0089° E",28.5073,77.0089
flat,maruti vihar,sector 28,1.0,9091.0,1,1,1,1.0,Old Property,995.0,1,0,0,1,0,1,80,"28.4728° N, 77.0865° E",28.4728,77.0865
flat,the close north★,sector 50,2.65,10685.0,3,4,3+,6.0,Moderately Old,2470.0,0,1,0,0,0,1,174,"28.4178° N, 77.0628° E",28.4178,77.0628
flat,the ivy,sector 56,6.0,15765.0,4,5,3,2.0,Old Property,3806.0,0,0,0,0,0,2,0,"28.4245° N, 77.0991° E",28.4245,77.0991
flat,unitech sunbreeze,sector 69,0.75,6849.0,2,2,2,4.0,Under Construction,991.0,0,0,0,0,0,2,0,"28.3966° N, 77.0341° E",28.3966,77.0341
flat,raheja revanta,sector 78,0.99,6100.0,2,2,3,14.0,Under Construction,1467.0,0,0,0,0,1,2,39,"28.3733° N, 76.9729° E",28.3733,76.9729
flat,eros wembley estate★,sector 50,1.4,10174.0,3,3,2,9.0,Relatively New,1245.0,0,0,1,0,0,1,117,"28.4178° N, 77.0628° E",28.4178,77.0628
flat,ramprastha primera,sector 37d,1.08,6000.0,3,3,3,9.0,Relatively New,1700.0,0,0,0,0,0,2,158,"28.4478° N, 76.9703° E",28.4478,76.9703
flat,godrej icon,sector 88a,1.75,1384.0,3,3,3+,6.0,New Property,12645.0,0,0,0,0,0,2,55,"28.4347° N, 76.9557° E",28.4347,76.9557
flat,mm golfestate★,sector 65,5.9,17481.0,3,3,3,18.0,Relatively New,3043.0,1,1,0,0,0,2,76,"28.4030° N, 77.0690° E",28.403,77.069
flat,pareena coban residences,sector 99a,1.3,6510.0,3,3,0,16.0,New Property,1997.0,0,0,0,0,0,2,0,"28.4561° N, 76.9542° E",28.4561,76.9542
flat,shree vardhman mantra★,sector 67,0.56,778.0,2,2,1,8.0,New Property,7200.0,0,0,0,0,0,2,65,"28.3859° N, 77.0608° E",28.3859,77.0608
flat,mm skywalk,sector 74,1.78,12500.0,2,2,3+,12.0,Relatively New,1424.0,0,0,0,0,0,2,0,"28.4158° N, 77.0118° E",28.4158,77.0118
flat,tata primanti★,sector 72,4.0,13769.0,4,5,3+,9.0,Relatively New,2800.0,0,1,0,0,0,1,165,"28.4225° N, 77.0211° E",28.4225,77.0211
flat,mm heights,sector 65,2.29,15980.0,2,2,3,8.0,Under Construction,1433.0,1,0,0,0,0,2,15,"28.4030° N, 77.0690° E",28.403,77.069
flat,supertech araville,sector 79,0.71,6063.0,2,2,3+,17.0,New Property,1280.0,0,0,0,0,1,2,53,"28.3624° N, 76.9787° E",28.3624,76.9787
flat,orchid petals★,sector 49,2.23,10969.0,3,3,3,14.0,Relatively New,1840.0,0,0,0,0,1,2,40,"28.4121° N, 77.0480° E",28.4121,77.048
flat,kendriya vihar★,sector 56,0.47,863.0,1,1,1,3.0,Old Property,5445.0,0,0,0,0,0,1,52,"28.4245° N, 77.0991° E",28.4245,77.0991
flat,rof ananda,sector 95,0.38,656.0,3,2,1,2.0,Relatively New,5796.0,0,0,0,1,0,1,66,"28.4172° N, 76.9081° E",28.4172,76.9081
flat,vatika india next★,sector 82,0.8,6426.0,2,2,3,9.0,Relatively New,1245.0,0,0,0,0,0,2,0,"28.3935° N, 76.9600° E",28.3935,76.96
flat,suncity vatsal valley,sector 12,1.53,10699.0,3,3,3,2.0,New Property,1430.0,0,0,0,0,0,1,117,"28.4723° N, 77.0320° E",28.4723,77.032
flat,tulip violet★,sector 69,1.3,8447.0,3,3,1,12.0,Relatively New,1392.0,0,0,0,1,0,1,94,"28.3966° N, 77.0341° E",28.3966,77.0341
flat,dlf regal gardens★,sector 90,1.27,5498.0,3,3,3+,2.0,Relatively New,1500.0,0,0,0,0,1,2,72,"28.4085° N, 76.9369° E",28.4085,76.9369
flat,unitech the palms,sector 41,2.75,16768.0,3,3,2,14.0,Old Property,1640.0,0,0,0,0,0,0,79,"28.4557° N, 77.0632° E",28.4557,77.0632
flat,brisk lumbini terrace homes,sector 109,1.38,6339.0,3,3,1,4.0,Moderately Old,2177.0,0,0,0,0,0,2,20,"28.5073° N, 77.0089° E",28.5073,77.0089
flat,siddhi vinayak apartments,sector 55,1.44,9600.0,3,3,2,6.0,Moderately Old,1700.0,0,0,0,0,1,1,47,"28.4281° N, 77.1100° E",28.4281,77.11
flat,ats kocoon,sector 109,1.7,9742.0,3,3,3,21.0,Moderately Old,1550.0,0,0,0,0,0,2,49,"28.5073° N, 77.0089° E",28.5073,77.0089
flat,vatika city★,sector 49,1.85,10577.0,3,3,1,7.0,Moderately Old,1471.12,0,0,1,1,0,2,158,"28.4121° N, 77.0480° E",28.4121,77.048
flat,the cocoon,sector 12,2.0,13333.0,3,3,3,5.0,New Property,1357.0,0,0,0,0,0,2,0,"28.4723° N, 77.0320° E",28.4723,77.032
flat,emaar digihomes,sector 62,2.15,14257.0,2,2,3,31.0,Under Construction,1508.0,0,0,0,0,0,2,101,"28.4139° N, 77.0886° E",28.4139,77.0886
flat,dlf the skycourt,sector 86,1.54,9222.0,3,3,3+,15.0,Relatively New,1780.0,0,1,0,0,0,2,174,"28.3986° N, 76.9384° E",28.3986,76.9384
flat,gls avenue,sector 92,0.39,675.0,3,3,3+,6.0,Relatively New,5778.0,0,0,0,0,0,2,104,"28.4079° N, 76.9153° E",28.4079,76.9153
flat,signature global synera★,sector 81,0.5,876.0,2,2,1,11.0,New Property,5706.0,0,0,0,0,0,0,97,"28.3867° N, 76.9485° E",28.3867,76.9485
flat,godrej aria★,sector 79,1.3,8844.0,2,2,2,7.0,Relatively New,1330.0,1,0,0,0,0,1,116,"28.3624° N, 76.9787° E",28.3624,76.9787
flat,emaar mgf the enclave,sector 66,1.9,10556.0,3,4,2,8.0,Relatively New,1850.0,0,1,0,0,0,1,174,"28.3925° N, 77.0541° E",28.3925,77.0541
flat,supertech araville,sector 79,1.1,5641.0,3,3,3,1.0,Relatively New,1950.0,0,0,0,0,0,1,106,"28.3624° N, 76.9787° E",28.3624,76.9787
flat,ramprastha skyz,sector 37d,1.0,4943.0,3,5,3,11.0,Under Construction,1833.0,0,1,0,0,1,2,8,"28.4478° N, 76.9703° E",28.4478,76.9703
flat,raheja atlantis★,sector 31,5.5,18688.0,4,5,3+,1.0,Relatively New,2663.0,1,1,0,1,0,2,81,"28.4528° N, 77.0498° E",28.4528,77.0498
flat,dlf regency park ★,sector 28,2.3,11819.0,3,3,3,7.0,Moderately Old,1946.0,0,1,0,0,0,2,117,"28.4728° N, 77.0865° E",28.4728,77.0865
flat,puri the aravallis,sector 61,3.9,33220.0,3,4,3+,33.0,Under Construction,1174.0,0,1,0,0,0,2,158,"28.4050° N, 77.0963° E",28.405,77.0963
flat,vatika sovereign park,sector 99,3.25,9673.0,4,4,3+,2.0,New Property,3041.0,0,1,0,0,0,2,123,"28.4640° N, 76.9614° E",28.464,76.9614
flat,samaspurkunj,sector 17,0.55,5238.0,2,2,0,5.0,Relatively New,1050.0,0,0,0,0,0,2,36,"28.4791° N, 77.0608° E",28.4791,77.0608
flat,vatika sovereign next sector-a gurgaon,sector 82a,2.91,6700.0,4,4,3,6.0,Under Construction,3902.0,1,1,1,0,0,1,79,"28.3858° N, 76.9686° E",28.3858,76.9686
flat,orris aster court premier,sector 85,1.25,5896.0,3,4,2,5.0,Relatively New,1900.0,0,1,0,0,0,1,174,"28.4042° N, 76.9513° E",28.4042,76.9513
flat,shree vardhman victoria★,sector 70,1.64,8410.0,3,5,3,8.0,Relatively New,1527.0,0,1,0,0,0,2,126,"28.3968° N, 77.0233° E",28.3968,77.0233
flat,la vida by tata housing,sector 113,2.35,13352.0,3,4,3,3.0,Relatively New,1930.0,0,1,0,0,0,2,174,"28.5287° N, 77.0233° E",28.5287,77.0233
flat,emaar mgf palm hills★,sector 77,1.65,8462.0,4,3,3,9.0,Relatively New,1765.0,0,1,0,0,0,2,100,"28.3801° N, 76.9845° E",28.3801,76.9845
flat,pioneer araya★,sector 62,9.95,20996.0,4,6,3,12.0,Relatively New,3933.0,0,1,0,1,0,1,138,"28.4139° N, 77.0886° E",28.4139,77.0886
flat,bptp terra★,sector 37d,1.65,8791.0,3,3,2,15.0,Relatively New,1699.0,0,0,0,0,0,2,116,"28.4478° N, 76.9703° E",28.4478,76.9703
flat,bestech park view spa next★,sector 67,2.7,11489.0,4,4,3+,9.0,Moderately Old,2127.0,0,1,0,1,0,1,149,"28.3859° N, 77.0608° E",28.3859,77.0608
flat,shapoorji pallonji joyville gurugram★,sector 102,2.5,13998.0,3,3,3,15.0,Under Construction,1653.0,0,0,0,0,0,2,151,"28.4750° N, 76.9715° E",28.475,76.9715
flat,emaar mgf emerald floors premier★,sector 65,2.0,12121.0,3,3,3,1.0,Relatively New,1650.0,0,1,0,0,0,1,124,"28.4030° N, 77.0690° E",28.403,77.069
flat,ramprastha the edge towers★,sector 37d,0.8,5797.0,2,2,3,2.0,Relatively New,1300.0,0,0,0,0,0,2,78,"28.4478° N, 76.9703° E",28.4478,76.9703
flat,mm heights,sector 65,2.5,13602.0,3,3,3,19.0,Under Construction,1654.0,0,0,0,0,0,2,0,"28.4030° N, 77.0690° E",28.403,77.069
flat,pareena coban residences,sector 99a,1.08,6626.0,3,5,3,2.0,Relatively New,1750.0,0,1,0,0,1,2,49,"28.4561° N, 76.9542° E",28.4561,76.9542
flat,sare homes,sector 92,1.18,5207.0,4,4,3,8.0,Relatively New,2266.0,0,1,0,0,0,2,108,"28.4079° N, 76.9153° E",28.4079,76.9153
flat,mm skywalk,sector 74,1.47,10954.0,2,2,3,26.0,New Property,1281.0,0,0,0,0,0,1,31,"28.4158° N, 77.0118° E",28.4158,77.0118
flat,dlf the ultima★,sector 81,2.34,11185.0,3,4,3+,14.0,Relatively New,1760.0,0,1,0,0,0,0,174,"28.3867° N, 76.9485° E",28.3867,76.9485
flat,rof ananda,sector 95,0.37,638.0,3,2,1,6.0,Relatively New,5796.0,0,0,0,1,0,1,72,"28.4172° N, 76.9081° E",28.4172,76.9081
flat,ramsons kshitij★,sector 95,0.33,434.0,2,2,1,14.0,New Property,694.0,0,0,0,0,1,1,79,"28.4172° N, 76.9081° E",28.4172,76.9081
flat,lord krishna,sector 12,2.7,8571.0,4,3,3,6.0,Relatively New,3150.0,0,0,0,0,0,2,0,"28.4723° N, 77.0320° E",28.4723,77.032
flat,ild greens★,sector 37c,0.75,5245.0,2,2,3+,13.0,Relatively New,1430.0,0,0,0,0,0,2,0,"28.4515° N, 76.9882° E",28.4515,76.9882
flat,shree vardhman flora★,sector 90,0.7,5385.0,2,2,3,13.0,New Property,1176.0,1,0,0,0,0,2,15,"28.4085° N, 76.9369° E",28.4085,76.9369
flat,vatika gurgaon ★,sector 83,1.12,6455.0,3,3,2,4.0,Relatively New,1200.0,1,1,1,1,0,1,165,"28.3986° N, 76.9647° E",28.3986,76.9647
flat,sare green parc phase,sector 92,1.1,6875.0,4,3,2,12.0,New Property,1600.0,0,0,0,0,0,2,15,"28.4079° N, 76.9153° E",28.4079,76.9153
flat,suncity platinum towers,sector 28,6.0,22346.0,3,3,2,8.0,Moderately Old,2685.0,0,1,0,0,0,2,31,"28.4728° N, 77.0865° E",28.4728,77.0865
flat,ireo skyon★,sector 60,2.65,13125.0,3,4,3+,7.0,Moderately Old,2037.0,0,1,0,0,0,1,152,"28.4003° N, 77.0975° E",28.4003,77.0975
flat,tulip violet★,sector 69,1.4,8838.0,3,3,2,1.0,Relatively New,1428.0,0,0,0,0,0,2,95,"28.3966° N, 77.0341° E",28.3966,77.0341
flat,eden landmark,manesar,0.5,3846.0,2,2,0,7.0,Under Construction,1300.0,0,0,0,0,0,2,0,"28.3515° N, 76.9428° E",28.3515,76.9428
flat,mm merlin★,sector 67,2.65,12946.0,3,3,3,0.0,Relatively New,2047.0,0,0,0,0,1,1,174,"28.3859° N, 77.0608° E",28.3859,77.0608
flat,shree vardhman flora★,sector 90,0.66,5077.0,2,2,3,4.0,Relatively New,1122.0,1,0,0,0,0,2,119,"28.4085° N, 76.9369° E",28.4085,76.9369
flat,vipul world floors,sector 48,4.3,13871.0,4,5,3+,4.0,New Property,3100.0,1,1,0,1,0,2,88,"28.4177° N, 77.0359° E",28.4177,77.0359
flat,dlf regal gardens★,sector 90,1.78,8040.0,4,4,3+,12.0,Relatively New,2005.0,0,0,0,0,0,2,61,"28.4085° N, 76.9369° E",28.4085,76.9369
flat,conscient heritage max★,sector 102,2.2,10237.0,3,4,3+,9.0,Moderately Old,1945.0,1,1,0,0,0,2,125,"28.4750° N, 76.9715° E",28.475,76.9715
flat,the close north★,sector 50,2.97,11401.0,3,3,3+,8.0,Moderately Old,2600.0,0,1,0,0,0,1,174,"28.4178° N, 77.0628° E",28.4178,77.0628
flat,the close south★,sector 50,3.25,12810.0,3,4,3+,4.0,Old Property,2537.0,0,1,0,0,0,1,135,"28.4178° N, 77.0628° E",28.4178,77.0628
flat,signature global solera★,sector 107,0.28,631.0,2,2,2,11.0,Relatively New,4437.0,0,0,0,0,0,2,29,"28.5052° N, 76.9729° E",28.5052,76.9729
flat,professors enclave cghs,sector 56,1.54,8324.0,3,3,2,6.0,Old Property,1920.0,0,1,0,1,0,1,104,"28.4245° N, 77.0991° E",28.4245,77.0991
flat,essel tower,sector 28,2.2,12500.0,3,4,3+,3.0,Moderately Old,1760.0,0,1,0,0,0,0,0,"28.4728° N, 77.0865° E",28.4728,77.0865
flat,tulip violet★,sector 69,1.76,9514.0,3,4,2,0.0,Relatively New,1674.0,0,0,0,0,0,2,157,"28.3966° N, 77.0341° E",28.3966,77.0341
flat,ramsons kshitij★,sector 95,0.17,544.0,1,1,1,12.0,Relatively New,3125.0,0,0,0,0,0,2,56,"28.4172° N, 76.9081° E",28.4172,76.9081
flat,shree vardhman victoria★,sector 70,1.65,8462.0,3,4,3,1.0,Relatively New,1586.0,0,1,0,0,0,0,167,"28.3968° N, 77.0233° E",28.3968,77.0233
flat,vipul lavanya★,sector 81,0.64,5263.0,2,2,3,12.0,Relatively New,1216.0,0,0,0,0,0,1,93,"28.3867° N, 76.9485° E",28.3867,76.9485
flat,breez global heights,sector 36,0.24,647.0,1,1,1,8.0,New Property,3708.0,0,0,0,0,0,2,57,"28.4160° N, 76.9914° E",28.416,76.9914
flat,godrej icon,sector 88a,1.31,8101.0,2,2,3+,3.0,Relatively New,1463.0,1,0,0,0,0,2,102,"28.4347° N, 76.9557° E",28.4347,76.9557
flat,emaar mgf palm hills★,sector 77,1.55,7949.0,4,4,3+,2.0,Relatively New,1800.0,1,1,0,0,0,0,49,"28.3801° N, 76.9845° E",28.3801,76.9845
flat,signature global solera★,sector 107,0.28,636.0,2,2,2,10.0,Relatively New,4401.0,0,0,0,0,0,2,38,"28.5052° N, 76.9729° E",28.5052,76.9729
flat,mm woodshire★,sector 107,1.15,7497.0,2,2,3,0.0,Relatively New,1281.0,1,0,0,0,0,2,29,"28.5052° N, 76.9729° E",28.5052,76.9729
flat,mm skywalk,sector 74,1.4,9831.0,2,2,2,17.0,New Property,1289.0,0,0,0,0,0,1,167,"28.4158° N, 77.0118° E",28.4158,77.0118
flat,bptp terra★,sector 37d,1.45,8007.0,3,3,3,8.0,Relatively New,1711.0,0,0,0,0,0,2,149,"28.4478° N, 76.9703° E",28.4478,76.9703
flat,vatika gurgaon ★,sector 83,0.98,8167.0,2,2,3,5.0,Relatively New,1300.0,0,0,0,0,0,1,96,"28.3986° N, 76.9647° E",28.3986,76.9647
flat,dlf the ultima★,sector 81,2.25,10553.0,3,3,3+,6.0,New Property,1929.0,0,1,0,0,0,0,168,"28.3867° N, 76.9485° E",28.3867,76.9485
flat,shri banke bihari society★,sector 56,1.35,9643.0,3,3,3+,4.0,Old Property,1450.0,0,0,0,0,1,1,174,"28.4245° N, 77.0991° E",28.4245,77.0991
flat,sare green parc phase,sector 92,0.79,6086.0,3,2,2,15.0,New Property,1175.0,0,0,0,0,0,2,29,"28.4079° N, 76.9153° E",28.4079,76.9153
flat,orchid petals★,sector 49,4.16,11699.0,5,4,3+,14.0,Relatively New,3219.0,1,1,0,0,0,2,40,"28.4121° N, 77.0480° E",28.4121,77.048
flat,sare crescent parc★,sector 92,0.8,4211.0,4,3,2,10.0,Relatively New,1719.0,0,0,0,0,1,2,37,"28.4079° N, 76.9153° E",28.4079,76.9153
flat,floor type society,sector 11,0.4,741.0,2,2,1,1.0,Relatively New,5400.0,0,0,0,0,0,2,7,"28.4531° N, 77.0202° E",28.4531,77.0202
flat,ss the leaf★,sector 85,2.0,8306.0,3,4,3,6.0,Relatively New,2300.0,0,1,0,0,0,2,49,"28.4042° N, 76.9513° E",28.4042,76.9513
flat,emaar digihomes,sector 62,2.45,16003.0,2,2,2,7.0,New Property,1111.0,1,0,0,0,0,0,174,"28.4139° N, 77.0886° E",28.4139,77.0886
flat,mm heights,sector 65,3.67,17990.0,3,3,2,27.0,Under Construction,2040.0,0,1,0,0,0,2,43,"28.4030° N, 77.0690° E",28.403,77.069
flat,tata primanti★,sector 72,4.25,13077.0,4,4,3+,0.0,Relatively New,2941.0,0,1,0,0,0,1,174,"28.4225° N, 77.0211° E",28.4225,77.0211
flat,ats tourmaline★,sector 109,1.65,7674.0,3,3,3+,16.0,Relatively New,1946.0,0,1,0,0,0,1,49,"28.5073° N, 77.0089° E",28.5073,77.0089
flat,chd avenue ★,sector 71,1.32,6019.0,4,4,3,14.0,Moderately Old,1985.0,0,1,0,0,0,2,65,"28.4104° N, 77.0281° E",28.4104,77.0281
flat,shree vardhman flora★,sector 90,0.65,4815.0,2,2,3,6.0,Relatively New,1222.0,1,0,0,0,0,2,174,"28.4085° N, 76.9369° E",28.4085,76.9369
flat,ss almeria,sector 84,1.48,7400.0,3,3,2,1.0,New Property,1624.0,0,1,1,0,0,1,139,"28.3979° N, 76.9736° E",28.3979,76.9736
flat,puri the aravallis,sector 61,3.87,17200.0,3,4,3+,21.0,Under Construction,2250.0,0,1,0,0,0,2,58,"28.4050° N, 77.0963° E",28.405,77.0963
flat,pioneer park★,sector 61,3.6,12627.0,4,4,3,3.0,Moderately Old,2580.0,0,1,0,0,0,1,121,"28.4050° N, 77.0963° E",28.405,77.0963
flat,tulip violet★,sector 69,1.55,9639.0,3,3,2,2.0,Relatively New,1455.0,0,0,0,1,0,1,86,"28.3966° N, 77.0341° E",28.3966,77.0341
flat,shapoorji pallonji joyville gurugram★,sector 102,2.15,12707.0,3,3,3,10.0,Relatively New,1690.0,0,0,0,0,0,1,49,"28.4750° N, 76.9715° E",28.475,76.9715
flat,pioneer urban presidia,sector 62,7.15,16486.0,4,5,3+,7.0,Relatively New,3925.0,1,1,1,0,0,1,158,"28.4139° N, 77.0886° E",28.4139,77.0886
flat,pyramid urban homes,sector 86,0.44,813.0,2,2,2,6.0,Relatively New,5409.0,0,0,0,0,0,1,63,"28.3986° N, 76.9384° E",28.3986,76.9384
flat,emaar mgf palm hills★,sector 77,1.5,12744.0,3,3,3,4.0,Relatively New,1310.0,0,0,0,0,0,1,97,"28.3801° N, 76.9845° E",28.3801,76.9845
flat,vatika the seven lamps★,sector 82,0.85,5977.0,2,2,2,9.0,Relatively New,1294.0,1,0,0,0,0,2,117,"28.3935° N, 76.9600° E",28.3935,76.96
flat,mm woodshire★,sector 107,1.65,5961.0,4,5,3+,12.0,Relatively New,2505.0,0,1,0,0,0,2,21,"28.5052° N, 76.9729° E",28.5052,76.9729
flat,sare homes,sector 92,0.5,4237.0,3,3,2,1.0,Relatively New,1068.0,0,0,0,0,0,2,26,"28.4079° N, 76.9153° E",28.4079,76.9153
flat,mm heights,sector 65,2.65,18493.0,2,2,3,4.0,New Property,1433.0,1,0,0,0,0,2,38,"28.4030° N, 77.0690° E",28.403,77.069
flat,ss the leaf★,sector 85,1.3,7780.0,2,2,3+,16.0,Relatively New,1406.0,0,0,1,0,0,2,148,"28.4042° N, 76.9513° E",28.4042,76.9513
flat,sare homes,sector 92,1.19,5219.0,4,3,3,14.0,Relatively New,2280.0,0,1,0,0,0,2,100,"28.4079° N, 76.9153° E",28.4079,76.9153
flat,shapoorji pallonji joyville gurugram★,sector 102,1.4,11667.0,2,2,3,0.0,Relatively New,1286.0,0,0,0,0,0,2,80,"28.4750° N, 76.9715° E",28.475,76.9715
flat,dlf regency park ★,sector 28,1.24,12400.0,2,2,3+,19.0,Moderately Old,1050.0,0,0,0,1,0,1,157,"28.4728° N, 77.0865° E",28.4728,77.0865
flat,vatika independent floors★,sector 82,0.67,5826.0,2,2,3,2.0,Moderately Old,1150.0,0,0,0,0,0,2,53,"28.3935° N, 76.9600° E",28.3935,76.96
flat,park royal apartment,sector 56,1.71,7600.0,3,3,3+,5.0,Moderately Old,2500.0,0,1,0,0,0,1,118,"28.4245° N, 77.0991° E",28.4245,77.0991
flat,ireo victory valley★,sector 67,2.87,11904.0,3,3,3+,16.0,Relatively New,2095.0,0,1,0,0,0,1,174,"28.3859° N, 77.0608° E",28.3859,77.0608
flat,pyramid urban homes,sector 86,0.5,1068.0,2,2,1,10.0,Relatively New,4680.0,0,0,0,0,0,2,15,"28.3986° N, 76.9384° E",28.3986,76.9384
flat,satya the hermitage★,sector 103,0.99,6653.0,3,4,3+,2.0,Relatively New,1731.0,0,1,0,1,0,2,174,"28.4949° N, 76.9845° E",28.4949,76.9845
flat,dlf the ultima★,sector 81,2.3,14603.0,3,4,3+,27.0,Relatively New,1825.0,0,1,0,0,0,1,119,"28.3867° N, 76.9485° E",28.3867,76.9485
flat,shapoorji pallonji joyville gurugram★,sector 102,1.26,10370.0,2,2,3,7.0,Relatively New,1100.0,0,0,0,0,0,1,49,"28.4750° N, 76.9715° E",28.475,76.9715
flat,radhakrishna society,sector 23,0.55,5000.0,2,2,1,1.0,Moderately Old,995.0,0,0,0,0,0,1,29,"28.5121° N, 77.0478° E",28.5121,77.0478
flat,supertech hues,sector 68,0.9,7627.0,2,2,2,1.0,New Property,1180.0,0,0,0,0,0,2,44,"28.3853° N, 77.0484° E",28.3853,77.0484
flat,umang monsoon breeze,sector 78,1.15,5285.0,3,3,3,9.0,Moderately Old,1969.0,0,1,0,0,1,2,22,"28.3733° N, 76.9729° E",28.3733,76.9729
flat,bestech park view city ★,sector 49,3.0,12589.0,4,4,3,5.0,Moderately Old,2200.0,0,1,0,1,0,1,141,"28.4121° N, 77.0480° E",28.4121,77.048
flat,sunischit apartments,sector 54,1.75,7955.0,3,3,3+,6.0,Moderately Old,2100.0,0,1,0,0,0,1,126,"28.4348° N, 77.1089° E",28.4348,77.1089
flat,vatika gurgaon ★,sector 83,1.42,8875.0,4,4,3,7.0,Relatively New,2000.0,1,1,0,0,0,2,103,"28.3986° N, 76.9647° E",28.3986,76.9647
flat,rof ananda,sector 95,0.33,60.0,2,2,1,13.0,Relatively New,55000.0,0,0,0,0,0,2,37,"28.4172° N, 76.9081° E",28.4172,76.9081
flat,laxmi pareena,sector 99a,0.3,741.0,2,1,0,12.0,New Property,4050.0,0,0,0,0,0,2,0,"28.4561° N, 76.9542° E",28.4561,76.9542
flat,ireo the corridors,sector 67a,1.3,10031.0,2,2,2,1.0,New Property,1296.0,0,0,0,0,0,2,55,"28.3960° N, 77.0372° E",28.396,77.0372
flat,ats triumph★,sector 104,2.0,8734.0,3,4,3+,4.0,Relatively New,2072.0,0,1,0,0,0,2,60,"28.4788° N, 76.9960° E",28.4788,76.996
flat,dlf new town heights ★,sector 90,1.25,6477.0,3,3,3+,6.0,Relatively New,1929.0,0,1,0,1,0,2,136,"28.4085° N, 76.9369° E",28.4085,76.9369
flat,dlf royalton tower,sector 43,6.5,22109.0,4,5,2,8.0,Relatively New,2661.0,0,1,0,0,0,2,15,"28.4629° N, 77.0772° E",28.4629,77.0772
flat,birla navya,sector 63a,2.2,17488.0,2,3,3+,4.0,Under Construction,997.0,0,0,0,0,0,2,60,"28.3923° N, 77.0888° E",28.3923,77.0888
flat,ss the leaf★,sector 85,1.05,6402.0,2,2,3,6.0,Relatively New,1484.0,0,0,0,0,1,2,49,"28.4042° N, 76.9513° E",28.4042,76.9513
flat,ats tourmaline★,sector 109,1.75,8140.0,3,4,3+,9.0,Relatively New,1946.0,0,1,0,0,0,2,94,"28.5073° N, 77.0089° E",28.5073,77.0089
flat,park royal apartment,sector 56,1.85,9024.0,3,4,3,7.0,Old Property,2050.0,0,1,0,0,0,2,72,"28.4245° N, 77.0991° E",28.4245,77.0991
flat,suposhaa smartworld orchard,sector 61,2.17,14000.0,3,3,3,1.0,Under Construction,1550.0,0,0,0,0,0,2,0,"28.4050° N, 77.0963° E",28.405,77.0963
flat,ss the leaf★,sector 85,2.13,7575.0,4,4,3,6.0,Relatively New,2600.0,0,0,0,0,0,2,49,"28.4042° N, 76.9513° E",28.4042,76.9513
flat,ss the leaf★,sector 85,1.65,6852.0,3,4,3,9.0,New Property,2179.0,0,0,0,1,0,2,21,"28.4042° N, 76.9513° E",28.4042,76.9513
flat,bestech park view grand spa★,sector 81,3.0,9419.0,4,5,2,6.0,Relatively New,2882.0,0,1,0,0,0,1,110,"28.3867° N, 76.9485° E",28.3867,76.9485
flat,signature global city,sector 81,0.82,960.0,2,2,3,2.0,Relatively New,628.0,0,0,0,0,0,2,59,"28.3867° N, 76.9485° E",28.3867,76.9485
flat,ganga apartment,sector 11,0.74,6041.0,3,3,2,0.0,Relatively New,1225.0,0,0,0,0,0,2,62,"28.4531° N, 77.0202° E",28.4531,77.0202
flat,antriksh heights★,sector 84,0.89,4369.0,3,3,3,8.0,Relatively New,1833.0,0,0,0,1,0,2,67,"28.3979° N, 76.9736° E",28.3979,76.9736
flat,mm heights,sector 65,1.9,13991.0,2,2,2,40.0,Relatively New,1358.0,0,0,0,0,0,2,0,"28.4030° N, 77.0690° E",28.403,77.069
flat,ambience caitriona,sector 24,14.0,22222.0,4,5,3,3.0,Old Property,6300.0,0,0,0,0,0,2,0,"28.4939° N, 77.1038° E",28.4939,77.1038
flat,emaar palm gardens★,sector 83,1.75,9211.0,3,3,3+,11.0,Relatively New,1549.0,0,1,0,0,0,2,120,"28.3986° N, 76.9647° E",28.3986,76.9647
flat,ambience creacions,sector 22,4.1,28101.0,3,3,3+,2.0,New Property,2069.0,0,0,0,0,0,0,119,"28.5072° N, 77.0640° E",28.5072,77.064
flat,shree vardhman victoria★,sector 70,1.65,8462.0,3,5,3,6.0,Relatively New,1527.0,0,1,0,1,0,2,167,"28.3968° N, 77.0233° E",28.3968,77.0233
flat,imperia the esfera,sector 37c,0.99,5500.0,3,3,1,10.0,New Property,1643.0,0,1,0,0,0,2,49,"28.4515° N, 76.9882° E",28.4515,76.9882
flat,ambience creacions,sector 22,2.55,13710.0,3,3,3,8.0,Relatively New,1860.0,0,0,0,0,1,0,125,"28.5072° N, 77.0640° E",28.5072,77.064
flat,adani oyster greens,sector 102,1.9,10058.0,3,3,3+,9.0,Relatively New,1889.0,1,0,1,1,0,2,0,"28.4750° N, 76.9715° E",28.475,76.9715
flat,brisk lumbini terrace homes,sector 109,1.5,6617.0,3,3,1,4.0,New Property,2267.0,0,1,0,0,0,2,37,"28.5073° N, 77.0089° E",28.5073,77.0089
flat,baani city center,sector 63,0.88,1216.0,1,1,2,4.0,New Property,667.0,0,0,0,0,0,2,0,"28.3971° N, 77.0867° E",28.3971,77.0867
flat,ambience creacions,sector 22,3.5,19444.0,3,4,3+,8.0,New Property,1800.0,0,1,0,0,0,1,57,"28.5072° N, 77.0640° E",28.5072,77.064
flat,pareena coban residences,sector 99a,1.1,7097.0,2,2,3,9.0,New Property,1368.0,1,0,0,0,0,2,88,"28.4561° N, 76.9542° E",28.4561,76.9542
flat,mm one key resiments,sector 67,0.8,1457.0,1,1,0,0.0,Relatively New,5490.0,0,0,0,0,0,2,0,"28.3859° N, 77.0608° E",28.3859,77.0608
flat,sare homes,sector 92,0.95,4251.0,4,3,2,16.0,New Property,1983.0,0,0,0,0,0,2,95,"28.4079° N, 76.9153° E",28.4079,76.9153
flat,signature andour heights★,sector 71,0.6,1111.0,2,2,1,5.0,Relatively New,557.0,0,0,0,1,0,2,59,"28.4104° N, 77.0281° E",28.4104,77.0281
flat,smart world orchard,sector 61,1.47,12250.0,2,2,2,2.0,Under Construction,1200.0,1,0,0,0,0,2,76,"28.4050° N, 77.0963° E",28.405,77.0963
flat,raheja vedaanta★,sector 108,0.65,4762.0,2,2,2,5.0,Relatively New,1235.0,0,0,0,1,0,1,174,"28.5134° N, 76.9830° E",28.5134,76.983
flat,park view apartment,sector 56,1.74,7565.0,3,3,3+,2.0,Old Property,2400.0,0,1,0,1,0,1,104,"28.4245° N, 77.0991° E",28.4245,77.0991
flat,ss the leaf★,sector 85,1.18,10727.0,2,2,3,9.0,Relatively New,1700.0,1,0,0,0,0,1,150,"28.4042° N, 76.9513° E",28.4042,76.9513
flat,ireo victory valley★,sector 67,2.95,12110.0,3,3,3+,14.0,Moderately Old,2236.0,0,1,0,1,0,1,165,"28.3859° N, 77.0608° E",28.3859,77.0608
flat,emaar mgf the palm drive★,sector 66,2.99,14950.0,3,3,3,7.0,Relatively New,2000.0,0,1,0,0,0,1,49,"28.3925° N, 77.0541° E",28.3925,77.0541
flat,indiabulls enigma,sector 110,3.49,10265.0,4,5,3,7.0,Relatively New,3077.0,0,1,0,0,0,2,165,"28.5145° N, 77.0197° E",28.5145,77.0197
flat,ss the leaf★,sector 85,1.11,6852.0,2,2,3,8.0,Relatively New,1630.0,0,0,1,0,0,2,174,"28.4042° N, 76.9513° E",28.4042,76.9513
flat,dlf regency park ★,sector 28,1.35,11739.0,2,2,2,14.0,Old Property,1120.0,0,0,1,0,0,2,66,"28.4728° N, 77.0865° E",28.4728,77.0865
flat,emaar mgf emerald floors premier★,sector 65,2.25,13636.0,3,3,3,3.0,Relatively New,1600.0,1,1,0,0,0,1,49,"28.4030° N, 77.0690° E",28.403,77.069
flat,shree vardhman victoria★,sector 70,1.63,8359.0,3,5,3,12.0,Relatively New,1527.0,0,1,0,0,0,2,43,"28.3968° N, 77.0233° E",28.3968,77.0233
flat,shree vardhman flora★,sector 90,1.25,4854.0,4,4,3,10.0,Relatively New,2575.0,1,0,0,1,0,2,174,"28.4085° N, 76.9369° E",28.4085,76.9369
flat,signature global solera★,sector 107,0.35,722.0,2,2,2,8.0,Relatively New,4851.0,0,0,0,0,0,2,45,"28.5052° N, 76.9729° E",28.5052,76.9729
flat,ramprastha the edge towers★,sector 37d,1.0,5650.0,3,3,3+,13.0,Moderately Old,1602.0,0,0,0,0,0,2,38,"28.4478° N, 76.9703° E",28.4478,76.9703
flat,birla navya,sector 63a,3.23,26872.0,3,3,3,4.0,New Property,1202.0,0,1,0,0,0,2,52,"28.3923° N, 77.0888° E",28.3923,77.0888
flat,puri diplomatic greens★,sector 111,3.45,11695.0,4,5,3+,10.0,Relatively New,2670.0,0,1,0,0,0,2,101,"28.5238° N, 77.0320° E",28.5238,77.032
flat,signature global city,sector 37d,1.0,8163.0,3,3,3,4.0,Under Construction,1017.0,0,0,0,0,0,2,49,"28.4478° N, 76.9703° E",28.4478,76.9703
flat,rof ananda,sector 95,0.38,58.0,3,2,1,12.0,Relatively New,65517.0,0,0,0,0,0,2,51,"28.4172° N, 76.9081° E",28.4172,76.9081
flat,shree vardhman victoria★,sector 70,1.55,7949.0,3,5,3,8.0,Relatively New,1527.0,0,1,0,0,0,2,174,"28.3968° N, 77.0233° E",28.3968,77.0233
flat,ashok vihar phase,sector 12,0.28,479.0,2,2,1,3.0,Relatively New,600.0,0,0,0,0,0,2,64,"28.4723° N, 77.0320° E",28.4723,77.032
flat,umang winter hills★,sector 77,0.86,6408.0,2,2,2,16.0,New Property,1214.0,0,0,0,0,0,1,79,"28.3801° N, 76.9845° E",28.3801,76.9845
flat,emaar mgf emerald floors premier★,sector 65,2.8,16970.0,3,3,3+,3.0,Relatively New,1650.0,1,1,0,0,0,1,38,"28.4030° N, 77.0690° E",28.403,77.069
flat,ats tourmaline★,sector 109,1.5,8571.0,3,3,3+,7.0,Relatively New,1466.0,0,0,0,0,0,2,165,"28.5073° N, 77.0089° E",28.5073,77.0089
flat,signature global city,sector 37d,0.8,936.0,2,2,2,2.0,Under Construction,860.0,0,0,0,0,0,2,42,"28.4478° N, 76.9703° E",28.4478,76.9703
flat,mapsko paradise★,sector 83,0.75,5597.0,3,3,3,10.0,New Property,1162.0,0,0,0,0,1,1,49,"28.3986° N, 76.9647° E",28.3986,76.9647
flat,emaar digihomes,sector 62,4.25,26562.0,3,3,3,8.0,Under Construction,1600.0,1,0,0,0,0,2,16,"28.4139° N, 77.0886° E",28.4139,77.0886
flat,rof ananda,sector 95,0.38,769.0,2,2,1,4.0,New Property,4941.0,0,0,0,0,0,2,0,"28.4172° N, 76.9081° E",28.4172,76.9081
flat,tarc maceo★,sector 91,1.8,7759.0,4,3,3+,0.0,Relatively New,2320.0,1,0,0,1,0,0,45,"28.4014° N, 76.9225° E",28.4014,76.9225
flat,godrej air,sector 85,1.83,10005.0,3,3,3+,18.0,Under Construction,1829.0,0,0,0,0,0,2,110,"28.4042° N, 76.9513° E",28.4042,76.9513
flat,mm merlin★,sector 67,3.0,14656.0,3,3,3+,4.0,Relatively New,2047.0,0,0,1,0,0,1,174,"28.3859° N, 77.0608° E",28.3859,77.0608
flat,uphar lakshya homes,sector 105,0.42,4200.0,3,2,1,1.0,Relatively New,1000.0,0,0,0,0,0,2,7,"28.4952° N, 77.0114° E",28.4952,77.0114
flat,indiabulls centrum park★,sector 103,1.34,7882.0,3,3,3+,12.0,Relatively New,1725.0,1,1,1,1,0,1,38,"28.4949° N, 76.9845° E",28.4949,76.9845
flat,tata primanti★,sector 72,3.19,12152.0,4,5,3+,20.0,Relatively New,2376.0,0,1,0,0,0,1,159,"28.4225° N, 77.0211° E",28.4225,77.0211
flat,dlf the ultima★,sector 81,2.25,10553.0,3,3,3+,15.0,Relatively New,1929.0,0,1,0,0,0,0,165,"28.3867° N, 76.9485° E",28.3867,76.9485
flat,dlf regency park ★,sector 28,2.35,13225.0,3,4,3,8.0,Old Property,1700.0,0,1,0,0,0,1,109,"28.4728° N, 77.0865° E",28.4728,77.0865
flat,mm sierra,sector 68,1.05,8537.0,2,2,2,11.0,New Property,1200.0,0,0,0,0,0,1,127,"28.3853° N, 77.0484° E",28.3853,77.0484
flat,hsiidc sidco shivalik apartments★,manesar,0.85,5102.0,3,2,2,5.0,Moderately Old,1508.0,0,0,0,0,0,2,0,"28.3515° N, 76.9428° E",28.3515,76.9428
flat,godrej air,sector 85,2.6,12212.0,3,3,3,17.0,Under Construction,2129.0,0,1,0,0,0,2,44,"28.4042° N, 76.9513° E",28.4042,76.9513
flat,dlf regal gardens★,sector 90,1.76,7946.0,4,4,3+,8.0,Relatively New,2020.0,0,0,0,0,0,1,135,"28.4085° N, 76.9369° E",28.4085,76.9369
flat,ansal heights★,sector 92,0.6,4545.0,2,2,3,11.0,Under Construction,1195.0,0,0,0,0,1,2,23,"28.4079° N, 76.9153° E",28.4079,76.9153
flat,vatika city★,sector 49,1.72,7818.0,3,3,2,2.0,Old Property,2200.0,0,0,0,0,0,1,144,"28.4121° N, 77.0480° E",28.4121,77.048
flat,kendriya vihar★,sector 56,0.58,1065.0,1,1,1,1.0,Old Property,5445.0,0,0,0,0,0,2,77,"28.4245° N, 77.0991° E",28.4245,77.0991
flat,sare crescent parc★,sector 92,0.71,4934.0,3,3,2,6.0,Relatively New,1439.0,0,0,0,0,0,2,37,"28.4079° N, 76.9153° E",28.4079,76.9153
flat,smart world gems,sector 89,0.88,7964.0,2,2,3,2.0,New Property,1105.0,1,0,0,0,0,2,44,"28.4253° N, 76.9439° E",28.4253,76.9439
flat,bestech park view ananda★,sector 81,1.45,8735.0,3,2,3+,3.0,Relatively New,1352.0,0,0,0,0,1,2,0,"28.3867° N, 76.9485° E",28.3867,76.9485
flat,bestech altura,sector 79,1.85,8605.0,3,3,3,7.0,New Property,1650.0,0,1,0,0,0,2,53,"28.3624° N, 76.9787° E",28.3624,76.9787
flat,puri emerald bay★,sector 104,1.59,10905.0,2,2,2,12.0,Relatively New,1403.0,0,0,0,0,0,2,121,"28.4788° N, 76.9960° E",28.4788,76.996
flat,signature global solera★,sector 107,0.28,648.0,2,2,2,0.0,Relatively New,4320.0,0,0,0,0,0,2,45,"28.5052° N, 76.9729° E",28.5052,76.9729
flat,dlf the primus★,sector 82a,2.85,10936.0,4,4,3+,2.0,New Property,2179.0,0,1,0,0,0,0,174,"28.3858° N, 76.9686° E",28.3858,76.9686
flat,mapsko royale ville★,sector 82,1.12,6257.0,3,3,2,12.0,Relatively New,1588.0,0,0,0,1,0,1,49,"28.3935° N, 76.9600° E",28.3935,76.96
flat,paras dews,sector 106,1.4,6001.0,3,4,3+,12.0,Under Construction,1593.0,1,1,0,0,1,2,55,"28.5007° N, 77.0003° E",28.5007,77.0003
flat,mm skywalk,sector 74,1.48,12333.0,2,2,3,13.0,Relatively New,1300.0,0,0,1,0,0,2,158,"28.4158° N, 77.0118° E",28.4158,77.0118
flat,bestech park view city★,sector 48,1.76,9910.0,3,3,3+,9.0,Moderately Old,1576.0,0,1,0,1,0,1,158,"28.4177° N, 77.0359° E",28.4177,77.0359
flat,sapphire eighty three,sector 83,0.4,950.0,1,1,1,6.0,Relatively New,4212.0,0,0,0,0,0,0,52,"28.3986° N, 76.9647° E",28.3986,76.9647
flat,orris aster court premier,sector 85,1.2,5660.0,3,4,2,6.0,Relatively New,1650.0,0,1,0,0,0,2,28,"28.4042° N, 76.9513° E",28.4042,76.9513
flat,shree vardhman flora★,sector 90,0.96,5120.0,3,4,3,3.0,New Property,1697.0,0,1,0,0,0,2,106,"28.4085° N, 76.9369° E",28.4085,76.9369
flat,ireo the corridors,sector 67a,2.0,11429.0,3,3,3,12.0,New Property,1584.0,1,0,0,0,0,2,38,"28.3960° N, 77.0372° E",28.396,77.0372
flat,pyramid urban homes,sector 86,0.42,943.0,2,2,1,2.0,New Property,4455.0,1,1,0,1,1,2,84,"28.3986° N, 76.9384° E",28.3986,76.9384
flat,dlf the ultima★,sector 81,2.25,10699.0,3,3,3+,11.0,Relatively New,1600.0,1,1,0,1,1,0,49,"28.3867° N, 76.9485° E",28.3867,76.9485
flat,microtek greenburg★,sector 86,1.25,8446.0,3,4,3,0.0,Relatively New,1339.0,1,0,0,0,0,2,49,"28.3986° N, 76.9384° E",28.3986,76.9384
flat,emaar mgf the palm drive★,sector 66,2.85,14615.0,3,3,3,11.0,Relatively New,1950.0,1,0,0,0,0,1,67,"28.3925° N, 77.0541° E",28.3925,77.0541
flat,experion windchants★,sector 112,2.8,11471.0,2,3,2,9.0,Relatively New,2441.0,1,1,0,0,0,2,137,"28.5189° N, 77.0183° E",28.5189,77.0183
flat,ats triumph★,sector 104,1.75,7642.0,3,4,3+,12.0,Relatively New,2036.0,1,1,0,1,1,1,21,"28.4788° N, 76.9960° E",28.4788,76.996
flat,shree vardhman victoria★,sector 70,1.75,8204.0,3,5,3,7.0,New Property,1527.0,0,1,0,1,0,2,37,"28.3968° N, 77.0233° E",28.3968,77.0233
flat,chintels paradiso★,sector 109,2.0,7605.0,4,4,2,11.0,Relatively New,2380.0,0,1,0,1,0,2,64,"28.5073° N, 77.0089° E",28.5073,77.0089
flat,sidhartha ncr one,sector 95,0.57,4179.0,2,2,2,10.0,Relatively New,1369.0,0,0,0,0,0,2,0,"28.4172° N, 76.9081° E",28.4172,76.9081
flat,ss,sector 85,2.1,7468.0,4,4,3,2.0,Relatively New,2600.0,0,0,0,0,0,2,49,"28.4042° N, 76.9513° E",28.4042,76.9513
flat,emaar gurgaon greens★,sector 102,1.45,8788.0,3,3,2,7.0,Relatively New,1493.0,0,1,0,0,0,1,169,"28.4750° N, 76.9715° E",28.475,76.9715
flat,sare crescent parc royal greens phase,sector 92,0.95,5008.0,4,5,3+,4.0,Moderately Old,1717.0,0,1,0,0,0,2,37,"28.4079° N, 76.9153° E",28.4079,76.9153
flat,ss the leaf★,sector 85,2.2,11179.0,4,5,3+,4.0,Relatively New,2390.0,0,1,0,1,0,2,174,"28.4042° N, 76.9513° E",28.4042,76.9513
flat,supertech araville,sector 79,0.71,5521.0,2,2,0,9.0,Under Construction,1286.0,0,0,0,0,0,2,0,"28.3624° N, 76.9787° E",28.3624,76.9787
flat,raheja vedaanta★,sector 108,0.7,4667.0,2,2,1,10.0,Moderately Old,1278.0,0,0,0,0,0,2,0,"28.5134° N, 76.9830° E",28.5134,76.983
flat,shree vardhman victoria★,sector 70,1.1,8462.0,2,2,2,8.0,Relatively New,1300.0,0,0,0,0,0,2,101,"28.3968° N, 77.0233° E",28.3968,77.0233
flat,experion the heartsong★,sector 108,0.93,6078.0,2,3,3,10.0,Relatively New,1161.0,0,0,0,0,0,2,81,"28.5134° N, 76.9830° E",28.5134,76.983
flat,puri diplomatic greens★,sector 111,2.58,11727.0,3,4,2,9.0,Relatively New,2200.0,0,1,0,0,0,2,101,"28.5238° N, 77.0320° E",28.5238,77.032
flat,la vida by tata housing,sector 113,3.35,12444.0,4,4,3+,11.0,Relatively New,2692.0,1,1,0,0,0,1,174,"28.5287° N, 77.0233° E",28.5287,77.0233
flat,mapsko royale ville★,sector 82,1.15,6425.0,3,4,2,15.0,Relatively New,1620.0,0,1,0,1,0,1,104,"28.3935° N, 76.9600° E",28.3935,76.96
flat,"new colony, gurgaon",sector 7,0.8,900.0,3,2,1,4.0,Relatively New,8892.0,0,0,0,0,0,1,69,"28.4644° N, 77.0143° E",28.4644,77.0143
flat,tulip violet★,sector 69,1.95,9701.0,4,4,2,0.0,Relatively New,1819.0,0,0,0,0,0,2,157,"28.3966° N, 77.0341° E",28.3966,77.0341
flat,bptp terra★,sector 37d,1.65,7531.0,4,3,3+,6.0,Relatively New,2091.0,0,0,0,0,0,1,149,"28.4478° N, 76.9703° E",28.4478,76.9703
flat,microtek greenburg★,sector 86,1.45,9797.0,3,2,3,8.0,Relatively New,1167.0,0,0,0,0,0,0,72,"28.3986° N, 76.9384° E",28.3986,76.9384
flat,the penthouses at the hibiscus,sector 50,8.0,8888.0,4,3,3,7.0,Moderately Old,9001.0,0,1,0,0,0,2,35,"28.4178° N, 77.0628° E",28.4178,77.0628
flat,paras dews,sector 106,0.88,6354.0,2,2,3+,1.0,Relatively New,940.0,0,0,0,0,0,2,49,"28.5007° N, 77.0003° E",28.5007,77.0003
flat,corona optus★,sector 37c,1.27,7204.0,3,3,3,2.0,Relatively New,1581.0,1,0,0,0,1,2,49,"28.4515° N, 76.9882° E",28.4515,76.9882
flat,bestech park view sanskruti★,sector 92,2.0,8333.0,4,5,3+,12.0,Relatively New,2453.0,0,1,0,0,0,1,60,"28.4079° N, 76.9153° E",28.4079,76.9153
flat,lagoon apartment,sector 12,6.0,13636.0,4,6,3+,7.0,Moderately Old,4400.0,0,0,0,0,0,2,0,"28.4723° N, 77.0320° E",28.4723,77.032
flat,shree vardhman victoria★,sector 70,1.65,8462.0,3,3,2,6.0,Relatively New,1950.0,1,0,0,0,0,2,72,"28.3968° N, 77.0233° E",28.3968,77.0233
flat,shree vardhman victoria★,sector 70,1.15,8519.0,2,2,3,8.0,Relatively New,1222.0,1,0,0,0,1,2,49,"28.3968° N, 77.0233° E",28.3968,77.0233
flat,emaar gurgaon greens★,sector 102,1.4,8485.0,3,3,3,10.0,Relatively New,1300.0,0,1,0,0,0,2,46,"28.4750° N, 76.9715° E",28.475,76.9715
flat,bestech altura,sector 79,2.69,12500.0,3,4,3+,3.0,New Property,2152.0,0,1,0,0,0,2,49,"28.3624° N, 76.9787° E",28.3624,76.9787
flat,element one service,sector 12,1.0,1307.0,1,1,1,8.0,Relatively New,766.0,0,0,0,0,0,2,0,"28.4723° N, 77.0320° E",28.4723,77.032
flat,mapsko mount ville★,sector 79,1.25,8389.0,3,3,3+,16.0,Relatively New,1490.0,0,0,0,0,0,1,49,"28.3624° N, 76.9787° E",28.3624,76.9787
flat,dlf regal gardens★,sector 90,1.29,9021.0,3,3,3,7.0,Relatively New,1540.0,1,0,0,0,0,2,174,"28.4085° N, 76.9369° E",28.4085,76.9369
flat,orchid petals★,sector 49,2.51,12179.0,3,3,3+,7.0,Old Property,2061.0,1,0,0,0,0,1,72,"28.4121° N, 77.0480° E",28.4121,77.048
flat,emaar gurgaon greens★,sector 102,1.42,8606.0,3,3,3,4.0,Relatively New,1314.0,0,0,0,0,1,2,49,"28.4750° N, 76.9715° E",28.475,76.9715
flat,shapoorji pallonji joyville,sector 102,1.1,1336.0,2,2,1,7.0,Relatively New,778.0,0,0,0,0,0,2,0,"28.4750° N, 76.9715° E",28.475,76.9715
flat,afnhb jalvayu vihar,sector 30,0.85,1429.0,2,2,1,2.0,Old Property,5949.0,0,0,0,0,1,1,49,"28.4604° N, 77.0579° E",28.4604,77.0579
flat,bestech park view sanskruti★,sector 92,1.55,9688.0,3,3,3,17.0,Relatively New,1792.0,0,1,0,0,0,1,60,"28.4079° N, 76.9153° E",28.4079,76.9153
flat,godrej ★,sector 79,1.47,1807.0,2,2,3,9.0,New Property,8136.0,1,0,0,0,0,2,99,"28.3624° N, 76.9787° E",28.3624,76.9787
flat,smart world gems,sector 89,1.2,1392.0,3,3,3,3.0,Under Construction,8622.0,0,0,1,1,0,2,131,"28.4253° N, 76.9439° E",28.4253,76.9439
flat,pareena coban residences,sector 99a,1.56,7812.0,3,5,3,4.0,New Property,1807.0,0,1,0,0,1,2,49,"28.4561° N, 76.9542° E",28.4561,76.9542
flat,pivotal devaan apartments,sector 84,0.39,722.0,2,2,0,5.0,Relatively New,549.0,0,0,0,0,0,2,0,"28.3979° N, 76.9736° E",28.3979,76.9736
flat,valley view estate,gwal pahari,1.5,7489.0,4,4,3+,10.0,Moderately Old,1850.0,0,0,0,0,0,2,58,"28.4484° N, 77.0210° E",28.4484,77.021
flat,sare crescent parc★,sector 92,1.0,5128.0,4,3,2,1.0,Relatively New,1950.0,0,0,0,0,0,2,49,"28.4079° N, 76.9153° E",28.4079,76.9153
flat,orchid island★,sector 51,1.7,10652.0,3,4,3,2.0,Moderately Old,1596.0,0,0,1,1,0,2,90,"28.4320° N, 77.0686° E",28.432,77.0686
flat,godrej aria★,sector 79,1.1,1276.0,2,2,3,9.0,New Property,81.0,0,0,0,0,0,2,0,"28.3624° N, 76.9787° E",28.3624,76.9787
flat,shree vardhman flora★,sector 90,0.7,4614.0,2,2,3,9.0,New Property,1224.0,1,0,0,0,1,2,51,"28.4085° N, 76.9369° E",28.4085,76.9369
flat,huda housing board society,sector 52,0.45,1082.0,1,1,0,0.0,Moderately Old,4158.0,0,0,0,1,0,1,43,"28.4379° N, 77.0785° E",28.4379,77.0785
flat,lotus homz★,sector 111,0.36,988.0,1,1,1,10.0,Relatively New,3645.0,0,0,0,0,0,2,44,"28.5238° N, 77.0320° E",28.5238,77.032
flat,uphaar residency,sector 105,0.42,622.0,3,2,1,0.0,Moderately Old,6750.0,0,0,0,0,1,2,7,"28.4952° N, 77.0114° E",28.4952,77.0114
flat,signature global city d ph,sector 37d,1.35,9375.0,3,3,3+,3.0,Under Construction,1440.0,0,0,0,1,0,2,51,"28.4478° N, 76.9703° E",28.4478,76.9703
flat,sare homes,sector 92,0.8,4695.0,4,4,3,1.0,Moderately Old,1704.0,0,0,0,0,0,2,77,"28.4079° N, 76.9153° E",28.4079,76.9153
flat,signature global city,sector 92,0.78,1238.0,2,2,3,2.0,Under Construction,846.0,0,0,0,0,1,2,24,"28.4079° N, 76.9153° E",28.4079,76.9153
flat,experion the heartsong★,sector 108,0.87,1317.0,2,3,3,2.0,Relatively New,978.23,0,1,0,0,0,1,123,"28.5134° N, 76.9830° E",28.5134,76.983
flat,vatika the seven lamps★,sector 82,1.0,6969.0,2,2,2,14.0,Relatively New,1299.0,1,0,0,0,1,2,69,"28.3935° N, 76.9600° E",28.3935,76.96
flat,deepak minda,manesar,1.2,4528.0,3,3,3+,6.0,Moderately Old,2650.0,0,1,0,0,0,2,7,"28.3515° N, 76.9428° E",28.3515,76.9428
flat,vatika lifestyle homes★,sector 83,1.3,4545.0,3,3,1,6.0,Relatively New,2588.0,0,0,0,0,0,1,79,"28.3986° N, 76.9647° E",28.3986,76.9647
flat,tulip violet★,sector 69,1.28,8112.0,3,3,2,12.0,Relatively New,1428.0,0,0,0,1,0,1,49,"28.3966° N, 77.0341° E",28.3966,77.0341
flat,paras dews,sector 106,1.15,6053.0,3,4,3,5.0,Relatively New,1305.0,1,1,0,0,0,2,49,"28.5007° N, 77.0003° E",28.5007,77.0003
flat,experion windchants★,sector 112,5.2,10726.0,4,6,3+,15.0,Relatively New,3655.35,0,1,0,1,0,1,174,"28.5189° N, 77.0183° E",28.5189,77.0183
flat,om apartment dayanand colony,sector 5,0.26,486.0,1,1,1,3.0,Relatively New,5355.0,0,0,0,0,0,2,14,"28.4794° N, 77.0176° E",28.4794,77.0176
flat,umang monsoon breeze,sector 78,0.7,5719.0,2,2,2,5.0,Moderately Old,1224.0,0,0,0,0,0,2,0,"28.3733° N, 76.9729° E",28.3733,76.9729
flat,ss the leaf★,sector 85,1.2,10453.0,2,2,3+,2.0,Relatively New,1380.0,0,0,1,0,0,2,156,"28.4042° N, 76.9513° E",28.4042,76.9513
flat,emaar imperial gardens★,sector 102,1.98,9900.0,3,3,3+,9.0,Relatively New,2000.0,0,1,0,0,0,1,72,"28.4750° N, 76.9715° E",28.475,76.9715
flat,emaar digihomes,sector 62,3.95,15263.0,3,3,3,33.0,New Property,2588.0,0,1,0,0,0,1,49,"28.4139° N, 77.0886° E",28.4139,77.0886
flat,signature global solera★,sector 107,0.51,879.0,3,2,2,9.0,Relatively New,5805.0,0,0,0,0,1,2,15,"28.5052° N, 76.9729° E",28.5052,76.9729
flat,apex our homes,sector 37c,0.33,396.0,2,2,1,3.0,Relatively New,850.0,0,0,0,0,0,1,158,"28.4515° N, 76.9882° E",28.4515,76.9882
flat,microtek greenburg★,sector 86,1.25,8446.0,2,2,3,13.0,Moderately Old,1339.0,1,0,0,0,0,2,6,"28.3986° N, 76.9384° E",28.3986,76.9384
flat,sobha city,sector 108,2.5,14611.0,3,3,2,19.0,New Property,1480.0,0,0,0,0,0,2,166,"28.5134° N, 76.9830° E",28.5134,76.983
flat,signature andour heights★,sector 71,0.37,914.0,1,1,2,2.0,Relatively New,407.0,0,0,0,0,0,2,65,"28.4104° N, 77.0281° E",28.4104,77.0281
flat,orris carnation residency★,sector 85,0.9,4532.0,4,4,3,8.0,Moderately Old,1575.0,0,0,0,0,0,1,40,"28.4042° N, 76.9513° E",28.4042,76.9513
flat,orris carnation residency★,sector 85,0.55,643.0,2,2,2,5.0,Relatively New,1050.0,0,0,0,0,1,2,174,"28.4042° N, 76.9513° E",28.4042,76.9513
flat,puri emerald bay★,sector 104,2.45,10000.0,3,4,3+,14.0,Relatively New,2131.0,0,1,0,0,0,1,56,"28.4788° N, 76.9960° E",28.4788,76.996
flat,bestech park view grand spa★,sector 81,2.25,8459.0,3,4,3+,8.0,Relatively New,2300.0,1,1,1,0,0,1,122,"28.3867° N, 76.9485° E",28.3867,76.9485
flat,ats triumph★,sector 104,1.73,7555.0,3,4,3+,15.0,Relatively New,2072.0,0,1,0,0,0,2,159,"28.4788° N, 76.9960° E",28.4788,76.996
flat,puri diplomatic greens★,sector 111,3.45,11695.0,4,5,3+,9.0,Relatively New,2670.0,0,1,0,0,0,2,68,"28.5238° N, 77.0320° E",28.5238,77.032
flat,ireo skyon★,sector 60,3.6,12816.0,4,5,3,24.0,Relatively New,2604.0,0,1,0,0,0,1,49,"28.4003° N, 77.0975° E",28.4003,77.0975
flat,ramsons kshitij★,sector 95,0.28,406.0,2,2,2,5.0,New Property,694.0,0,0,0,0,1,2,0,"28.4172° N, 76.9081° E",28.4172,76.9081
flat,smart world orchard,sector 61,2.57,15767.0,3,3,2,3.0,Under Construction,1630.0,1,0,0,0,0,2,0,"28.4050° N, 77.0963° E",28.405,77.0963
flat,tulip violet★,sector 69,1.4,8861.0,3,3,2,2.0,Relatively New,1428.0,0,0,0,1,0,2,102,"28.3966° N, 77.0341° E",28.3966,77.0341
flat,sare crescent parc★,sector 92,0.7,5556.0,3,3,2,14.0,Under Construction,1260.0,0,0,0,0,0,2,38,"28.4079° N, 76.9153° E",28.4079,76.9153
flat,irwo westend towers★,sector 47,0.65,1340.0,1,1,2,3.0,Old Property,4851.0,0,0,0,0,0,2,56,"28.4276° N, 77.0492° E",28.4276,77.0492
flat,emaar mgf palm terraces,sector 66,4.5,10598.0,5,5,3+,11.0,New Property,3321.0,0,1,0,0,0,2,105,"28.3925° N, 77.0541° E",28.3925,77.0541
flat,alpha corp gurgaonone ★,sector 84,2.2,7586.0,4,4,3,10.0,Relatively New,2900.0,0,1,0,0,0,2,21,"28.3979° N, 76.9736° E",28.3979,76.9736
flat,dlf new town heights ★,sector 90,1.54,6514.0,4,4,3+,12.0,Moderately Old,2200.0,0,1,0,1,0,1,111,"28.4085° N, 76.9369° E",28.4085,76.9369
flat,pareena mi casa,sector 68,1.9,9228.0,3,3,3+,1.0,Under Construction,2059.0,0,1,0,0,0,2,49,"28.3853° N, 77.0484° E",28.3853,77.0484
flat,ansal housing highland park,sector 103,1.25,6443.0,3,3,3+,2.0,New Property,1464.0,0,0,0,1,0,2,105,"28.4949° N, 76.9845° E",28.4949,76.9845
flat,aqua front towers,sector 32,2.5,11715.0,3,4,3,1.0,Relatively New,2134.0,0,0,0,0,0,2,0,"28.4472° N, 77.0406° E",28.4472,77.0406
flat,dlf the skycourt★,sector 86,1.5,7895.0,3,3,1,16.0,Relatively New,1719.0,0,0,0,0,1,2,49,"28.3986° N, 76.9384° E",28.3986,76.9384
flat,ats kocoon★,sector 109,2.22,10597.0,3,4,3,14.0,Relatively New,1860.0,1,1,1,1,0,2,45,"28.5073° N, 77.0089° E",28.5073,77.0089
flat,shapoorji pallonji joyville gurugram★,sector 102,1.76,10227.0,3,3,3,1.0,Relatively New,1531.0,0,0,0,0,0,2,100,"28.4750° N, 76.9715° E",28.475,76.9715
flat,vatika city homes★,sector 83,1.0,5747.0,3,3,2,2.0,Relatively New,1575.0,0,0,1,0,0,1,174,"28.3986° N, 76.9647° E",28.3986,76.9647
flat,tulip lemon★,sector 69,0.6,1267.0,2,1,1,11.0,Relatively New,4734.0,0,0,0,0,0,2,0,"28.3966° N, 77.0341° E",28.3966,77.0341
flat,mm skywalk,sector 74,1.54,10815.0,2,2,3+,15.0,Relatively New,1200.0,0,0,0,0,1,2,137,"28.4158° N, 77.0118° E",28.4158,77.0118
flat,godrej ★,sector 79,1.28,8505.0,3,3,3,7.0,Relatively New,1362.0,0,0,0,0,0,2,158,"28.3624° N, 76.9787° E",28.3624,76.9787
flat,vatika city★,sector 49,2.64,11723.0,3,4,3+,2.0,Moderately Old,2252.0,0,1,0,1,0,1,140,"28.4121° N, 77.0480° E",28.4121,77.048
flat,raheja teachers apartments★,sector 31,1.2,7273.0,3,2,2,1.0,Moderately Old,1450.0,0,0,0,0,1,0,105,"28.4528° N, 77.0498° E",28.4528,77.0498
flat,ansal plaza,sector 2,1.0,10000.0,2,3,0,1.0,Moderately Old,1000.0,0,0,0,0,0,2,0,"28.5095° N, 77.0320° E",28.5095,77.032
flat,shapoorji pallonji joyville gurugram★,sector 102,1.77,9195.0,3,3,3,1.0,Relatively New,1653.0,0,0,0,0,0,2,151,"28.4750° N, 76.9715° E",28.475,76.9715
flat,experion windchants★,sector 112,3.1,20667.0,2,2,3,9.0,Relatively New,1500.0,1,1,1,0,0,1,80,"28.5189° N, 77.0183° E",28.5189,77.0183
flat,bptp terra★,sector 37d,1.95,14444.0,4,3,3,7.0,Under Construction,1650.0,0,0,0,0,0,2,0,"28.4478° N, 76.9703° E",28.4478,76.9703
flat,tulip violet★,sector 69,3.25,10106.0,4,5,3+,14.0,Relatively New,2910.0,0,0,0,1,1,2,20,"28.3966° N, 77.0341° E",28.3966,77.0341
flat,ss the leaf★,sector 85,1.83,7609.0,3,4,3,9.0,Relatively New,1925.0,0,0,0,0,0,2,49,"28.4042° N, 76.9513° E",28.4042,76.9513
flat,emaar mgf emerald floors premier★,sector 65,2.55,15455.0,3,3,3,3.0,Relatively New,1650.0,1,1,0,0,0,2,21,"28.4030° N, 77.0690° E",28.403,77.069
flat,shapoorji pallonji joyville gurugram★,sector 102,1.25,9874.0,2,2,2,0.0,Relatively New,1100.0,0,0,0,0,0,2,79,"28.4750° N, 76.9715° E",28.475,76.9715
flat,dlf the primus★,sector 82a,2.55,11219.0,4,4,3+,14.0,Relatively New,2273.0,0,0,0,0,0,0,44,"28.3858° N, 76.9686° E",28.3858,76.9686
house,"bhim nagar, sector",sector 6,0.85,126.0,5,2,2,1.0,Old Property,67.0,0,0,0,1,0,2,29,"28.4745° N, 77.0262° E",28.4745,77.0262
flat,tulip ivory★,sector 70,2.0,8333.0,4,5,3+,2.0,Relatively New,2172.0,0,1,0,0,0,1,49,"28.3968° N, 77.0233° E",28.3968,77.0233
flat,mm the marina★,sector 68,1.32,8759.0,2,2,3,15.0,Relatively New,1364.0,1,0,0,0,0,2,120,"28.3853° N, 77.0484° E",28.3853,77.0484
flat,emaar gurgaon greens★,sector 102,1.42,8606.0,3,3,3,7.0,Relatively New,1315.0,0,1,0,0,0,2,128,"28.4750° N, 76.9715° E",28.475,76.9715
flat,mm soulitude,sector 89,1.25,8784.0,3,3,2,3.0,New Property,1423.0,1,0,0,0,0,2,49,"28.4253° N, 76.9439° E",28.4253,76.9439
flat,paras dews,sector 106,1.13,6406.0,3,4,3+,18.0,Relatively New,1186.0,1,1,0,0,0,2,49,"28.5007° N, 77.0003° E",28.5007,77.0003
flat,emaar gurgaon greens★,sector 102,1.4,8485.0,3,3,3,9.0,Relatively New,1413.0,0,1,0,0,0,2,49,"28.4750° N, 76.9715° E",28.475,76.9715
flat,sbtl caladium,sector 109,1.63,6405.0,3,3,2,8.0,Relatively New,2303.0,0,1,0,0,0,2,159,"28.5073° N, 77.0089° E",28.5073,77.0089
flat,ats triumph★,sector 104,2.65,8413.0,4,4,3+,10.0,Relatively New,2851.0,0,1,0,0,0,2,174,"28.4788° N, 76.9960° E",28.4788,76.996
flat,smart world orchard,sector 61,1.55,13478.0,2,2,1,3.0,Under Construction,1041.0,1,0,0,0,0,2,43,"28.4050° N, 77.0963° E",28.405,77.0963
flat,krishna appartment,sector 12,0.35,3500.0,3,3,1,2.0,Old Property,905.0,0,0,0,0,0,2,0,"28.4723° N, 77.0320° E",28.4723,77.032
flat,godrej air,sector 85,1.75,9589.0,3,3,2,27.0,Relatively New,1825.0,0,0,0,0,0,2,44,"28.4042° N, 76.9513° E",28.4042,76.9513
flat,tata primanti★,sector 72,3.2,12190.0,4,4,3+,8.0,Moderately Old,2600.0,0,1,0,0,0,1,168,"28.4225° N, 77.0211° E",28.4225,77.0211
flat,ss the leaf★,sector 85,1.14,6951.0,2,2,3,4.0,Relatively New,1484.0,0,0,0,0,0,2,109,"28.4042° N, 76.9513° E",28.4042,76.9513
flat,ireo skyon★,sector 60,2.15,2594.0,2,3,2,5.0,Relatively New,1250.0,0,1,0,0,0,1,49,"28.4003° N, 77.0975° E",28.4003,77.0975
flat,mm skycity,sector 65,3.0,16411.0,3,3,3,17.0,Under Construction,1828.0,0,0,0,0,0,2,99,"28.4030° N, 77.0690° E",28.403,77.069
flat,shree vardhman victoria★,sector 70,1.65,8462.0,3,4,3,12.0,Relatively New,1765.0,0,1,1,0,0,2,56,"28.3968° N, 77.0233° E",28.3968,77.0233
flat,on request,sector 103,1.69,9145.0,3,3,3+,8.0,Relatively New,1670.0,0,0,0,0,0,2,49,"28.4949° N, 76.9845° E",28.4949,76.9845
flat,sare homes,sector 92,0.82,5384.0,3,3,3+,12.0,Relatively New,1221.18,0,0,0,0,0,2,114,"28.4079° N, 76.9153° E",28.4079,76.9153
flat,tulip monsella,sector 53,6.02,20816.0,3,3,3,29.0,Under Construction,2892.0,0,0,0,0,0,2,68,"28.4433° N, 77.0948° E",28.4433,77.0948
flat,dlf the skycourt,sector 86,1.56,8087.0,3,4,3+,17.0,Relatively New,1580.0,0,0,1,0,0,2,174,"28.3986° N, 76.9384° E",28.3986,76.9384
flat,ss the leaf★,sector 85,1.93,8075.0,3,4,3,7.0,Relatively New,2400.0,0,1,0,0,0,2,174,"28.4042° N, 76.9513° E",28.4042,76.9513
flat,dlf regal gardens★,sector 90,1.26,7636.0,3,3,2,12.0,Relatively New,1650.0,0,0,0,0,1,2,8,"28.4085° N, 76.9369° E",28.4085,76.9369
flat,unitech the residences★,sector 33,1.1,9910.0,2,2,3,9.0,Moderately Old,1100.0,0,0,0,0,0,1,44,"28.4420° N, 77.0207° E",28.442,77.0207
flat,emaar palm gardens★,sector 83,1.4,9675.0,3,3,3,11.0,Relatively New,1582.0,0,1,0,0,0,0,58,"28.3986° N, 76.9647° E",28.3986,76.9647
flat,bestech park view residency★,sector 2,1.26,8051.0,2,2,3,7.0,Moderately Old,1416.0,1,0,0,0,0,2,84,"28.5095° N, 77.0320° E",28.5095,77.032
flat,dlf regal gardens★,sector 90,1.79,8081.0,4,3,3+,10.0,Moderately Old,2215.0,0,0,0,0,0,2,63,"28.4085° N, 76.9369° E",28.4085,76.9369
flat,pareena laxmi apartments★,sector 99a,0.31,656.0,2,2,2,6.0,New Property,4725.0,0,0,0,0,0,2,74,"28.4561° N, 76.9542° E",28.4561,76.9542
flat,puri emerald bay★,sector 104,1.5,9677.0,2,2,2,7.0,Under Construction,1403.0,0,0,0,0,1,2,43,"28.4788° N, 76.9960° E",28.4788,76.996
flat,parsvnath green ville★,sector 48,1.6,8377.0,3,3,3,13.0,Old Property,1700.0,0,0,0,0,1,1,119,"28.4177° N, 77.0359° E",28.4177,77.0359
flat,shree vardhman victoria★,sector 70,1.15,8519.0,2,2,2,6.0,Relatively New,1350.0,1,0,0,0,0,2,85,"28.3968° N, 77.0233° E",28.3968,77.0233
flat,tulip violet★,sector 69,2.05,9951.0,4,4,2,0.0,Relatively New,1889.0,0,0,0,0,0,2,157,"28.3966° N, 77.0341° E",28.3966,77.0341
flat,mm capital,sector 113,2.87,12489.0,4,4,3+,3.0,Under Construction,2298.0,0,1,0,0,0,2,65,"28.5287° N, 77.0233° E",28.5287,77.0233
house,independent,sector 28,0.45,90.0,5,3,0,1.0,Old Property,50000.0,0,0,0,0,0,2,0,"28.4728° N, 77.0865° E",28.4728,77.0865
flat,indiabulls enigma,sector 110,4.49,11572.0,5,5,3+,4.0,Relatively New,3511.0,0,1,0,0,0,2,165,"28.5145° N, 77.0197° E",28.5145,77.0197
flat,tata primanti★,sector 72,6.75,19286.0,4,4,3+,0.0,New Property,4000.0,0,1,0,0,0,1,174,"28.4225° N, 77.0211° E",28.4225,77.0211
flat,signature global city d ph,sector 37d,1.1,8148.0,3,3,1,2.0,Under Construction,1350.0,0,0,0,1,0,2,30,"28.4478° N, 76.9703° E",28.4478,76.9703
flat,mrg skyline,sector 106,1.82,13392.0,3,2,2,4.0,Relatively New,1058.0,0,0,0,0,0,2,0,"28.5007° N, 77.0003° E",28.5007,77.0003
flat,pyramid elite,sector 86,0.46,79.0,2,2,1,0.0,Under Construction,58228.0,0,0,0,0,0,2,15,"28.3986° N, 76.9384° E",28.3986,76.9384
flat,suncity avenue,sector 76,0.75,1134.0,2,2,2,11.0,Under Construction,665.0,0,0,0,0,0,2,0,"28.3935° N, 76.9888° E",28.3935,76.9888
flat,emaar palm heights,sector 77,2.25,11250.0,3,3,3,22.0,New Property,1810.0,0,1,0,0,0,1,42,"28.3801° N, 76.9845° E",28.3801,76.9845
flat,pyramid urban,sector 67a,0.6,952.0,2,2,2,14.0,New Property,633.0,0,0,0,0,0,2,15,"28.3960° N, 77.0372° E",28.396,77.0372
flat,paras dews,sector 106,1.15,6534.0,3,4,3+,12.0,Relatively New,1186.0,1,1,0,0,0,1,174,"28.5007° N, 77.0003° E",28.5007,77.0003
flat,vatika the seven lamps★,sector 82,1.6,6598.0,4,5,3+,8.0,Relatively New,2195.0,0,1,0,0,0,2,133,"28.3935° N, 76.9600° E",28.3935,76.96
flat,umang winter hills★,sector 77,1.4,6341.0,3,3,3,10.0,Relatively New,2208.0,0,0,0,0,0,2,28,"28.3801° N, 76.9845° E",28.3801,76.9845
flat,conscient elevate,sector 59,3.9,16993.0,3,1,0,0.0,Under Construction,2295.0,0,0,0,0,0,2,0,"28.4051° N, 77.1097° E",28.4051,77.1097
flat,emaar mgf palm hills★,sector 77,1.08,5400.0,3,4,3+,5.0,Relatively New,1810.0,1,1,0,0,1,1,167,"28.3801° N, 76.9845° E",28.3801,76.9845
flat,dlf the ultima★,sector 81,2.26,10762.0,3,4,3+,17.0,New Property,1900.0,0,1,0,0,0,0,174,"28.3867° N, 76.9485° E",28.3867,76.9485
flat,ireo skyon★,sector 60,3.7,13214.0,4,5,3,10.0,Relatively New,2534.0,0,1,0,0,0,1,165,"28.4003° N, 77.0975° E",28.4003,77.0975
flat,.,sector 12,7.0,10999.0,4,4,3+,6.0,Relatively New,5430.0,0,1,0,0,0,2,52,"28.4723° N, 77.0320° E",28.4723,77.032
flat,ambience creacions,sector 22,2.55,13710.0,3,3,3,5.0,Relatively New,1860.0,0,0,0,0,0,0,49,"28.5072° N, 77.0640° E",28.5072,77.064
flat,unitech fresco★,sector 50,1.88,10479.0,3,3,3+,14.0,Moderately Old,1790.0,0,0,0,0,1,1,174,"28.4178° N, 77.0628° E",28.4178,77.0628
flat,mm skycity,sector 65,3.5,17040.0,3,3,3,15.0,New Property,2054.0,1,1,0,1,0,1,166,"28.4030° N, 77.0690° E",28.403,77.069
flat,czar mahira homes a,sector 63a,0.42,823.0,3,2,2,1.0,Under Construction,5103.0,0,0,0,0,0,2,0,"28.3923° N, 77.0888° E",28.3923,77.0888
flat,dlf ridgewood estate★,sector 28,2.0,14599.0,3,3,1,12.0,Old Property,1240.0,0,0,0,0,0,1,96,"28.4728° N, 77.0865° E",28.4728,77.0865
flat,ardee city★,sector 52,1.5,9146.0,4,4,3,3.0,Old Property,1484.0,0,0,0,0,0,2,65,"28.4379° N, 77.0785° E",28.4379,77.0785
flat,bestech park view residency★,sector 2,0.56,950.0,1,1,2,7.0,Moderately Old,5895.0,0,0,0,0,0,2,92,"28.5095° N, 77.0320° E",28.5095,77.032
flat,emaar gurgaon greens★,sector 102,1.35,10800.0,3,4,3+,9.0,Relatively New,1400.0,0,1,0,1,0,1,174,"28.4750° N, 76.9715° E",28.475,76.9715
flat,mm heights,sector 65,3.29,17998.0,3,3,3,33.0,New Property,1828.0,0,0,0,0,0,2,49,"28.4030° N, 77.0690° E",28.403,77.069
flat,mm heights,sector 65,1.9,14996.0,2,2,3,4.0,Under Construction,1141.0,0,0,0,0,0,2,54,"28.4030° N, 77.0690° E",28.403,77.069
flat,zara aavaas,sector 104,0.65,947.0,3,2,2,7.0,New Property,6867.0,0,0,0,0,0,2,65,"28.4788° N, 76.9960° E",28.4788,76.996
flat,signature global grand iva★,sector 103,0.23,726.0,1,1,1,4.0,Relatively New,3168.0,0,0,0,0,0,2,23,"28.4949° N, 76.9845° E",28.4949,76.9845
flat,mittal surya vihar,sector 21,1.4,5833.0,5,4,2,2.0,Moderately Old,2172.0,0,0,0,0,0,2,0,"28.5134° N, 77.0723° E",28.5134,77.0723
flat,project krishna colony,sector 7,0.36,571.0,2,2,1,0.0,Relatively New,6300.0,0,0,0,0,0,2,0,"28.4644° N, 77.0143° E",28.4644,77.0143
flat,greenopolis,sector 89,0.8,6168.0,2,2,2,6.0,Under Construction,1297.0,0,0,0,0,0,2,44,"28.4253° N, 76.9439° E",28.4253,76.9439
flat,shapoorji pallonji joyville gurugram,sector 102,0.95,1154.0,2,2,2,14.0,Relatively New,750.0,0,0,0,0,0,2,0,"28.4750° N, 76.9715° E",28.475,76.9715
flat,sbtl caladium,sector 109,1.6,6287.0,3,3,3,9.0,Relatively New,2303.0,0,1,0,0,0,2,75,"28.5073° N, 77.0089° E",28.5073,77.0089
flat,dlf carlton estate★,sector 43,2.0,14215.0,3,3,2,5.0,Moderately Old,1273.0,0,0,0,0,0,2,65,"28.4629° N, 77.0772° E",28.4629,77.0772
flat,apex our homes,sector 37c,0.38,456.0,2,2,1,9.0,Relatively New,889.0,0,0,0,0,0,2,65,"28.4515° N, 76.9882° E",28.4515,76.9882
flat,rof ananda,sector 95,0.2,607.0,1,1,1,9.0,Relatively New,3294.0,0,0,0,1,0,2,52,"28.4172° N, 76.9081° E",28.4172,76.9081
flat,tulip violet★,sector 69,1.68,8358.0,4,4,2,2.0,Relatively New,1819.0,0,0,0,1,0,2,112,"28.3966° N, 77.0341° E",28.3966,77.0341
flat,parsvnath green ville★,sector 48,1.75,7202.0,3,3,3,7.0,Old Property,2200.0,0,1,0,0,0,0,109,"28.4177° N, 77.0359° E",28.4177,77.0359
flat,ireo the corridors,sector 67a,1.5,11111.0,2,2,2,10.0,Relatively New,1350.0,0,0,1,0,0,1,38,"28.3960° N, 77.0372° E",28.396,77.0372
flat,smart world orchard,sector 61,1.85,14800.0,2,2,2,3.0,New Property,1250.0,0,0,0,0,0,2,44,"28.4050° N, 77.0963° E",28.405,77.0963
flat,mm golfestate★,sector 65,4.94,16234.0,3,4,3,15.0,Moderately Old,2754.0,0,1,0,0,0,2,165,"28.4030° N, 77.0690° E",28.403,77.069
flat,umang monsoon breeze,sector 78,0.69,5391.0,2,2,2,11.0,Moderately Old,1280.0,0,0,0,0,0,2,60,"28.3733° N, 76.9729° E",28.3733,76.9729
flat,hero homes,sector 104,1.35,9568.0,3,2,2,18.0,New Property,1094.0,0,0,0,0,0,2,49,"28.4788° N, 76.9960° E",28.4788,76.996
flat,indiabulls enigma,sector 110,3.25,9559.0,4,4,3,11.0,Relatively New,3077.0,0,1,0,0,1,2,125,"28.5145° N, 77.0197° E",28.5145,77.0197
flat,tulip violet★,sector 69,1.6,10139.0,3,3,2,0.0,Relatively New,1428.0,0,0,0,1,0,2,166,"28.3966° N, 77.0341° E",28.3966,77.0341
flat,signature andour heights★,sector 71,0.59,937.0,2,2,1,6.0,Moderately Old,639.0,0,0,0,0,0,2,67,"28.4104° N, 77.0281° E",28.4104,77.0281
flat,tulip violet★,sector 69,1.68,8358.0,4,4,2,7.0,Relatively New,1819.0,0,0,0,0,0,2,127,"28.3966° N, 77.0341° E",28.3966,77.0341
flat,antriksh heights★,sector 84,0.85,5556.0,2,2,3,10.0,New Property,1222.0,1,0,0,0,1,2,24,"28.3979° N, 76.9736° E",28.3979,76.9736
flat,emaar mgf emerald estate★,sector 65,1.7,2335.0,3,3,3,7.0,Relatively New,1081.0,1,0,0,0,0,1,116,"28.4030° N, 77.0690° E",28.403,77.069
flat,ansal api celebrity suites,sector 2,0.6,907.0,1,1,1,5.0,Moderately Old,665.0,0,0,0,0,0,1,88,"28.5095° N, 77.0320° E",28.5095,77.032
flat,vatika sovereign next,sector 82a,3.85,7500.0,5,6,3+,6.0,New Property,5133.0,0,1,0,1,0,2,148,"28.3858° N, 76.9686° E",28.3858,76.9686
flat,orris aster court,sector 85,0.69,5219.0,2,2,2,5.0,Relatively New,1075.0,0,0,0,0,0,2,37,"28.4042° N, 76.9513° E",28.4042,76.9513
flat,piedmont taksila heights★,sector 37c,1.05,4792.0,3,3,3,7.0,Relatively New,1738.0,0,0,0,0,0,1,81,"28.4515° N, 76.9882° E",28.4515,76.9882
house,independent,sector 12,0.65,92.0,1,1,1,1.0,Moderately Old,70.0,0,0,0,0,1,2,21,"28.4723° N, 77.0320° E",28.4723,77.032
flat,dlf the arbour,sector 63,7.9,20000.0,4,4,3+,34.0,Under Construction,3222.0,0,0,0,0,0,2,61,"28.3971° N, 77.0867° E",28.3971,77.0867
flat,tata gurgaon gateway★,sector 113,2.45,10788.0,3,3,3,8.0,Relatively New,2014.0,0,0,0,0,0,2,110,"28.5287° N, 77.0233° E",28.5287,77.0233
flat,pioneer park★,sector 61,2.04,14624.0,3,3,3+,16.0,Moderately Old,1595.0,0,1,0,0,0,1,165,"28.4050° N, 77.0963° E",28.405,77.0963
flat,ild grand,sector 37c,1.2,6593.0,3,3,3,7.0,Under Construction,1647.0,0,0,0,0,0,2,24,"28.4515° N, 76.9882° E",28.4515,76.9882
flat,experion heartsong,sector 12,1.08,6150.0,3,3,0,2.0,Under Construction,1756.0,0,0,0,0,0,2,0,"28.4723° N, 77.0320° E",28.4723,77.032
flat,vatika inxt floors,sector 82a,1.25,8333.0,3,2,3,2.0,Relatively New,1500.0,1,0,0,1,0,1,94,"28.3858° N, 76.9686° E",28.3858,76.9686
flat,vatika inxt floors,sector 82a,0.75,7500.0,2,2,2,1.0,Relatively New,722.0,0,0,0,0,0,2,0,"28.3858° N, 76.9686° E",28.3858,76.9686
flat,smart world gems,sector 89,1.2,8433.0,3,3,2,3.0,New Property,1423.0,1,0,0,0,1,2,37,"28.4253° N, 76.9439° E",28.4253,76.9439
flat,experion windchants★,sector 112,3.4,12134.0,3,3,2,14.0,Relatively New,2225.56,0,0,0,0,0,1,159,"28.5189° N, 77.0183° E",28.5189,77.0183
flat,bptp terra★,sector 37d,1.67,7622.0,4,4,3,11.0,Relatively New,2091.0,0,0,0,0,0,1,149,"28.4478° N, 76.9703° E",28.4478,76.9703
flat,tata gurgaon gateway★,sector 113,3.21,11823.0,3,3,3,9.0,New Property,2281.0,0,0,0,0,0,2,49,"28.5287° N, 77.0233° E",28.5287,77.0233
flat,maruti kunj,sector 11,0.8,5161.0,3,2,0,0.0,Old Property,1403.0,0,0,0,0,0,2,8,"28.4531° N, 77.0202° E",28.4531,77.0202
flat,birla navya,sector 63a,3.3,15349.0,3,3,3,4.0,Under Construction,2150.0,0,1,0,0,0,2,52,"28.3923° N, 77.0888° E",28.3923,77.0888
flat,central park resorts★,sector 48,5.15,20901.0,3,3,3+,8.0,Moderately Old,2364.0,0,1,0,0,0,0,53,"28.4177° N, 77.0359° E",28.4177,77.0359
flat,breez global heights a,sector 88a,0.5,931.0,3,2,2,2.0,Under Construction,5373.0,0,0,0,0,0,2,15,"28.4347° N, 76.9557° E",28.4347,76.9557
flat,tulip violet★,sector 69,1.8,8955.0,4,4,2,9.0,Relatively New,1819.0,0,0,0,1,0,1,165,"28.3966° N, 77.0341° E",28.3966,77.0341
flat,signature global orchard avenue★,sector 93,0.4,817.0,2,2,2,11.0,New Property,4896.0,0,0,0,0,0,2,37,"28.4153° N, 76.9326° E",28.4153,76.9326
flat,ireo skyon★,sector 60,3.0,12484.0,3,3,3,5.0,Relatively New,2400.0,0,1,0,0,0,1,174,"28.4003° N, 77.0975° E",28.4003,77.0975
flat,pyramid urban,sector 67a,0.53,996.0,2,2,1,6.0,Relatively New,5319.0,0,0,0,0,1,1,49,"28.3960° N, 77.0372° E",28.396,77.0372
flat,bptp mansions park prime,sector 66,3.0,10854.0,4,4,3,3.0,Relatively New,2700.0,1,1,0,1,1,1,174,"28.3925° N, 77.0541° E",28.3925,77.0541
flat,dlf new town heights ★,sector 90,1.3,6736.0,3,3,3+,10.0,Relatively New,1929.0,0,1,0,1,0,1,129,"28.4085° N, 76.9369° E",28.4085,76.9369
flat,hsiidc sidco aravali,manesar,0.9,3648.0,4,4,3,7.0,Moderately Old,2233.0,0,0,0,0,0,2,0,"28.3515° N, 76.9428° E",28.3515,76.9428
flat,signature global the millennia,sector 37d,0.6,1026.0,2,2,3,7.0,New Property,625.0,0,0,0,0,0,2,35,"28.4478° N, 76.9703° E",28.4478,76.9703
flat,smart world orchard,sector 61,1.9,2522.0,3,3,3,1.0,New Property,1137.0,0,0,0,0,0,2,30,"28.4050° N, 77.0963° E",28.405,77.0963
flat,conscient heritage max★,sector 102,3.0,10490.0,4,4,3+,7.0,Relatively New,2860.0,0,0,0,0,1,1,65,"28.4750° N, 76.9715° E",28.475,76.9715
flat,ambience creacions,sector 22,2.4,17391.0,2,2,2,8.0,Relatively New,1200.0,0,0,0,0,1,0,112,"28.5072° N, 77.0640° E",28.5072,77.064
flat,smriti apartment,sector 56,0.45,833.0,1,1,2,3.0,Old Property,543.0,0,0,0,0,0,2,57,"28.4245° N, 77.0991° E",28.4245,77.0991
flat,pioneer park★,sector 61,1.6,11594.0,2,2,2,21.0,Relatively New,1380.0,0,1,0,0,0,2,105,"28.4050° N, 77.0963° E",28.405,77.0963
flat,ss the leaf★,sector 85,1.12,6452.0,2,2,3,10.0,Relatively New,1485.0,0,0,0,0,1,2,49,"28.4042° N, 76.9513° E",28.4042,76.9513
flat,bestech park view sanskruti★,sector 92,1.6,7547.0,3,3,3,10.0,Relatively New,1765.0,0,1,0,0,0,1,60,"28.4079° N, 76.9153° E",28.4079,76.9153
flat,tulip violet★,sector 69,3.1,9823.0,4,6,3+,14.0,Relatively New,2817.0,0,1,0,1,0,2,174,"28.3966° N, 77.0341° E",28.3966,77.0341
flat,ss,sector 85,1.98,8223.0,3,4,3,6.0,Relatively New,2300.0,0,0,0,0,0,2,42,"28.4042° N, 76.9513° E",28.4042,76.9513
flat,vatika gurgaon ★,sector 83,1.25,6313.0,3,3,2,2.0,Relatively New,1792.0,0,1,0,0,0,2,119,"28.3986° N, 76.9647° E",28.3986,76.9647
flat,shree vardhman flora★,sector 90,1.3,5253.0,4,5,2,9.0,Relatively New,2134.0,1,1,0,0,0,2,110,"28.4085° N, 76.9369° E",28.4085,76.9369
flat,mm golf hills phase,sector 79,1.7,10828.0,3,2,3,10.0,Relatively New,1221.0,0,0,0,0,0,2,0,"28.3624° N, 76.9787° E",28.3624,76.9787
flat,ireo the grand arch★,sector 58,2.2,16000.0,2,2,2,6.0,Relatively New,1244.0,0,0,0,0,0,2,42,"28.4200° N, 77.1105° E",28.42,77.1105
flat,hsiidc sidco aravali,manesar,0.9,3478.0,3,3,3+,8.0,Moderately Old,1900.0,0,1,0,0,0,2,23,"28.3515° N, 76.9428° E",28.3515,76.9428
flat,ss the leaf★,sector 85,2.3,8179.0,4,4,3+,8.0,Relatively New,2545.0,0,1,0,0,0,2,21,"28.4042° N, 76.9513° E",28.4042,76.9513
house,independent,sector 12,0.58,86.0,2,2,1,2.0,Moderately Old,67.0,0,0,0,1,1,2,7,"28.4723° N, 77.0320° E",28.4723,77.032
flat,emaar mgf palm studios,sector 66,1.45,1644.0,2,2,3,3.0,Relatively New,1082.0,0,0,0,0,0,2,92,"28.3925° N, 77.0541° E",28.3925,77.0541
flat,signature global the millennia,sector 37d,0.5,794.0,3,3,2,2.0,Under Construction,6300.0,0,0,0,0,0,2,31,"28.4478° N, 76.9703° E",28.4478,76.9703
flat,raheja vedaanta★,sector 108,0.7,4651.0,2,2,2,12.0,Relatively New,1505.0,0,0,0,0,0,2,0,"28.5134° N, 76.9830° E",28.5134,76.983
flat,imperia the esfera,sector 37c,0.86,5450.0,2,3,3,9.0,Relatively New,1442.0,1,0,0,0,1,2,49,"28.4515° N, 76.9882° E",28.4515,76.9882
flat,pioneer park★,sector 61,2.0,11765.0,3,3,3,24.0,Moderately Old,1538.0,0,0,0,0,0,1,75,"28.4050° N, 77.0963° E",28.405,77.0963
flat,unitech sunbreeze,sector 69,1.0,5476.0,4,3,0,0.0,Relatively New,1826.0,0,0,0,0,0,2,0,"28.3966° N, 77.0341° E",28.3966,77.0341
flat,corona optus★,sector 37c,1.43,7186.0,3,3,3+,2.0,Relatively New,1834.0,0,1,0,0,1,2,49,"28.4515° N, 76.9882° E",28.4515,76.9882
flat,sbtl caladium,sector 109,1.68,6601.0,3,3,3+,7.0,Moderately Old,2303.0,0,1,0,0,0,2,134,"28.5073° N, 77.0089° E",28.5073,77.0089
flat,signature global solera★,sector 107,0.25,874.0,1,1,0,0.0,Relatively New,2862.0,0,0,0,0,0,2,0,"28.5052° N, 76.9729° E",28.5052,76.9729
flat,experion windchants★,sector 112,6.5,10417.0,4,5,3,11.0,Relatively New,6240.0,0,0,0,0,0,2,55,"28.5189° N, 77.0183° E",28.5189,77.0183
flat,mm skywalk,sector 74,1.55,13790.0,2,2,3+,18.0,Relatively New,1300.0,0,0,0,0,1,2,137,"28.4158° N, 77.0118° E",28.4158,77.0118
flat,emaar mgf the enclave,sector 66,2.1,12353.0,3,4,2,12.0,Relatively New,1800.0,0,1,0,0,0,1,156,"28.3925° N, 77.0541° E",28.3925,77.0541
flat,kibithu villas,sector 48,3.45,12778.0,4,4,3+,2.0,Moderately Old,2700.0,0,0,0,0,0,2,0,"28.4177° N, 77.0359° E",28.4177,77.0359
flat,ansal api celebrity suites,sector 2,0.6,907.0,1,1,1,5.0,Moderately Old,665.0,0,0,0,0,0,1,67,"28.5095° N, 77.0320° E",28.5095,77.032
flat,emaar mgf emerald floors premier★,sector 65,2.36,14303.0,3,3,3,0.0,Relatively New,1493.0,1,1,0,0,0,1,159,"28.4030° N, 77.0690° E",28.403,77.069
flat,ats triumph★,sector 104,1.85,8079.0,3,3,3+,24.0,Relatively New,2072.0,0,1,0,0,0,2,174,"28.4788° N, 76.9960° E",28.4788,76.996
house,independent,sector 12,0.67,88.0,3,3,2,2.0,Relatively New,76.0,0,0,0,0,1,2,7,"28.4723° N, 77.0320° E",28.4723,77.032
flat,shapoorji pallonji joyville gurugram★,sector 102,1.99,2296.0,2,2,2,14.0,New Property,1145.0,0,0,0,0,0,2,152,"28.4750° N, 76.9715° E",28.475,76.9715
flat,dlf regency park ★,sector 28,1.35,11989.0,2,2,2,1.0,Moderately Old,1126.0,0,0,0,0,0,2,0,"28.4728° N, 77.0865° E",28.4728,77.0865
flat,mm heights,sector 65,2.1,16653.0,2,2,3,8.0,New Property,1015.0,0,0,0,0,0,2,31,"28.4030° N, 77.0690° E",28.403,77.069
flat,dlf regal gardens★,sector 90,1.78,8036.0,4,4,3+,8.0,Relatively New,2000.0,0,0,0,0,0,2,126,"28.4085° N, 76.9369° E",28.4085,76.9369
flat,parsvnath exotica★,sector 53,4.8,14679.0,3,4,3+,12.0,New Property,3270.0,0,0,0,0,0,2,0,"28.4433° N, 77.0948° E",28.4433,77.0948
flat,emaar mgf emerald floors premier★,sector 65,2.8,16970.0,3,3,2,3.0,Relatively New,1650.0,0,1,0,0,0,2,105,"28.4030° N, 77.0690° E",28.403,77.069
flat,bsf chs,sector 12,0.95,5938.0,3,3,3,13.0,Old Property,1600.0,0,0,0,0,0,2,37,"28.4723° N, 77.0320° E",28.4723,77.032
flat,green court★,sector 90,0.4,710.0,2,2,1,8.0,New Property,575.0,0,0,0,0,0,2,20,"28.4085° N, 76.9369° E",28.4085,76.9369
flat,dlf the primus★,sector 82a,1.8,13846.0,3,3,3+,10.0,Relatively New,1545.0,0,1,0,0,0,0,174,"28.3858° N, 76.9686° E",28.3858,76.9686
flat,mm woodshire★,sector 107,0.9,6589.0,2,2,3+,4.0,Relatively New,1236.0,0,0,0,0,0,2,21,"28.5052° N, 76.9729° E",28.5052,76.9729
flat,vatika city★,sector 49,1.98,9074.0,3,4,3,9.0,Moderately Old,1750.75,0,1,0,0,0,1,101,"28.4121° N, 77.0480° E",28.4121,77.048
flat,palam vihar society,sector 2,3.35,7444.0,4,4,3+,2.0,New Property,4500.0,1,0,0,0,0,2,66,"28.5095° N, 77.0320° E",28.5095,77.032
flat,ats kocoon,sector 109,2.2,10023.0,3,4,3,8.0,Relatively New,1860.0,0,1,0,0,0,2,156,"28.5073° N, 77.0089° E",28.5073,77.0089
flat,ss the leaf★,sector 85,1.14,6433.0,2,2,3,16.0,Relatively New,1604.0,0,0,0,0,0,2,44,"28.4042° N, 76.9513° E",28.4042,76.9513
flat,navjyoti apartment,sector 38,2.1,11939.0,4,4,3+,10.0,Old Property,1759.0,0,0,0,0,0,0,22,"28.4347° N, 77.0430° E",28.4347,77.043
flat,paras dews,sector 106,1.2,6818.0,3,4,3+,9.0,Relatively New,1186.0,0,1,0,0,0,2,174,"28.5007° N, 77.0003° E",28.5007,77.0003
flat,signature global city a,sector 63a,1.4,11336.0,2,2,2,3.0,Under Construction,1235.0,0,0,0,0,1,2,0,"28.3923° N, 77.0888° E",28.3923,77.0888
flat,shree vardhman victoria★,sector 70,1.67,14384.0,3,5,3,5.0,Moderately Old,1527.0,0,1,0,0,0,2,108,"28.3968° N, 77.0233° E",28.3968,77.0233
flat,vatika city★,sector 49,3.6,11921.0,4,5,3,7.0,Moderately Old,3020.0,0,1,0,1,0,0,15,"28.4121° N, 77.0480° E",28.4121,77.048
flat,awho shanti vihar★,sector 95,0.8,988.0,2,2,3,9.0,New Property,713.0,1,0,0,0,0,2,67,"28.4172° N, 76.9081° E",28.4172,76.9081
flat,mm skycity,sector 65,2.0,15267.0,2,2,2,16.0,New Property,1186.0,0,0,0,0,0,1,174,"28.4030° N, 77.0690° E",28.403,77.069
flat,the nav manesar apartment,sector 1,0.85,3953.0,3,3,3+,5.0,Moderately Old,1946.0,0,1,0,0,0,2,5,"28.3663° N, 76.9456° E",28.3663,76.9456
flat,dlf regal gardens★,sector 90,1.24,7066.0,3,3,3+,9.0,Relatively New,1600.0,0,0,0,0,1,2,72,"28.4085° N, 76.9369° E",28.4085,76.9369
flat,vatika city homes★,sector 83,0.8,6061.0,2,2,2,8.0,Moderately Old,1195.0,0,0,1,0,0,2,22,"28.3986° N, 76.9647° E",28.3986,76.9647
flat,alpha corp gurgaonone ★,sector 84,1.15,7497.0,2,2,3,14.0,Relatively New,1394.0,1,0,0,0,0,2,28,"28.3979° N, 76.9736° E",28.3979,76.9736
flat,nbcc heights★,sector 89,1.5,7059.0,3,3,3,8.0,Relatively New,1923.0,1,1,0,0,0,2,105,"28.4253° N, 76.9439° E",28.4253,76.9439
flat,tulip violet★,sector 69,1.51,9569.0,3,3,2,0.0,Relatively New,1325.0,0,0,0,1,0,0,165,"28.3966° N, 77.0341° E",28.3966,77.0341
flat,vasant appartments,sector 14,1.7,7391.0,5,5,2,2.0,Old Property,2300.0,1,0,1,1,0,0,71,"28.4711° N, 77.0454° E",28.4711,77.0454
flat,mm heights,sector 65,2.0,13957.0,2,2,2,32.0,Relatively New,1111.0,0,0,0,0,0,2,0,"28.4030° N, 77.0690° E",28.403,77.069
flat,sare green parc phase,sector 92,0.7,5279.0,3,2,2,4.0,Relatively New,1325.0,0,0,0,0,0,2,56,"28.4079° N, 76.9153° E",28.4079,76.9153
flat,bestech park view city★,sector 48,4.25,9335.0,4,5,3+,14.0,Moderately Old,4120.0,1,0,0,0,0,1,81,"28.4177° N, 77.0359° E",28.4177,77.0359
flat,smart world gems,sector 89,1.71,12000.0,3,2,0,3.0,New Property,1425.0,0,0,0,0,0,2,45,"28.4253° N, 76.9439° E",28.4253,76.9439
flat,dlf the ultima★,sector 81,2.3,14375.0,3,4,3+,18.0,Relatively New,1854.0,0,1,0,0,0,0,174,"28.3867° N, 76.9485° E",28.3867,76.9485
flat,cghs vidya enclave★,sector 56,1.7,10968.0,3,2,3,6.0,Old Property,1585.0,0,0,1,0,0,2,101,"28.4245° N, 77.0991° E",28.4245,77.0991
flat,mm soulitude,sector 89,1.32,1880.0,3,3,3,1.0,Under Construction,7020.0,0,0,0,0,0,2,45,"28.4253° N, 76.9439° E",28.4253,76.9439
flat,ss the leaf★,sector 85,1.75,7267.0,3,4,3,8.0,Relatively New,2179.0,0,1,0,0,0,2,49,"28.4042° N, 76.9513° E",28.4042,76.9513
flat,suncity vatsal valley,sector 12,1.45,10140.0,3,3,3,4.0,Under Construction,844.0,0,0,0,0,0,2,49,"28.4723° N, 77.0320° E",28.4723,77.032
flat,tulip violet★,sector 69,3.05,9664.0,4,5,3+,14.0,Relatively New,2856.0,0,1,0,0,1,2,49,"28.3966° N, 77.0341° E",28.3966,77.0341
flat,dlf the ultima★,sector 81,2.3,10994.0,3,4,3+,6.0,New Property,1893.0,0,1,0,0,0,0,167,"28.3867° N, 76.9485° E",28.3867,76.9485
flat,bestech park view grand spa★,sector 81,4.2,10000.0,4,4,3+,25.0,Relatively New,3512.0,0,1,0,0,0,1,90,"28.3867° N, 76.9485° E",28.3867,76.9485
flat,corona optus★,sector 37c,1.5,6361.0,3,4,3+,14.0,New Property,2134.0,0,1,0,0,1,2,83,"28.4515° N, 76.9882° E",28.4515,76.9882
flat,orris carnation residency★,sector 85,1.1,6687.0,3,4,3,6.0,Moderately Old,1467.0,0,1,0,0,0,0,65,"28.4042° N, 76.9513° E",28.4042,76.9513
flat,mapsko mount ville★,sector 79,1.25,7716.0,3,3,2,1.0,Relatively New,1212.0,1,0,0,1,0,1,166,"28.3624° N, 76.9787° E",28.3624,76.9787
flat,bestech park view spa next★,sector 67,2.35,12145.0,3,4,3+,14.0,Moderately Old,1751.0,0,1,0,0,0,1,156,"28.3859° N, 77.0608° E",28.3859,77.0608
flat,sanskriti apartment,sector 10a,1.1,6667.0,3,3,3,2.0,Moderately Old,1650.0,0,0,0,0,0,2,22,"28.4469° N, 77.0106° E",28.4469,77.0106
flat,emaar mgf emerald floors premier★,sector 65,2.65,16061.0,3,3,3,5.0,Relatively New,1650.0,1,1,0,0,0,2,37,"28.4030° N, 77.0690° E",28.403,77.069
flat,bestech park view ananda★,sector 81,0.95,6985.0,2,2,2,14.0,Relatively New,1260.0,0,0,0,0,0,1,165,"28.3867° N, 76.9485° E",28.3867,76.9485
flat,ramprastha city,sector 12,1.3,9286.0,3,3,2,3.0,Under Construction,1267.0,0,0,0,0,0,2,0,"28.4723° N, 77.0320° E",28.4723,77.032
flat,emaar palm heights,sector 77,1.79,8840.0,3,3,3,1.0,New Property,1600.0,0,1,0,0,0,1,49,"28.3801° N, 76.9845° E",28.3801,76.9845
flat,mm woodshire★,sector 107,0.98,6422.0,2,2,3,7.0,Relatively New,1281.0,1,0,0,0,0,1,174,"28.5052° N, 76.9729° E",28.5052,76.9729
flat,ild greens★,sector 37c,0.95,5067.0,3,3,3+,0.0,New Property,1697.0,0,0,0,0,0,2,0,"28.4515° N, 76.9882° E",28.4515,76.9882
flat,pareena coban residences,sector 99a,1.16,5809.0,3,3,3,3.0,Relatively New,1790.0,0,1,0,0,1,2,49,"28.4561° N, 76.9542° E",28.4561,76.9542
flat,mm golfestate★,sector 65,6.1,18139.0,3,3,3,19.0,Moderately Old,3027.0,1,1,0,0,0,1,174,"28.4030° N, 77.0690° E",28.403,77.069
flat,experion the heartsong★,sector 108,1.2,6826.0,3,2,3+,11.0,Relatively New,1550.0,0,1,0,1,0,1,174,"28.5134° N, 76.9830° E",28.5134,76.983
flat,smart world orchard,sector 61,2.2,13497.0,3,3,2,3.0,Under Construction,1630.0,0,0,0,0,0,2,16,"28.4050° N, 77.0963° E",28.405,77.0963
flat,la vida by tata housing,sector 113,2.4,10825.0,3,4,3+,5.0,Relatively New,1940.0,0,1,0,0,0,2,49,"28.5287° N, 77.0233° E",28.5287,77.0233
flat,orris carnation residency★,sector 85,0.88,5954.0,3,3,1,1.0,Relatively New,1344.0,0,0,0,0,0,2,65,"28.4042° N, 76.9513° E",28.4042,76.9513
flat,imperia the esfera,sector 37c,0.86,4886.0,3,3,2,0.0,New Property,1593.0,0,0,0,0,1,2,35,"28.4515° N, 76.9882° E",28.4515,76.9882
flat,ild grand centra,sector 37c,0.95,5220.0,3,1,0,0.0,Relatively New,1820.0,0,0,0,0,0,2,0,"28.4515° N, 76.9882° E",28.4515,76.9882
flat,mm capital,sector 113,2.51,14800.0,3,3,3+,2.0,Under Construction,1696.0,1,0,0,0,0,2,49,"28.5287° N, 77.0233° E",28.5287,77.0233
flat,mm skycity,sector 65,2.8,15317.0,3,3,0,14.0,Relatively New,1828.0,0,0,0,0,0,2,0,"28.4030° N, 77.0690° E",28.403,77.069
flat,mm woodshire★,sector 107,0.88,6442.0,2,2,3+,3.0,Relatively New,1236.0,0,0,0,0,0,2,99,"28.5052° N, 76.9729° E",28.5052,76.9729
flat,godrej oasis★,sector 88a,1.29,7799.0,3,3,3,5.0,New Property,1642.0,1,0,0,0,1,2,65,"28.4347° N, 76.9557° E",28.4347,76.9557
flat,paras dews,sector 106,1.05,7581.0,2,2,2,5.0,New Property,1385.0,0,0,0,0,0,2,97,"28.5007° N, 77.0003° E",28.5007,77.0003
flat,signature global grand iva★,sector 103,0.5,741.0,2,2,0,10.0,Relatively New,672.0,0,0,0,0,0,2,0,"28.4949° N, 76.9845° E",28.4949,76.9845
flat,pyramid urban homes,sector 86,0.5,924.0,2,2,1,2.0,Relatively New,5409.0,0,0,0,0,0,2,35,"28.3986° N, 76.9384° E",28.3986,76.9384
flat,bptp terra★,sector 37d,1.75,7987.0,4,4,3,7.0,Relatively New,2100.0,0,0,0,0,1,1,120,"28.4478° N, 76.9703° E",28.4478,76.9703
flat,dlf the ultima★,sector 81,2.25,10755.0,3,4,3+,11.0,Relatively New,2090.0,0,1,0,0,0,0,174,"28.3867° N, 76.9485° E",28.3867,76.9485
flat,imperia aashiyara,sector 37c,0.4,654.0,2,2,3,3.0,Under Construction,6120.0,0,0,0,0,0,2,126,"28.4515° N, 76.9882° E",28.4515,76.9882
flat,shree vardhman flora★,sector 90,1.27,4951.0,4,5,2,9.0,New Property,2248.0,1,1,0,0,0,2,83,"28.4085° N, 76.9369° E",28.4085,76.9369
flat,ss the leaf★,sector 85,1.98,8257.0,3,4,3,12.0,Relatively New,2399.0,0,0,1,0,0,2,174,"28.4042° N, 76.9513° E",28.4042,76.9513
flat,emaar gurgaon greens★,sector 102,1.55,9394.0,3,4,3,7.0,Relatively New,1315.0,0,1,0,0,0,1,152,"28.4750° N, 76.9715° E",28.475,76.9715
flat,sunischit apartments,sector 54,1.75,7955.0,3,4,3+,5.0,Moderately Old,1900.0,0,1,0,0,0,1,83,"28.4348° N, 77.1089° E",28.4348,77.1089
flat,denso haryana housing society,manesar,0.9,4308.0,3,3,3+,5.0,Moderately Old,2089.0,0,1,0,0,0,2,7,"28.3515° N, 76.9428° E",28.3515,76.9428
flat,emaar gurgaon greens★,sector 102,1.54,9333.0,3,3,3,12.0,Relatively New,1315.0,0,1,0,0,0,2,61,"28.4750° N, 76.9715° E",28.475,76.9715
flat,emaar mgf emerald floors premier★,sector 65,2.35,14242.0,3,3,2,4.0,Relatively New,1650.0,1,1,0,0,0,2,165,"28.4030° N, 77.0690° E",28.403,77.069
flat,smart world orchard,sector 61,1.6,13913.0,2,2,2,3.0,Under Construction,1150.0,1,0,0,0,0,2,37,"28.4050° N, 77.0963° E",28.405,77.0963
flat,godrej aria★,sector 79,1.3,9623.0,2,4,2,3.0,Relatively New,1223.0,0,0,0,0,0,2,53,"28.3624° N, 76.9787° E",28.3624,76.9787
flat,parsvnath green ville★,sector 48,2.5,12821.0,4,5,3,1.0,Moderately Old,1950.0,0,0,0,0,1,1,49,"28.4177° N, 77.0359° E",28.4177,77.0359
flat,tulip violet★,sector 69,1.4,8855.0,3,3,2,9.0,Relatively New,1428.0,0,0,0,1,0,2,120,"28.3966° N, 77.0341° E",28.3966,77.0341
flat,mapsko casa bella★,sector 82,1.3,6379.0,4,4,3+,1.0,Relatively New,1774.0,0,1,0,0,0,2,130,"28.3935° N, 76.9600° E",28.3935,76.96
flat,ss the leaf★,sector 85,1.78,7392.0,3,4,3+,6.0,New Property,2179.0,0,0,1,0,0,2,113,"28.4042° N, 76.9513° E",28.4042,76.9513
flat,pivotal devaan,sector 84,0.35,805.0,2,2,2,4.0,Relatively New,4347.0,0,0,0,0,0,2,37,"28.3979° N, 76.9736° E",28.3979,76.9736
flat,signature andour heights★,sector 71,0.55,956.0,2,2,1,7.0,Relatively New,600.0,0,0,0,0,0,1,24,"28.4104° N, 77.0281° E",28.4104,77.0281
flat,umang winter hills★,sector 77,0.8,5961.0,2,2,2,10.0,Relatively New,1163.0,0,0,0,0,0,1,49,"28.3801° N, 76.9845° E",28.3801,76.9845
flat,imperia the esfera,sector 37c,1.1,5405.0,3,4,3,9.0,Relatively New,1899.0,1,1,0,0,0,2,49,"28.4515° N, 76.9882° E",28.4515,76.9882
flat,the close north★,sector 50,2.35,11358.0,3,3,3,8.0,Moderately Old,1900.0,0,0,0,0,0,1,49,"28.4178° N, 77.0628° E",28.4178,77.0628
flat,smart world orchard,sector 61,1.41,12250.0,2,2,2,2.0,Under Construction,1151.0,1,0,0,0,0,2,76,"28.4050° N, 77.0963° E",28.405,77.0963
flat,experion the heartsong★,sector 108,0.9,7015.0,2,3,3,2.0,Relatively New,978.23,0,1,0,0,0,2,94,"28.5134° N, 76.9830° E",28.5134,76.983
flat,tulip violet★,sector 69,1.31,8518.0,3,3,2,12.0,Relatively New,1392.0,0,0,0,1,0,1,174,"28.3966° N, 77.0341° E",28.3966,77.0341
flat,mm antalya hills,sector 79,1.15,7497.0,3,3,3+,1.0,Under Construction,1200.0,1,0,0,0,0,2,0,"28.3624° N, 76.9787° E",28.3624,76.9787
flat,vatika the seven lamps★,sector 82,1.39,6411.0,3,3,3+,11.0,Relatively New,1955.0,1,1,0,0,0,1,117,"28.3935° N, 76.9600° E",28.3935,76.96
flat,umang monsoon breeze,sector 78,0.62,5004.0,2,2,1,7.0,Moderately Old,1115.0,0,0,1,0,0,2,111,"28.3733° N, 76.9729° E",28.3733,76.9729
flat,gls avenue,sector 92,0.5,868.0,3,3,1,12.0,New Property,5760.0,0,0,0,0,0,0,95,"28.4079° N, 76.9153° E",28.4079,76.9153
flat,signature global city a,sector 63a,1.55,14776.0,2,2,2,2.0,Under Construction,1049.0,0,0,0,0,0,2,0,"28.3923° N, 77.0888° E",28.3923,77.0888
flat,godrej ★,sector 79,2.03,9046.0,3,4,3+,7.0,Relatively New,2031.0,0,1,0,0,0,2,118,"28.3624° N, 76.9787° E",28.3624,76.9787
flat,rof ananda,sector 95,0.55,947.0,3,2,2,14.0,New Property,811.0,1,0,0,0,0,1,81,"28.4172° N, 76.9081° E",28.4172,76.9081
flat,ats triumph★,sector 104,2.78,8825.0,4,4,3+,11.0,Relatively New,2851.0,0,1,0,0,0,2,110,"28.4788° N, 76.9960° E",28.4788,76.996
flat,smart world orchard,sector 61,2.2,13497.0,3,3,2,1.0,Under Construction,1630.0,0,0,0,0,0,2,49,"28.4050° N, 77.0963° E",28.405,77.0963
flat,emaar palm gardens★,sector 83,1.75,9211.0,3,3,3,6.0,Relatively New,1600.0,0,1,0,0,0,1,174,"28.3986° N, 76.9647° E",28.3986,76.9647
flat,chd avenue ★,sector 71,1.15,6527.0,3,3,2,15.0,Moderately Old,1541.0,0,1,0,0,0,1,66,"28.4104° N, 77.0281° E",28.4104,77.0281
flat,vipul lavanya★,sector 81,0.65,5263.0,2,2,2,14.0,Moderately Old,985.0,0,0,0,0,0,2,96,"28.3867° N, 76.9485° E",28.3867,76.9485
flat,mapsko mount ville★,sector 79,1.2,8054.0,3,3,3,24.0,Relatively New,1348.0,0,0,0,0,0,1,8,"28.3624° N, 76.9787° E",28.3624,76.9787
flat,ansal heights,sector 86,1.25,7396.0,3,2,1,11.0,New Property,1529.0,0,0,0,0,0,2,45,"28.3986° N, 76.9384° E",28.3986,76.9384
flat,indiabulls centrum park★,sector 103,2.36,9183.0,4,6,3+,8.0,Relatively New,2729.0,0,1,0,0,0,1,159,"28.4949° N, 76.9845° E",28.4949,76.9845
flat,rof ananda,sector 95,0.32,648.0,2,2,1,9.0,Relatively New,4941.0,0,0,0,1,0,1,71,"28.4172° N, 76.9081° E",28.4172,76.9081
flat,ss the leaf★,sector 85,2.1,8721.0,3,4,3+,6.0,Relatively New,2026.0,0,1,0,0,0,2,156,"28.4042° N, 76.9513° E",28.4042,76.9513
flat,orchid petals★,sector 49,1.9,10526.0,3,3,3,2.0,Old Property,1600.0,0,0,0,0,1,1,49,"28.4121° N, 77.0480° E",28.4121,77.048
flat,ats triumph★,sector 104,2.3,10000.0,3,4,3+,15.0,New Property,2300.0,0,1,0,0,0,2,117,"28.4788° N, 76.9960° E",28.4788,76.996
flat,dlf the primus★,sector 82a,2.6,11439.0,4,4,3+,2.0,Relatively New,2273.0,0,0,0,0,1,2,38,"28.3858° N, 76.9686° E",28.3858,76.9686
flat,signature global the millennia,sector 37d,0.55,1019.0,2,2,3,3.0,New Property,610.0,0,0,0,0,0,2,71,"28.4478° N, 76.9703° E",28.4478,76.9703
flat,godrej oasis★,sector 88a,1.15,9854.0,2,2,1,12.0,New Property,1167.0,1,0,0,0,0,2,79,"28.4347° N, 76.9557° E",28.4347,76.9557
flat,millenia,sector 37c,0.4,741.0,2,2,2,4.0,New Property,5400.0,0,0,0,0,0,2,29,"28.4515° N, 76.9882° E",28.4515,76.9882
flat,dlf new town heights ★,sector 90,2.0,7334.0,4,4,3+,20.0,Moderately Old,2468.0,0,1,0,0,1,2,49,"28.4085° N, 76.9369° E",28.4085,76.9369
flat,signature global city,sector 92,0.78,7723.0,2,2,3,2.0,Under Construction,846.0,0,0,0,0,1,2,24,"28.4079° N, 76.9153° E",28.4079,76.9153
flat,imperia the esfera,sector 37c,0.87,5513.0,2,3,3+,5.0,Relatively New,1300.0,1,0,0,0,0,2,109,"28.4515° N, 76.9882° E",28.4515,76.9882
flat,tulip violet★,sector 69,1.43,9039.0,3,3,2,1.0,Relatively New,1428.0,0,0,0,1,0,2,102,"28.3966° N, 77.0341° E",28.3966,77.0341
flat,shyam apartment,sector 3,0.26,413.0,2,1,2,2.0,Relatively New,611.0,0,0,0,0,0,2,0,"28.4909° N, 77.0176° E",28.4909,77.0176
flat,signature global solera★,sector 107,0.36,730.0,2,2,1,9.0,Relatively New,496.0,0,0,0,0,0,2,28,"28.5052° N, 76.9729° E",28.5052,76.9729
flat,pareena mi casa,sector 68,1.7,8500.0,4,4,3+,23.0,New Property,1809.0,0,0,0,0,0,2,88,"28.3853° N, 77.0484° E",28.3853,77.0484
flat,mm skycity,sector 65,2.85,15591.0,3,3,3,43.0,Under Construction,1828.0,0,0,0,0,0,1,115,"28.4030° N, 77.0690° E",28.403,77.069
flat,conscient heritage max★,sector 102,1.75,9011.0,3,4,3+,13.0,Relatively New,1757.0,0,1,0,0,0,1,94,"28.4750° N, 76.9715° E",28.475,76.9715
flat,experion the heartsong★,sector 108,0.98,1483.0,2,3,3,12.0,Relatively New,816.0,1,1,1,1,0,2,31,"28.5134° N, 76.9830° E",28.5134,76.983
flat,umang winter hills★,sector 77,0.99,7857.0,2,2,2,1.0,Relatively New,1126.0,0,0,0,0,0,2,97,"28.3801° N, 76.9845° E",28.3801,76.9845
flat,conscient heritage max★,sector 102,1.82,9010.0,3,4,3+,12.0,Relatively New,1757.0,0,1,0,0,0,2,101,"28.4750° N, 76.9715° E",28.475,76.9715
flat,signature global synera★,sector 81,0.48,939.0,2,2,1,7.0,Relatively New,613.0,0,0,0,0,0,1,70,"28.3867° N, 76.9485° E",28.3867,76.9485
flat,bestech park view grand spa★,sector 81,2.3,8647.0,3,4,3+,7.0,Relatively New,2280.0,0,1,0,0,0,1,49,"28.3867° N, 76.9485° E",28.3867,76.9485
flat,ambience lagoon★,sector 24,4.25,13281.0,3,4,3+,3.0,Old Property,3201.0,0,1,1,0,0,1,131,"28.4939° N, 77.1038° E",28.4939,77.1038
flat,pivotal riddhi siddhi,sector 99,0.4,494.0,2,2,2,9.0,New Property,733.0,0,0,0,0,0,2,60,"28.4640° N, 76.9614° E",28.464,76.9614
flat,citizen apartment,sector 51,3.55,6826.0,5,6,3+,11.0,Moderately Old,5222.0,1,1,1,1,0,1,157,"28.4320° N, 77.0686° E",28.432,77.0686
flat,deepak minda,manesar,1.25,4715.0,3,3,3+,6.0,Moderately Old,2651.0,0,1,0,0,0,2,44,"28.3515° N, 76.9428° E",28.3515,76.9428
flat,pgr shree kripaluji apartment,sector 52,1.4,6087.0,3,3,3+,8.0,Relatively New,2300.0,0,0,0,0,0,1,80,"28.4379° N, 77.0785° E",28.4379,77.0785
flat,tulip violet★,sector 69,1.75,8883.0,4,4,1,12.0,Relatively New,1783.0,0,0,0,0,0,2,86,"28.3966° N, 77.0341° E",28.3966,77.0341
flat,emaar mgf the palm drive★,sector 66,3.2,17778.0,3,3,3,12.0,Relatively New,1800.0,1,1,1,1,0,1,117,"28.3925° N, 77.0541° E",28.3925,77.0541
flat,sobha city,sector 108,3.35,13267.0,3,4,2,19.0,New Property,2525.0,0,0,0,0,0,2,102,"28.5134° N, 76.9830° E",28.5134,76.983
flat,sare green parc,sector 92,1.07,5245.0,4,3,3,10.0,Under Construction,2040.0,1,1,0,0,0,2,86,"28.4079° N, 76.9153° E",28.4079,76.9153
flat,ireo victory valley★,sector 67,2.95,12236.0,3,3,3,10.0,Relatively New,2150.0,0,1,0,0,0,1,174,"28.3859° N, 77.0608° E",28.3859,77.0608
flat,parsvnath exotica★,sector 53,5.0,17271.0,3,4,3+,8.0,Relatively New,2500.0,0,1,0,1,1,1,49,"28.4433° N, 77.0948° E",28.4433,77.0948
flat,la vida by tata housing,sector 113,1.35,1554.0,2,2,3,10.0,New Property,1090.0,0,0,0,0,0,2,174,"28.5287° N, 77.0233° E",28.5287,77.0233
flat,ganga apartment,sector 11,0.55,3352.0,2,2,1,3.0,Moderately Old,1000.0,0,0,0,0,0,2,81,"28.4531° N, 77.0202° E",28.4531,77.0202
flat,godrej ★,sector 79,1.34,8524.0,3,3,3,7.0,Relatively New,1423.0,0,0,0,0,0,2,158,"28.3624° N, 76.9787° E",28.3624,76.9787
flat,rof ananda,sector 95,0.55,5500.0,3,2,2,14.0,New Property,866.0,1,0,0,0,0,0,30,"28.4172° N, 76.9081° E",28.4172,76.9081
flat,mm golfestate★,sector 65,5.0,18519.0,3,3,3+,28.0,Relatively New,2800.0,0,1,0,1,0,1,165,"28.4030° N, 77.0690° E",28.403,77.069
flat,la vida by tata housing,sector 113,3.72,13985.0,5,4,3+,0.0,New Property,2660.0,0,0,0,1,0,0,44,"28.5287° N, 77.0233° E",28.5287,77.0233
flat,emaar palm gardens★,sector 83,1.8,9474.0,3,4,3,4.0,Relatively New,1551.0,1,1,1,1,0,1,174,"28.3986° N, 76.9647° E",28.3986,76.9647
flat,unitech greenwood city★,sector 45,2.4,12346.0,3,3,2,1.0,New Property,195.0,0,1,0,0,0,1,19,"28.4466° N, 77.0660° E",28.4466,77.066
flat,dlf the ultima★,sector 81,2.12,10081.0,3,3,3+,9.0,Relatively New,1650.0,1,1,0,1,1,0,49,"28.3867° N, 76.9485° E",28.3867,76.9485
flat,vatika gurgaon ★,sector 83,1.1,6051.0,3,3,3,12.0,Relatively New,1570.0,0,1,0,0,0,1,66,"28.3986° N, 76.9647° E",28.3986,76.9647
flat,tulip violet★,sector 69,1.6,10139.0,3,3,2,0.0,Relatively New,1428.0,0,0,0,1,0,2,49,"28.3966° N, 77.0341° E",28.3966,77.0341
flat,paras dews,sector 106,1.14,6000.0,3,4,3,8.0,Relatively New,1305.0,1,1,0,0,0,2,49,"28.5007° N, 77.0003° E",28.5007,77.0003
flat,rof ananda,sector 95,0.2,622.0,1,1,1,2.0,Relatively New,3213.0,0,0,0,1,0,2,53,"28.4172° N, 76.9081° E",28.4172,76.9081
flat,vidya apartment,sector 12,0.22,467.0,2,2,1,1.0,Relatively New,611.0,0,0,0,0,1,0,36,"28.4723° N, 77.0320° E",28.4723,77.032
flat,ss the leaf★,sector 85,1.25,7180.0,2,2,3,10.0,Relatively New,1730.0,0,0,0,0,0,2,49,"28.4042° N, 76.9513° E",28.4042,76.9513
flat,mapsko royale ville★,sector 82,0.99,5531.0,3,4,2,14.0,New Property,1620.0,0,1,0,0,0,2,95,"28.3935° N, 76.9600° E",28.3935,76.96
flat,dlf the ultima★,sector 81,2.35,11175.0,3,3,3+,14.0,Relatively New,1550.0,1,1,0,1,1,0,49,"28.3867° N, 76.9485° E",28.3867,76.9485
flat,vipul world★,sector 48,1.38,9485.0,3,3,1,2.0,Relatively New,1455.0,0,0,0,0,0,2,60,"28.4177° N, 77.0359° E",28.4177,77.0359
flat,ats kocoon,sector 109,1.68,9628.0,3,3,3,8.0,Relatively New,1579.0,0,0,0,0,0,2,142,"28.5073° N, 77.0089° E",28.5073,77.0089
flat,shree vardhman victoria★,sector 70,1.8,9231.0,3,4,3,2.0,New Property,1527.0,0,1,0,0,1,2,45,"28.3968° N, 77.0233° E",28.3968,77.0233
flat,supertech basera,sector 79,0.36,849.0,2,2,1,4.0,New Property,523.0,0,0,0,0,0,2,60,"28.3624° N, 76.9787° E",28.3624,76.9787
flat,tarc maceo★,sector 91,0.89,6339.0,2,2,3+,9.0,Relatively New,1302.0,0,0,0,0,1,1,13,"28.4014° N, 76.9225° E",28.4014,76.9225
flat,unitech south park,sector 70,1.13,7001.0,3,3,2,1.0,Under Construction,1457.0,0,0,0,0,0,2,46,"28.3968° N, 77.0233° E",28.3968,77.0233
flat,shree vardhman flora★,sector 90,0.7,5178.0,2,2,3,9.0,New Property,1224.0,1,0,0,0,0,2,97,"28.4085° N, 76.9369° E",28.4085,76.9369
flat,lotus elise,sector 99,0.95,6552.0,2,3,3,7.0,Relatively New,1450.0,0,1,0,0,0,2,0,"28.4640° N, 76.9614° E",28.464,76.9614
flat,dlf the ultima★,sector 81,3.45,12013.0,4,4,3+,10.0,New Property,2599.0,0,1,0,0,0,0,165,"28.3867° N, 76.9485° E",28.3867,76.9485
flat,orchid petals★,sector 49,1.9,10526.0,3,3,3,9.0,Moderately Old,1805.0,0,1,0,0,0,1,95,"28.4121° N, 77.0480° E",28.4121,77.048
flat,signature global city d ph,sector 37d,1.36,8848.0,3,3,3,1.0,Under Construction,1537.0,0,0,0,1,1,2,37,"28.4478° N, 76.9703° E",28.4478,76.9703
flat,puri diplomatic greens★,sector 111,3.4,11525.0,4,5,3+,14.0,Relatively New,2670.0,0,1,0,0,0,1,94,"28.5238° N, 77.0320° E",28.5238,77.032
flat,afnhb jalvayu vihar★,sector 30,1.3,10000.0,3,3,2,2.0,Old Property,1401.0,0,0,0,0,0,2,19,"28.4604° N, 77.0579° E",28.4604,77.0579
flat,signature global synera★,sector 81,0.5,756.0,2,2,3,6.0,Relatively New,700.0,0,0,0,0,0,2,117,"28.3867° N, 76.9485° E",28.3867,76.9485
flat,pivotal devaan,sector 84,0.41,781.0,2,2,2,10.0,New Property,565.0,0,0,0,0,0,1,23,"28.3979° N, 76.9736° E",28.3979,76.9736
flat,vipul lavanya★,sector 81,0.6,741.0,2,2,1,0.0,Under Construction,814.0,0,0,0,0,0,2,0,"28.3867° N, 76.9485° E",28.3867,76.9485
flat,supertech araville,sector 79,0.95,6209.0,2,2,3,7.0,New Property,1385.0,1,0,0,0,0,2,49,"28.3624° N, 76.9787° E",28.3624,76.9787
flat,ats kocoon★,sector 109,1.65,10645.0,3,3,3,19.0,Relatively New,1650.0,0,0,1,0,0,1,159,"28.5073° N, 77.0089° E",28.5073,77.0089
flat,emaar mgf emerald floors premier★,sector 65,2.25,13636.0,3,3,3+,3.0,Relatively New,1493.0,1,1,0,0,0,2,152,"28.4030° N, 77.0690° E",28.403,77.069
flat,ss the leaf★,sector 85,1.09,6663.0,2,2,3,5.0,Relatively New,1475.0,0,0,0,0,0,2,49,"28.4042° N, 76.9513° E",28.4042,76.9513
flat,supertech araville,sector 79,0.78,6023.0,2,2,3+,0.0,New Property,1172.0,0,0,0,0,1,2,74,"28.3624° N, 76.9787° E",28.3624,76.9787
flat,tulip violet★,sector 69,1.55,9823.0,3,3,2,9.0,Relatively New,1428.0,0,0,0,1,0,1,165,"28.3966° N, 77.0341° E",28.3966,77.0341
flat,dlf new town heights ★,sector 90,1.95,7151.0,4,4,3+,24.0,Relatively New,2456.0,0,1,1,0,0,2,174,"28.4085° N, 76.9369° E",28.4085,76.9369
flat,bestech altura,sector 79,1.72,8000.0,3,4,3+,5.0,Relatively New,1695.0,0,1,0,0,0,1,174,"28.3624° N, 76.9787° E",28.3624,76.9787
flat,experion windchants★,sector 112,4.75,12623.0,3,5,3+,4.0,Relatively New,3405.0,0,1,0,0,0,1,42,"28.5189° N, 77.0183° E",28.5189,77.0183
flat,bestech park view city★,sector 48,1.8,10251.0,3,4,3,3.0,Moderately Old,1756.0,1,0,0,0,0,1,76,"28.4177° N, 77.0359° E",28.4177,77.0359
flat,ansal heights,sector 86,0.78,5735.0,2,2,1,8.0,New Property,1231.0,0,0,0,0,0,2,67,"28.3986° N, 76.9384° E",28.3986,76.9384
flat,shapoorji pallonji joyville gurugram★,sector 102,1.95,13929.0,3,3,3,6.0,New Property,1616.0,0,0,0,1,0,1,174,"28.4750° N, 76.9715° E",28.475,76.9715
flat,chintels paradiso★,sector 109,1.97,7490.0,4,4,2,11.0,Relatively New,2380.0,0,1,0,1,0,2,49,"28.5073° N, 77.0089° E",28.5073,77.0089
house,independent,sector 11,0.3,60.0,6,3,3,3.0,Moderately Old,50.0,0,0,0,0,0,2,0,"28.4531° N, 77.0202° E",28.4531,77.0202
flat,godrej icon,sector 88a,1.62,10019.0,3,2,3+,10.0,Relatively New,1463.0,1,0,0,0,0,0,49,"28.4347° N, 76.9557° E",28.4347,76.9557
flat,smart world gems,sector 89,0.9,8145.0,2,2,2,1.0,New Property,1105.0,0,0,0,0,0,2,45,"28.4253° N, 76.9439° E",28.4253,76.9439
flat,mm soulitude,sector 89,1.14,8000.0,3,3,2,2.0,Under Construction,1425.0,1,0,0,0,0,2,77,"28.4253° N, 76.9439° E",28.4253,76.9439
flat,godrej ★,sector 79,2.5,11141.0,3,3,3+,5.0,Relatively New,2000.0,0,0,0,0,0,2,0,"28.3624° N, 76.9787° E",28.3624,76.9787
flat,ansal heights★,sector 92,0.72,4500.0,3,3,3,9.0,Relatively New,1700.0,0,1,0,0,0,2,49,"28.4079° N, 76.9153° E",28.4079,76.9153
flat,indiabulls centrum park★,sector 103,1.2,8433.0,2,2,3,3.0,Moderately Old,1288.0,0,0,0,0,0,2,26,"28.4949° N, 76.9845° E",28.4949,76.9845
flat,vatika gurgaon ★,sector 83,1.4,6629.0,3,3,2,7.0,Relatively New,1570.0,0,0,0,0,0,1,74,"28.3986° N, 76.9647° E",28.3986,76.9647
flat,apex our homes,sector 37c,0.35,420.0,2,2,1,7.0,Relatively New,850.0,0,0,0,0,0,1,158,"28.4515° N, 76.9882° E",28.4515,76.9882
flat,puri diplomatic greens★,sector 111,3.65,12373.0,4,5,3+,17.0,Moderately Old,2670.0,0,1,0,0,0,2,132,"28.5238° N, 77.0320° E",28.5238,77.032
flat,sare crescent parc★,sector 92,0.49,546.0,2,2,2,2.0,Relatively New,8982.0,0,0,0,0,0,2,96,"28.4079° N, 76.9153° E",28.4079,76.9153
flat,mm merlin★,sector 67,4.5,14268.0,4,4,3+,15.0,Relatively New,2854.0,0,1,0,0,0,1,158,"28.3859° N, 77.0608° E",28.3859,77.0608
flat,raheja vedaanta★,sector 108,0.8,4080.0,3,3,3,9.0,Relatively New,1663.0,0,0,0,1,0,2,174,"28.5134° N, 76.9830° E",28.5134,76.983
flat,ramprastha the edge towers★,sector 37d,0.71,5420.0,2,2,3,10.0,New Property,1100.0,0,0,0,0,1,2,38,"28.4478° N, 76.9703° E",28.4478,76.9703
flat,bestech park view residency★,sector 2,0.98,6931.0,2,2,3,11.0,Moderately Old,1281.0,0,0,0,0,0,2,83,"28.5095° N, 77.0320° E",28.5095,77.032
flat,tulip white★,sector 69,0.9,6787.0,3,2,3,6.0,Relatively New,1326.0,0,0,0,1,0,2,121,"28.3966° N, 77.0341° E",28.3966,77.0341
flat,bhagwati sadan,sector 12,1.15,5750.0,3,4,2,2.0,Old Property,2000.0,1,1,0,0,1,1,28,"28.4723° N, 77.0320° E",28.4723,77.032
flat,godrej habitat,sector 3,1.35,12784.0,2,2,0,4.0,Old Property,1013.0,0,0,0,0,0,2,60,"28.4909° N, 77.0176° E",28.4909,77.0176
flat,hsiidc sidco shivalik apartments★,manesar,0.6,4000.0,3,2,2,5.0,Moderately Old,1277.0,0,0,0,0,0,2,80,"28.3515° N, 76.9428° E",28.3515,76.9428
flat,signature global orchard avenue★,sector 93,0.4,609.0,2,2,0,0.0,Relatively New,6570.0,0,0,0,0,0,2,0,"28.4153° N, 76.9326° E",28.4153,76.9326
flat,vatika the seven lamps★,sector 82,0.89,8847.0,2,2,2,14.0,Relatively New,1202.0,1,0,0,0,0,1,129,"28.3935° N, 76.9600° E",28.3935,76.96
flat,the close north★,sector 50,2.7,9982.0,3,3,3+,3.0,Moderately Old,2357.0,0,1,0,0,0,2,117,"28.4178° N, 77.0628° E",28.4178,77.0628
flat,godrej air,sector 85,1.35,1515.0,2,2,3,19.0,Under Construction,8910.0,0,0,0,0,0,2,44,"28.4042° N, 76.9513° E",28.4042,76.9513
flat,bptp terra★,sector 37d,1.78,8124.0,4,3,3,10.0,Relatively New,1983.0,0,1,0,0,0,2,127,"28.4478° N, 76.9703° E",28.4478,76.9703
flat,shapoorji pallonji joyville gurugram,sector 102,1.42,10380.0,2,2,3,14.0,Relatively New,1368.0,0,0,0,0,0,2,0,"28.4750° N, 76.9715° E",28.475,76.9715
flat,ss the leaf★,sector 85,1.15,1330.0,2,2,3,20.0,Relatively New,1263.0,0,0,0,1,0,2,107,"28.4042° N, 76.9513° E",28.4042,76.9513
flat,mm heights,sector 65,2.79,14170.0,3,3,3,26.0,New Property,1969.0,0,0,0,0,0,2,15,"28.4030° N, 77.0690° E",28.403,77.069
flat,vatika the seven lamps★,sector 82,0.81,6193.0,2,2,2,15.0,Relatively New,1176.0,0,0,0,0,0,1,117,"28.3935° N, 76.9600° E",28.3935,76.96
flat,mm golfestate★,sector 65,6.15,18331.0,3,4,2,20.0,Relatively New,2444.0,0,0,0,0,0,2,0,"28.4030° N, 77.0690° E",28.403,77.069
flat,suncity vatsal valley,sector 12,1.38,12212.0,2,2,2,4.0,Under Construction,1130.0,0,0,0,0,0,1,133,"28.4723° N, 77.0320° E",28.4723,77.032
flat,guru gram haryana cghs★,sector 56,1.39,7228.0,3,3,3,4.0,Moderately Old,1738.0,1,0,0,0,0,1,134,"28.4245° N, 77.0991° E",28.4245,77.0991
flat,beverley park,sector 43,8.44,16231.0,4,5,3,9.0,Moderately Old,5000.0,0,1,0,0,0,0,117,"28.4629° N, 77.0772° E",28.4629,77.0772
flat,godrej summit★,sector 104,1.25,6779.0,3,4,3+,12.0,Relatively New,1669.0,0,1,0,0,1,2,79,"28.4788° N, 76.9960° E",28.4788,76.996
flat,signature global city,sector 81,0.89,8279.0,2,2,2,3.0,Under Construction,1075.0,0,0,0,0,1,2,20,"28.3867° N, 76.9485° E",28.3867,76.9485
flat,signature global city,sector 92,0.99,9074.0,3,2,3,1.0,Under Construction,1091.0,0,0,0,0,0,2,24,"28.4079° N, 76.9153° E",28.4079,76.9153
flat,imperia the esfera,sector 37c,0.87,5513.0,2,3,3+,9.0,New Property,1428.0,1,0,0,0,0,2,49,"28.4515° N, 76.9882° E",28.4515,76.9882
flat,ss the leaf★,sector 85,1.91,5026.0,4,6,3,6.0,Relatively New,3890.0,0,1,0,0,0,2,174,"28.4042° N, 76.9513° E",28.4042,76.9513
flat,ss the leaf★,sector 85,2.15,10925.0,4,5,3+,6.0,Relatively New,2366.0,0,1,0,0,0,2,156,"28.4042° N, 76.9513° E",28.4042,76.9513
flat,shapoorji pallonji joyville gurugram★,sector 102,1.41,10307.0,2,2,3,0.0,Relatively New,1238.0,0,0,0,0,1,2,49,"28.4750° N, 76.9715° E",28.475,76.9715
flat,adarsh nagar,sector 12,0.65,6190.0,3,3,1,1.0,New Property,1050.0,0,0,0,0,0,1,42,"28.4723° N, 77.0320° E",28.4723,77.032
flat,ss the leaf★,sector 85,1.3,10484.0,2,2,3+,10.0,Relatively New,1491.0,0,0,1,0,0,2,148,"28.4042° N, 76.9513° E",28.4042,76.9513
flat,dlf regal gardens★,sector 90,1.15,6326.0,3,3,3+,18.0,Relatively New,1645.0,0,0,0,1,0,1,130,"28.4085° N, 76.9369° E",28.4085,76.9369
flat,ashray apartment,sector 12,0.64,837.0,2,2,1,3.0,Moderately Old,7650.0,0,0,0,0,0,1,42,"28.4723° N, 77.0320° E",28.4723,77.032
flat,tulip violet★,sector 69,1.32,8413.0,3,3,1,12.0,Relatively New,1419.0,0,0,0,1,0,1,86,"28.3966° N, 77.0341° E",28.3966,77.0341
flat,puri emerald bay★,sector 104,1.58,9117.0,2,3,3,11.0,Relatively New,1538.0,0,1,0,0,0,2,101,"28.4788° N, 76.9960° E",28.4788,76.996
flat,antriksh heights★,sector 84,0.6,5000.0,2,2,2,14.0,Relatively New,1086.0,0,0,0,0,0,2,52,"28.3979° N, 76.9736° E",28.3979,76.9736
flat,dlf the ultima★,sector 81,2.4,11412.0,3,4,3+,19.0,Relatively New,1903.0,0,1,0,0,0,0,174,"28.3867° N, 76.9485° E",28.3867,76.9485
flat,shapoorji pallonji joyville gurugram★,sector 102,1.26,10040.0,2,2,2,10.0,Relatively New,1100.0,0,0,0,0,0,2,108,"28.4750° N, 76.9715° E",28.475,76.9715
flat,vatika gurgaon ★,sector 83,0.95,6574.0,2,2,3,5.0,Relatively New,1300.0,0,0,0,0,0,1,96,"28.3986° N, 76.9647° E",28.3986,76.9647
flat,cghs agrim apartment,sector 12,1.49,8514.0,3,2,3+,1.0,Old Property,1750.0,0,0,0,0,0,0,68,"28.4723° N, 77.0320° E",28.4723,77.032
flat,puri diplomatic greens★,sector 111,2.25,13235.0,3,3,2,12.0,Relatively New,1538.0,0,0,0,0,0,2,101,"28.5238° N, 77.0320° E",28.5238,77.032
flat,tulip lemon★,sector 69,0.6,1111.0,2,1,1,12.0,Relatively New,5400.0,0,0,0,0,0,2,23,"28.3966° N, 77.0341° E",28.3966,77.0341
flat,antriksh green,sector 45,2.25,7826.0,4,4,2,9.0,Old Property,2875.0,0,1,0,0,0,0,23,"28.4466° N, 77.0660° E",28.4466,77.066
flat,tarc maceo★,sector 91,1.5,6466.0,3,4,3+,3.0,Relatively New,1786.0,1,1,0,0,0,2,112,"28.4014° N, 76.9225° E",28.4014,76.9225
flat,bestech park view grand spa★,sector 81,2.35,8835.0,3,4,3+,10.0,Relatively New,2511.0,0,1,0,0,0,2,109,"28.3867° N, 76.9485° E",28.3867,76.9485
flat,ss the leaf★,sector 85,1.77,7350.0,3,4,3+,7.0,New Property,2179.0,0,0,1,0,0,2,107,"28.4042° N, 76.9513° E",28.4042,76.9513
flat,ansals api esencia,sector 7,2.4,8000.0,4,4,3+,1.0,New Property,2442.0,0,0,0,0,0,1,91,"28.4644° N, 77.0143° E",28.4644,77.0143
flat,vatika boulevard residences and heights,sector 83,1.42,8000.0,3,3,2,2.0,Relatively New,1775.0,0,0,0,0,0,1,113,"28.3986° N, 76.9647° E",28.3986,76.9647
flat,emaar mgf the palm drive★,sector 66,4.6,18400.0,3,3,3,11.0,Relatively New,2882.0,1,1,1,1,0,1,131,"28.3925° N, 77.0541° E",28.3925,77.0541
flat,signature global solera★,sector 107,0.5,861.0,3,2,2,6.0,Relatively New,5805.0,0,0,0,0,1,2,49,"28.5052° N, 76.9729° E",28.5052,76.9729
flat,shree vardhman flora★,sector 90,0.65,4815.0,2,2,3,10.0,Moderately Old,1222.0,1,0,0,0,0,1,83,"28.4085° N, 76.9369° E",28.4085,76.9369
flat,puri emerald bay★,sector 104,2.65,15006.0,3,4,3,15.0,Relatively New,2090.0,0,1,0,0,0,1,174,"28.4788° N, 76.9960° E",28.4788,76.996
flat,paras dews,sector 106,0.97,8818.0,2,2,3,6.0,New Property,1200.0,0,0,0,1,0,1,174,"28.5007° N, 77.0003° E",28.5007,77.0003
flat,vatika the seven lamps★,sector 82,1.37,8754.0,3,3,3,11.0,Relatively New,2000.0,1,1,0,1,0,1,145,"28.3935° N, 76.9600° E",28.3935,76.96
flat,parsvnath green ville★,sector 48,1.6,8377.0,3,3,3+,8.0,Old Property,1895.0,0,0,0,0,1,1,49,"28.4177° N, 77.0359° E",28.4177,77.0359
flat,godrej summit★,sector 104,1.16,6388.0,3,4,3+,8.0,Relatively New,1816.0,0,1,0,0,0,1,96,"28.4788° N, 76.9960° E",28.4788,76.996
flat,smart world orchard,sector 61,1.5,12500.0,2,2,2,2.0,Under Construction,1200.0,1,0,0,0,0,2,49,"28.4050° N, 77.0963° E",28.405,77.0963
flat,mm woodshire★,sector 107,0.8,5857.0,2,2,3+,6.0,Relatively New,1204.0,0,0,0,1,0,1,174,"28.5052° N, 76.9729° E",28.5052,76.9729
flat,dlf regal gardens★,sector 90,1.25,5930.0,3,3,3,18.0,Relatively New,1557.0,0,0,0,0,1,2,72,"28.4085° N, 76.9369° E",28.4085,76.9369
flat,ireo skyon★,sector 60,3.75,13393.0,4,4,3,12.0,Relatively New,2650.0,0,1,0,0,0,1,49,"28.4003° N, 77.0975° E",28.4003,77.0975
flat,emaar mgf the palm drive★,sector 66,3.4,15455.0,3,4,3,9.0,Relatively New,2200.0,0,1,1,0,0,1,96,"28.3925° N, 77.0541° E",28.3925,77.0541
flat,emaar gurgaon greens★,sector 102,1.3,7879.0,3,3,3,4.0,Relatively New,1315.0,0,1,0,0,0,1,125,"28.4750° N, 76.9715° E",28.475,76.9715
flat,pioneer araya★,sector 62,9.2,19944.0,4,6,3,5.0,Relatively New,3867.0,0,1,0,1,0,1,156,"28.4139° N, 77.0886° E",28.4139,77.0886
flat,godrej air,sector 85,1.3,1616.0,2,2,3,30.0,Under Construction,1130.0,0,0,0,0,0,2,111,"28.4042° N, 76.9513° E",28.4042,76.9513
flat,shapoorji pallonji joyville gurugram★,sector 102,1.95,17287.0,3,3,3,12.0,New Property,1465.0,0,0,1,0,0,2,72,"28.4750° N, 76.9715° E",28.475,76.9715
flat,mm heights,sector 65,2.33,18477.0,2,2,3,35.0,Under Construction,1141.0,0,0,0,0,0,1,49,"28.4030° N, 77.0690° E",28.403,77.069
flat,mm ikonic,sector 68,1.8,9231.0,3,3,3+,18.0,Relatively New,1845.0,0,0,0,0,0,1,126,"28.3853° N, 77.0484° E",28.3853,77.0484
flat,smart world one dxp,sector 113,3.45,13269.0,4,4,3,11.0,Under Construction,2353.0,1,1,0,0,0,1,156,"28.5287° N, 77.0233° E",28.5287,77.0233
flat,sbtl caladium,sector 109,1.7,6680.0,3,3,3+,9.0,Relatively New,2303.0,0,1,0,0,0,2,159,"28.5073° N, 77.0089° E",28.5073,77.0089
flat,godrej ★,sector 79,1.34,8524.0,2,2,3,2.0,Relatively New,1423.0,1,0,0,0,0,2,158,"28.3624° N, 76.9787° E",28.3624,76.9787
flat,ats triumph★,sector 104,1.75,7642.0,3,4,3+,11.0,Relatively New,2072.0,0,1,0,0,0,2,110,"28.4788° N, 76.9960° E",28.4788,76.996
flat,corona optus★,sector 37c,1.25,7176.0,3,3,3,2.0,Relatively New,1563.0,1,0,0,0,0,2,49,"28.4515° N, 76.9882° E",28.4515,76.9882
flat,vatika iris floors,sector 82,0.63,5590.0,2,2,3+,2.0,Relatively New,1026.0,1,0,0,0,0,2,110,"28.3935° N, 76.9600° E",28.3935,76.96
flat,ramprastha primera,sector 37d,1.02,6000.0,3,2,3,22.0,Under Construction,1538.0,0,0,0,0,0,2,43,"28.4478° N, 76.9703° E",28.4478,76.9703
flat,la vida by tata housing,sector 113,2.48,14091.0,3,3,3+,8.0,New Property,1980.0,0,1,0,0,0,2,79,"28.5287° N, 77.0233° E",28.5287,77.0233
flat,ansal heights,sector 86,1.05,5541.0,3,3,3,9.0,Under Construction,1715.0,0,1,0,0,0,2,0,"28.3986° N, 76.9384° E",28.3986,76.9384
flat,dlf trinity towers★,sector 43,3.8,15510.0,3,3,3+,1.0,Moderately Old,2450.0,0,1,0,1,0,1,68,"28.4629° N, 77.0772° E",28.4629,77.0772
flat,vatika city homes★,sector 83,0.75,5660.0,2,2,2,3.0,Relatively New,1199.0,0,0,0,0,0,1,49,"28.3986° N, 76.9647° E",28.3986,76.9647
flat,ansal api esencia★,sector 67,1.0,6435.0,3,3,3+,2.0,Moderately Old,1406.0,0,0,0,0,0,2,9,"28.3859° N, 77.0608° E",28.3859,77.0608
flat,bptp terra★,sector 37d,1.72,9498.0,3,3,3,9.0,Relatively New,1373.0,1,0,0,0,0,1,24,"28.4478° N, 76.9703° E",28.4478,76.9703
flat,godrej ★,sector 79,1.33,8531.0,2,2,3,6.0,Relatively New,1411.0,1,0,0,0,0,2,158,"28.3624° N, 76.9787° E",28.3624,76.9787
flat,emaar mgf the palm drive★,sector 66,3.5,15909.0,3,3,3,7.0,Moderately Old,2125.0,0,1,1,0,0,1,149,"28.3925° N, 77.0541° E",28.3925,77.0541
flat,mapsko mount ville★,sector 79,1.55,8540.0,3,4,3,11.0,Relatively New,1416.0,0,1,0,0,0,1,152,"28.3624° N, 76.9787° E",28.3624,76.9787
flat,vipul lavanya★,sector 81,1.0,8000.0,2,2,2,7.0,Relatively New,1131.0,0,0,0,0,0,2,31,"28.3867° N, 76.9485° E",28.3867,76.9485
flat,mm woodshire★,sector 107,1.02,6649.0,2,2,3,6.0,Relatively New,1388.0,1,0,0,0,0,2,112,"28.5052° N, 76.9729° E",28.5052,76.9729
flat,bestech park view ananda★,sector 81,1.35,7542.0,3,3,3+,8.0,Old Property,1790.0,0,0,0,0,0,2,114,"28.3867° N, 76.9485° E",28.3867,76.9485
flat,ss the leaf★,sector 85,1.17,7002.0,2,2,3,11.0,Relatively New,1660.0,0,0,0,0,0,2,49,"28.4042° N, 76.9513° E",28.4042,76.9513
flat,antriksh heights★,sector 84,0.85,4928.0,3,3,3+,10.0,Relatively New,1561.0,1,0,0,0,0,2,52,"28.3979° N, 76.9736° E",28.3979,76.9736
flat,the close north★,sector 50,2.5,11945.0,3,3,3,11.0,Relatively New,1894.0,0,0,0,1,0,1,127,"28.4178° N, 77.0628° E",28.4178,77.0628
flat,imperia the esfera,sector 37c,0.98,5399.0,3,4,3,9.0,Relatively New,1660.0,0,1,0,0,1,2,49,"28.4515° N, 76.9882° E",28.4515,76.9882
flat,mm soulitude,sector 89,1.0,9066.0,2,2,2,2.0,New Property,1103.0,1,0,0,0,0,2,49,"28.4253° N, 76.9439° E",28.4253,76.9439
flat,microtek greenburg★,sector 86,1.3,8754.0,2,2,3,10.0,Relatively New,1339.0,1,0,0,0,0,2,38,"28.3986° N, 76.9384° E",28.3986,76.9384
flat,ss the leaf★,sector 85,1.04,8320.0,2,2,3,17.0,New Property,1550.0,0,0,0,0,1,2,145,"28.4042° N, 76.9513° E",28.4042,76.9513
flat,antriksh heights★,sector 84,0.84,4870.0,3,3,3+,8.0,New Property,1561.0,0,0,0,1,0,2,60,"28.3979° N, 76.9736° E",28.3979,76.9736
flat,tulip violet,sector 69,1.65,8871.0,3,3,2,1.0,Relatively New,1860.0,0,0,0,0,0,1,69,"28.3966° N, 77.0341° E",28.3966,77.0341
flat,mapsko mount ville★,sector 79,1.1,1415.0,3,3,3,22.0,Relatively New,1154.0,1,0,0,1,0,1,135,"28.3624° N, 76.9787° E",28.3624,76.9787
flat,mapsko mount ville★,sector 79,1.2,8054.0,3,3,3+,24.0,Relatively New,1154.0,0,0,0,0,0,1,135,"28.3624° N, 76.9787° E",28.3624,76.9787
flat,adani mk oyster grande★,sector 102,2.61,10046.0,3,3,3,14.0,Relatively New,2200.0,1,1,0,0,0,2,21,"28.4750° N, 76.9715° E",28.475,76.9715
flat,raheja vedaanta★,sector 108,1.25,5682.0,3,2,0,0.0,Relatively New,1991.0,0,0,0,0,0,1,65,"28.5134° N, 76.9830° E",28.5134,76.983
flat,sare homes,sector 92,0.95,4872.0,4,3,3,13.0,New Property,1765.0,0,0,0,0,0,2,0,"28.4079° N, 76.9153° E",28.4079,76.9153
flat,dlf the primus★,sector 82a,2.95,11452.0,4,5,3+,10.0,Relatively New,2110.0,0,1,0,0,0,0,174,"28.3858° N, 76.9686° E",28.3858,76.9686
flat,smart world orchard,sector 61,2.24,14461.0,3,3,2,3.0,New Property,1402.0,0,0,0,0,1,2,61,"28.4050° N, 77.0963° E",28.405,77.0963
flat,cghs hewo apartments★,sector 31,1.25,11574.0,2,2,2,2.0,Old Property,1080.0,0,0,0,0,0,2,28,"28.4528° N, 77.0498° E",28.4528,77.0498
house,independent,sector 12,0.85,630.0,3,3,1,1.0,Relatively New,13500.0,0,0,0,0,1,2,0,"28.4723° N, 77.0320° E",28.4723,77.032
flat,mapsko casa bella★,sector 82,1.75,6903.0,4,5,3+,1.0,Relatively New,2178.0,0,0,0,0,0,2,0,"28.3935° N, 76.9600° E",28.3935,76.96
flat,tata primanti★,sector 72,3.5,11427.0,4,5,3+,10.0,Relatively New,3063.0,0,1,0,0,1,2,38,"28.4225° N, 77.0211° E",28.4225,77.0211
flat,orris aster court premier,sector 85,1.25,5896.0,3,4,2,6.0,Relatively New,1616.0,0,1,0,0,0,1,49,"28.4042° N, 76.9513° E",28.4042,76.9513
flat,ss almeria,sector 84,1.5,7500.0,3,3,3,2.0,New Property,1849.0,0,1,0,0,0,2,108,"28.3979° N, 76.9736° E",28.3979,76.9736
flat,suncity vatsal valley,sector 12,1.0,1481.0,2,2,2,3.0,New Property,6750.0,0,0,0,0,0,1,13,"28.4723° N, 77.0320° E",28.4723,77.032
flat,emaar mgf emerald floors premier★,sector 65,2.35,14242.0,3,3,3,3.0,Relatively New,1650.0,1,1,0,0,0,1,124,"28.4030° N, 77.0690° E",28.403,77.069
flat,vatika gurgaon ★,sector 83,1.18,6801.0,3,3,2,14.0,Relatively New,1618.0,0,0,0,0,0,2,26,"28.3986° N, 76.9647° E",28.3986,76.9647
flat,ireo the corridors,sector 67a,1.7,9844.0,3,3,2,10.0,New Property,1346.0,0,1,0,0,1,1,44,"28.3960° N, 77.0372° E",28.396,77.0372
flat,zara aavaas,sector 104,0.22,812.0,1,2,2,2.0,New Property,2709.0,0,0,0,0,0,2,60,"28.4788° N, 76.9960° E",28.4788,76.996
flat,central park resort belgravia residences,sector 48,6.25,24300.0,3,5,3+,5.0,Moderately Old,2572.0,0,1,0,0,0,1,49,"28.4177° N, 77.0359° E",28.4177,77.0359
flat,ss the leaf★,sector 85,1.1,9565.0,2,2,3,10.0,Relatively New,1600.0,0,0,0,1,0,2,150,"28.4042° N, 76.9513° E",28.4042,76.9513
flat,signature global city,sector 37d,0.68,1303.0,2,2,3,9.0,New Property,5220.0,0,0,0,0,1,2,58,"28.4478° N, 76.9703° E",28.4478,76.9703
flat,mm merlin★,sector 67,2.8,13679.0,3,3,3,5.0,Moderately Old,2047.0,0,1,0,0,0,0,26,"28.3859° N, 77.0608° E",28.3859,77.0608
flat,kiran residency,sector 56,1.55,7750.0,3,3,3+,5.0,Old Property,1800.0,0,1,0,1,1,2,166,"28.4245° N, 77.0991° E",28.4245,77.0991
flat,vatika gurgaon ★,sector 83,1.05,7000.0,3,3,3,3.0,Relatively New,1618.0,0,0,1,0,0,2,79,"28.3986° N, 76.9647° E",28.3986,76.9647
flat,bptp terra★,sector 37d,1.55,7074.0,4,3,3+,19.0,Relatively New,2100.0,0,0,0,0,1,1,131,"28.4478° N, 76.9703° E",28.4478,76.9703
flat,emaar imperial gardens★,sector 102,1.7,8395.0,3,4,3+,8.0,Relatively New,1750.0,0,1,0,1,0,1,174,"28.4750° N, 76.9715° E",28.475,76.9715
flat,godrej ★,sector 79,1.93,8532.0,3,4,3+,5.0,Relatively New,2047.0,0,1,0,0,0,2,158,"28.3624° N, 76.9787° E",28.3624,76.9787
flat,signature global city a,sector 63a,2.0,12804.0,3,3,2,1.0,Under Construction,1562.0,0,0,0,0,0,2,36,"28.3923° N, 77.0888° E",28.3923,77.0888
flat,sare crescent parc★,sector 92,0.5,5000.0,2,2,2,2.0,Relatively New,905.0,0,0,0,0,1,2,72,"28.4079° N, 76.9153° E",28.4079,76.9153
flat,the close north★,sector 50,2.35,11768.0,3,3,3+,8.0,Moderately Old,1950.0,0,0,0,0,0,1,165,"28.4178° N, 77.0628° E",28.4178,77.0628
flat,shree vardhman victoria★,sector 70,1.75,8974.0,3,5,0,0.0,Relatively New,1950.0,0,0,0,0,0,2,0,"28.3968° N, 77.0233° E",28.3968,77.0233
flat,senate court,sector 62,0.9,1565.0,1,1,0,0.0,Relatively New,5751.0,0,0,0,0,0,2,0,"28.4139° N, 77.0886° E",28.4139,77.0886
flat,parsvnath exotica★,sector 53,6.5,19174.0,4,5,3+,10.0,Relatively New,3000.0,1,1,0,1,0,1,174,"28.4433° N, 77.0948° E",28.4433,77.0948
flat,tulip violet★,sector 69,1.7,8625.0,4,4,1,12.0,Relatively New,1783.0,0,0,0,0,0,2,88,"28.3966° N, 77.0341° E",28.3966,77.0341
flat,supertech araville,sector 79,0.9,6950.0,2,2,0,12.0,Relatively New,1295.0,0,0,0,0,0,2,0,"28.3624° N, 76.9787° E",28.3624,76.9787
flat,raheja vedaanta★,sector 108,0.95,5214.0,3,3,3,3.0,Relatively New,1649.0,0,0,0,0,1,2,95,"28.5134° N, 76.9830° E",28.5134,76.983
flat,indiabulls enigma,sector 110,3.3,9851.0,4,5,3,7.0,Relatively New,3032.0,0,1,0,0,0,2,101,"28.5145° N, 77.0197° E",28.5145,77.0197
flat,zara aavaas,sector 104,0.49,731.0,3,2,2,7.0,Under Construction,695.0,0,0,0,0,0,2,74,"28.4788° N, 76.9960° E",28.4788,76.996
flat,rail vihar cghs★,sector 56,1.35,10385.0,3,2,2,1.0,Old Property,1275.0,0,0,0,0,1,2,159,"28.4245° N, 77.0991° E",28.4245,77.0991
flat,mm skywalk,sector 74,2.25,12500.0,3,3,3,5.0,Relatively New,1900.0,1,0,0,0,0,2,174,"28.4158° N, 77.0118° E",28.4158,77.0118
flat,mm merlin★,sector 67,3.4,14419.0,3,4,3,16.0,Relatively New,2016.0,0,1,0,0,0,1,174,"28.3859° N, 77.0608° E",28.3859,77.0608
flat,bestech park view ananda★,sector 81,0.87,7952.0,2,2,3,8.0,Relatively New,1300.0,0,0,0,0,0,1,95,"28.3867° N, 76.9485° E",28.3867,76.9485
flat,shree vardhman flora★,sector 90,0.86,6255.0,3,4,3,0.0,Relatively New,1525.0,0,1,0,0,0,1,84,"28.4085° N, 76.9369° E",28.4085,76.9369
flat,ats tourmaline★,sector 109,1.4,8000.0,3,3,3+,8.0,Relatively New,1466.0,0,0,1,0,0,2,119,"28.5073° N, 77.0089° E",28.5073,77.0089
flat,city heights,sector 39,1.75,8750.0,3,4,3,3.0,Old Property,2000.0,0,1,0,0,0,0,42,"28.4434° N, 77.0515° E",28.4434,77.0515
flat,pivotal riddhi siddhi,sector 99,0.72,947.0,2,2,2,12.0,Relatively New,7603.0,0,0,1,0,0,2,31,"28.4640° N, 76.9614° E",28.464,76.9614
flat,pyramid urban homes,sector 86,0.43,954.0,2,2,1,6.0,New Property,4509.0,0,0,0,0,1,2,72,"28.3986° N, 76.9384° E",28.3986,76.9384
flat,tulip monsella,sector 53,8.25,28004.0,3,4,3,8.0,Under Construction,2661.0,0,1,0,0,0,0,35,"28.4433° N, 77.0948° E",28.4433,77.0948
flat,alpha corp gurgaonone ★,sector 84,1.15,7497.0,2,2,3,8.0,Relatively New,1361.0,1,0,0,0,0,1,37,"28.3979° N, 76.9736° E",28.3979,76.9736
flat,ats tourmaline★,sector 109,1.75,8140.0,3,4,3+,7.0,Relatively New,1797.0,0,1,0,0,0,2,165,"28.5073° N, 77.0089° E",28.5073,77.0089
flat,paras dews,sector 106,0.95,6859.0,2,2,3+,2.0,Relatively New,940.0,0,0,0,0,0,2,49,"28.5007° N, 77.0003° E",28.5007,77.0003
flat,bestech park view spa next★,sector 67,2.85,12128.0,4,4,3+,5.0,Moderately Old,2127.0,0,1,0,1,0,1,149,"28.3859° N, 77.0608° E",28.3859,77.0608
flat,ats tourmaline★,sector 109,1.72,8000.0,3,4,3+,7.0,Relatively New,1797.0,0,1,0,0,0,2,167,"28.5073° N, 77.0089° E",28.5073,77.0089
flat,ramprasta awho,sector 95,0.92,5257.0,3,3,3+,13.0,Relatively New,1778.0,0,0,0,0,0,2,0,"28.4172° N, 76.9081° E",28.4172,76.9081
flat,mm sierra,sector 68,1.25,10246.0,2,2,3,4.0,New Property,938.0,0,0,0,0,0,2,44,"28.3853° N, 77.0484° E",28.3853,77.0484
flat,mm golfestate★,sector 65,5.5,16960.0,3,4,3,3.0,Relatively New,2803.0,0,1,0,0,0,2,49,"28.4030° N, 77.0690° E",28.403,77.069
flat,emaar gurgaon greens★,sector 102,1.49,9030.0,3,3,3,10.0,Relatively New,1315.0,0,0,0,0,0,1,159,"28.4750° N, 76.9715° E",28.475,76.9715
flat,mapsko mount ville★,sector 79,1.4,9396.0,3,3,3,2.0,New Property,1490.0,0,0,0,0,0,1,112,"28.3624° N, 76.9787° E",28.3624,76.9787
flat,tarc maceo★,sector 91,0.95,5952.0,2,2,2,10.0,Relatively New,1186.0,0,0,0,0,0,2,77,"28.4014° N, 76.9225° E",28.4014,76.9225
flat,raheja sampada,sector 92,0.9,6569.0,3,2,3,11.0,Relatively New,1240.0,0,0,0,0,0,2,88,"28.4079° N, 76.9153° E",28.4079,76.9153
flat,dlf regency park ★,sector 28,2.25,14516.0,3,3,2,16.0,Old Property,1700.0,0,1,0,0,0,2,89,"28.4728° N, 77.0865° E",28.4728,77.0865
flat,dlf regal gardens★,sector 90,1.7,7222.0,4,4,3+,15.0,Moderately Old,2005.0,0,1,0,0,0,2,38,"28.4085° N, 76.9369° E",28.4085,76.9369
flat,dlf royalton tower,sector 43,6.2,20687.0,4,4,3+,9.0,Moderately Old,2712.0,0,1,0,0,0,2,7,"28.4629° N, 77.0772° E",28.4629,77.0772
flat,zara aavaas,sector 104,0.4,781.0,2,2,1,14.0,Relatively New,515.0,0,0,0,0,0,2,38,"28.4788° N, 76.9960° E",28.4788,76.996
flat,conscient heritage max★,sector 102,2.2,10237.0,3,4,3+,20.0,Relatively New,1186.0,1,1,0,0,0,1,45,"28.4750° N, 76.9715° E",28.475,76.9715
flat,ramprastha the atrium★,sector 37d,1.0,7782.0,3,3,2,4.0,Relatively New,1163.0,0,0,0,0,0,2,13,"28.4478° N, 76.9703° E",28.4478,76.9703
flat,krrish florence estate,sector 70,1.3,5601.0,3,3,3,17.0,Under Construction,2321.0,0,0,0,0,0,1,61,"28.3968° N, 77.0233° E",28.3968,77.0233
flat,paras dews,sector 106,1.28,7273.0,3,4,3+,24.0,Relatively New,1186.0,0,1,0,0,0,2,49,"28.5007° N, 77.0003° E",28.5007,77.0003
flat,bptp terra★,sector 37d,1.77,8079.0,4,3,3,15.0,Relatively New,2025.0,1,1,0,1,1,2,49,"28.4478° N, 76.9703° E",28.4478,76.9703
flat,the lions cghs,sector 56,2.0,8333.0,4,4,3,8.0,Relatively New,2253.0,0,0,0,0,1,1,49,"28.4245° N, 77.0991° E",28.4245,77.0991
flat,bestech park view residency★,sector 2,1.01,7138.0,2,2,3,0.0,Moderately Old,1281.0,0,0,0,0,0,2,92,"28.5095° N, 77.0320° E",28.5095,77.032
flat,unitech fresco★,sector 50,1.82,9913.0,3,3,3+,14.0,Moderately Old,1830.0,0,0,0,0,1,1,174,"28.4178° N, 77.0628° E",28.4178,77.0628
flat,dlf new town heights ★,sector 90,1.21,6244.0,3,3,3+,7.0,Relatively New,1929.0,0,1,0,1,0,2,127,"28.4085° N, 76.9369° E",28.4085,76.9369
flat,dlf the primus★,sector 82a,3.5,13431.0,5,5,3+,14.0,Relatively New,2606.0,1,0,0,0,0,0,49,"28.3858° N, 76.9686° E",28.3858,76.9686
flat,elan the presidential,sector 106,6.3,15385.0,5,6,3+,10.0,Under Construction,3797.0,0,0,0,0,0,1,62,"28.5007° N, 77.0003° E",28.5007,77.0003
flat,supertech araville,sector 79,1.45,7455.0,3,3,3,3.0,Relatively New,1945.0,0,0,0,0,0,2,0,"28.3624° N, 76.9787° E",28.3624,76.9787
flat,mm woodshire★,sector 107,1.01,7394.0,2,2,3+,11.0,New Property,1200.0,0,0,0,0,1,2,74,"28.5052° N, 76.9729° E",28.5052,76.9729
flat,orris aster court,sector 85,0.9,5671.0,3,3,3,8.0,Relatively New,1436.0,0,0,0,0,0,2,49,"28.4042° N, 76.9513° E",28.4042,76.9513
flat,smart world orchard,sector 61,1.6,13913.0,2,2,2,4.0,New Property,1150.0,1,0,0,0,1,2,29,"28.4050° N, 77.0963° E",28.405,77.0963
flat,ss the leaf★,sector 85,1.05,6402.0,2,2,3,11.0,Relatively New,1484.0,0,0,0,0,0,2,44,"28.4042° N, 76.9513° E",28.4042,76.9513
flat,dlf the ultima★,sector 81,2.2,10461.0,3,3,3+,5.0,Relatively New,1570.0,1,1,0,1,1,0,49,"28.3867° N, 76.9485° E",28.3867,76.9485
flat,vatika the seven lamps★,sector 82,0.85,6538.0,2,2,2,0.0,Relatively New,1176.0,0,0,0,0,0,1,49,"28.3935° N, 76.9600° E",28.3935,76.96
flat,mm heights,sector 65,2.44,13297.0,3,3,2,7.0,Under Construction,1654.0,0,0,0,0,0,2,31,"28.4030° N, 77.0690° E",28.403,77.069
flat,shri banke bihari society★,sector 56,1.37,9133.0,3,3,3+,2.0,Old Property,1450.0,0,0,0,0,1,2,174,"28.4245° N, 77.0991° E",28.4245,77.0991
flat,ansal harmony homes★,sector 57,1.12,10667.0,2,2,1,0.0,Old Property,950.0,0,0,0,0,0,2,72,"28.4232° N, 77.0752° E",28.4232,77.0752
flat,la vida by tata housing,sector 113,1.65,10450.0,3,2,2,3.0,Relatively New,1420.0,0,0,0,0,0,2,49,"28.5287° N, 77.0233° E",28.5287,77.0233
flat,vatika the seven lamps★,sector 82,0.86,6022.0,2,2,2,12.0,Relatively New,1294.0,1,0,0,0,0,1,135,"28.3935° N, 76.9600° E",28.3935,76.96
flat,godrej summit★,sector 104,1.05,5833.0,3,4,3+,7.0,Relatively New,1800.0,0,1,0,0,0,1,96,"28.4788° N, 76.9960° E",28.4788,76.996
flat,dlf the primus★,sector 82a,1.85,10283.0,3,3,3+,2.0,Relatively New,1668.0,0,0,0,0,0,1,44,"28.3858° N, 76.9686° E",28.3858,76.9686
flat,bptp terra★,sector 37d,1.71,7805.0,3,3,3+,7.0,Relatively New,2191.0,1,0,0,0,0,2,38,"28.4478° N, 76.9703° E",28.4478,76.9703
flat,global hill view,sector 11,0.36,572.0,2,2,0,15.0,Relatively New,6291.0,0,0,0,0,0,2,0,"28.4531° N, 77.0202° E",28.4531,77.0202
flat,tulip violet★,sector 69,1.55,9823.0,3,3,2,0.0,Relatively New,1428.0,0,0,0,1,0,1,129,"28.3966° N, 77.0341° E",28.3966,77.0341
flat,tulip violet★,sector 69,1.55,9823.0,3,3,2,5.0,Relatively New,1428.0,0,0,0,1,0,2,99,"28.3966° N, 77.0341° E",28.3966,77.0341
flat,ireo the corridors,sector 67a,1.6,9265.0,3,3,2,3.0,New Property,1346.0,0,0,1,0,0,1,142,"28.3960° N, 77.0372° E",28.396,77.0372
flat,silverglades hightown residences,sector 43,4.2,19765.0,3,4,2,7.0,Under Construction,2125.0,0,0,0,0,0,2,42,"28.4629° N, 77.0772° E",28.4629,77.0772
house,independent,sector 56,0.75,138.0,2,1,0,1.0,Old Property,54.0,0,0,0,0,0,2,0,"28.4245° N, 77.0991° E",28.4245,77.0991
flat,bestech park view sanskruti★,sector 92,1.83,7871.0,4,3,3,8.0,New Property,2104.0,0,1,0,0,0,2,128,"28.4079° N, 76.9153° E",28.4079,76.9153
flat,bestech altura,sector 79,1.85,8605.0,3,4,3+,11.0,New Property,1946.0,0,1,0,0,0,2,49,"28.3624° N, 76.9787° E",28.3624,76.9787
flat,shapoorji pallonji joyville gurugram★,sector 102,1.1,1354.0,2,2,1,8.0,Under Construction,817.0,0,0,0,0,0,2,105,"28.4750° N, 76.9715° E",28.475,76.9715
flat,supertech araville,sector 79,1.35,6941.0,3,3,3,4.0,Relatively New,1945.0,0,0,0,0,0,2,0,"28.3624° N, 76.9787° E",28.3624,76.9787
flat,conscient heritage max★,sector 102,1.78,9218.0,3,4,3+,5.0,Moderately Old,1748.0,0,1,0,0,0,2,125,"28.4750° N, 76.9715° E",28.475,76.9715
flat,dlf new town heights ★,sector 86,1.27,6580.0,3,4,3,19.0,Relatively New,1800.0,0,1,0,1,0,2,126,"28.3986° N, 76.9384° E",28.3986,76.9384
flat,shapoorji pallonji joyville gurugram★,sector 102,1.28,10535.0,2,2,3,10.0,Relatively New,1100.0,0,0,0,0,0,2,49,"28.4750° N, 76.9715° E",28.475,76.9715
flat,signature andour heights★,sector 71,0.39,1094.0,1,1,2,1.0,New Property,294.0,0,0,0,0,0,2,0,"28.4104° N, 77.0281° E",28.4104,77.0281
flat,dlf the ultima★,sector 81,3.46,12047.0,4,4,3+,10.0,New Property,2599.0,0,1,0,0,0,0,161,"28.3867° N, 76.9485° E",28.3867,76.9485
flat,supertech hues,sector 68,1.0,8475.0,2,2,2,12.0,New Property,1180.0,0,0,0,0,0,2,54,"28.3853° N, 77.0484° E",28.3853,77.0484
flat,ambience lagoon★,sector 24,4.25,13281.0,3,4,3+,3.0,Old Property,3201.0,0,1,0,1,0,1,143,"28.4939° N, 77.1038° E",28.4939,77.1038
flat,tulip monsella,sector 53,7.4,33199.0,4,4,3,21.0,Under Construction,2229.0,0,0,0,0,0,2,35,"28.4433° N, 77.0948° E",28.4433,77.0948
flat,mm heights,sector 65,2.01,13499.0,2,2,3,8.0,New Property,1482.0,1,0,0,0,0,2,44,"28.4030° N, 77.0690° E",28.403,77.069
flat,umang monsoon breeze,sector 78,0.75,6053.0,2,2,1,5.0,Moderately Old,1222.0,0,0,0,0,0,2,0,"28.3733° N, 76.9729° E",28.3733,76.9729
flat,dhoot time residency★,sector 63,2.2,12813.0,3,4,3+,8.0,Moderately Old,1554.0,1,0,0,0,0,1,61,"28.3971° N, 77.0867° E",28.3971,77.0867
flat,bestech park view residency★,sector 2,0.56,959.0,1,1,2,6.0,Moderately Old,5841.0,0,0,0,0,0,2,77,"28.5095° N, 77.0320° E",28.5095,77.032
flat,experion windchants★,sector 112,2.6,10651.0,2,2,3,8.0,Relatively New,2441.0,0,0,0,0,0,2,168,"28.5189° N, 77.0183° E",28.5189,77.0183
flat,housing apna enclave★,sector 4,0.39,456.0,2,2,1,1.0,New Property,833.0,0,0,0,0,0,2,0,"28.4738° N, 77.0107° E",28.4738,77.0107
flat,surbhi apartment,sector 56,3.2,12265.0,4,3,3,6.0,Old Property,2222.0,0,0,0,0,0,2,44,"28.4245° N, 77.0991° E",28.4245,77.0991
flat,shree vardhman victoria★,sector 70,1.23,9111.0,2,2,3,1.0,Relatively New,1222.0,1,0,0,0,0,2,43,"28.3968° N, 77.0233° E",28.3968,77.0233
flat,ireo skyon★,sector 60,2.82,12818.0,3,3,3,2.0,Relatively New,2400.0,0,1,0,0,0,1,174,"28.4003° N, 77.0975° E",28.4003,77.0975
flat,godrej frontier★,sector 80,1.4,6189.0,3,4,2,10.0,Moderately Old,1854.0,0,0,1,1,0,2,111,"28.3659° N, 76.9557° E",28.3659,76.9557
flat,smart world gems,sector 89,1.3,9136.0,3,3,2,2.0,New Property,1423.0,1,0,0,0,0,2,44,"28.4253° N, 76.9439° E",28.4253,76.9439
flat,krrish florence estate,sector 70,1.65,7765.0,3,4,3+,27.0,New Property,1923.0,1,1,0,0,0,2,81,"28.3968° N, 77.0233° E",28.3968,77.0233
flat,signature global synera★,sector 81,0.4,702.0,2,2,1,12.0,Relatively New,586.0,0,0,0,0,0,2,23,"28.3867° N, 76.9485° E",28.3867,76.9485
flat,the rama apartment cghs,sector 43,2.5,10204.0,4,4,3+,4.0,Moderately Old,2450.0,0,1,0,0,0,2,26,"28.4629° N, 77.0772° E",28.4629,77.0772
flat,shapoorji pallonji joyville gurugram★,sector 102,2.03,11998.0,3,3,2,1.0,New Property,1337.0,0,0,0,0,0,2,67,"28.4750° N, 76.9715° E",28.475,76.9715
flat,raheja navodaya★,sector 92,0.62,4806.0,2,2,2,5.0,New Property,1182.0,0,0,0,0,0,2,0,"28.4079° N, 76.9153° E",28.4079,76.9153
flat,emaar mgf emerald floors premier★,sector 65,2.36,14303.0,3,3,3,2.0,Relatively New,1524.0,1,1,0,0,0,1,136,"28.4030° N, 77.0690° E",28.403,77.069
flat,corona optus★,sector 37c,1.43,7186.0,3,3,3+,2.0,Relatively New,1845.0,1,1,0,0,1,2,49,"28.4515° N, 76.9882° E",28.4515,76.9882
flat,ramprastha skyz,sector 37d,1.2,6000.0,3,2,1,9.0,Under Construction,1900.0,0,1,0,0,1,2,53,"28.4478° N, 76.9703° E",28.4478,76.9703
flat,tulip orange★,sector 70,1.0,1145.0,3,2,2,3.0,Moderately Old,8730.0,0,0,0,0,0,2,58,"28.3968° N, 77.0233° E",28.3968,77.0233
flat,smart world orchard,sector 61,1.65,13750.0,2,2,2,1.0,Under Construction,1200.0,1,0,0,0,0,2,16,"28.4050° N, 77.0963° E",28.405,77.0963
flat,sbtl caladium,sector 109,1.3,6915.0,3,2,3,16.0,Moderately Old,1701.0,0,0,0,0,0,2,134,"28.5073° N, 77.0089° E",28.5073,77.0089
flat,smart world orchard,sector 61,1.7,15004.0,2,2,2,4.0,Under Construction,1133.0,0,0,0,0,0,2,24,"28.4050° N, 77.0963° E",28.405,77.0963
flat,corona optus★,sector 37c,1.27,7232.0,3,3,3,2.0,Relatively New,1595.0,0,0,0,0,1,2,49,"28.4515° N, 76.9882° E",28.4515,76.9882
flat,mm heights,sector 65,1.95,15997.0,2,2,3,16.0,Under Construction,1141.0,0,0,0,0,0,2,44,"28.4030° N, 77.0690° E",28.403,77.069
flat,emaar mgf emerald estate★,sector 65,1.75,12545.0,3,3,3,10.0,Relatively New,1081.0,0,1,0,0,0,1,124,"28.4030° N, 77.0690° E",28.403,77.069
flat,orchid island★,sector 51,0.71,877.0,2,2,1,4.0,Relatively New,8100.0,0,0,0,0,0,2,23,"28.4320° N, 77.0686° E",28.432,77.0686
flat,dlf regal gardens★,sector 90,1.8,7223.0,4,4,3+,7.0,Moderately Old,2005.0,0,0,0,0,0,2,38,"28.4085° N, 76.9369° E",28.4085,76.9369
flat,zara aavaas,sector 104,0.26,868.0,1,1,2,0.0,Relatively New,2997.0,0,0,0,0,0,2,91,"28.4788° N, 76.9960° E",28.4788,76.996
flat,paras dews,sector 106,0.88,6354.0,2,2,3+,3.0,Relatively New,1120.0,0,0,0,0,0,2,49,"28.5007° N, 77.0003° E",28.5007,77.0003
flat,pareena mi casa,sector 68,1.1,8835.0,2,2,3,11.0,New Property,1127.0,0,0,0,0,0,2,95,"28.3853° N, 77.0484° E",28.3853,77.0484
flat,smart world gems,sector 89,1.16,8152.0,3,3,2,3.0,Under Construction,1423.0,1,0,0,0,0,2,68,"28.4253° N, 76.9439° E",28.4253,76.9439
flat,tulip monsella,sector 53,5.6,19364.0,3,3,3+,1.0,Under Construction,2617.0,0,0,0,0,0,2,42,"28.4433° N, 77.0948° E",28.4433,77.0948
flat,ss the leaf★,sector 85,2.2,5641.0,4,6,3,10.0,Relatively New,3920.0,0,1,0,0,0,2,174,"28.4042° N, 76.9513° E",28.4042,76.9513
flat,samadhan shri kamal cghs,sector 1,2.01,11427.0,4,4,3+,10.0,Moderately Old,1759.0,0,0,0,0,0,0,0,"28.3663° N, 76.9456° E",28.3663,76.9456
flat,rof ananda,sector 95,0.31,627.0,2,2,1,5.0,Relatively New,4941.0,0,0,0,1,0,1,74,"28.4172° N, 76.9081° E",28.4172,76.9081
flat,paras quartier,sector 12,5.9,11028.0,4,4,3+,0.0,Moderately Old,5350.0,0,0,0,0,0,2,63,"28.4723° N, 77.0320° E",28.4723,77.032
flat,indiabulls centrum park★,sector 103,1.33,8581.0,3,3,3+,8.0,Relatively New,1671.0,1,0,0,0,0,2,150,"28.4949° N, 76.9845° E",28.4949,76.9845
flat,spaze privy★,sector 72,1.9,9620.0,3,3,3,10.0,Relatively New,1975.0,0,0,0,0,0,2,0,"28.4225° N, 77.0211° E",28.4225,77.0211
flat,ramsons kshitij★,sector 95,0.19,591.0,1,1,1,14.0,Relatively New,3215.0,0,0,0,0,0,2,49,"28.4172° N, 76.9081° E",28.4172,76.9081
flat,emaar mgf palm terraces select★,sector 66,3.4,14108.0,4,4,3+,2.0,Relatively New,2210.0,0,1,0,0,0,1,157,"28.3925° N, 77.0541° E",28.3925,77.0541
flat,la vida by tata housing,sector 113,3.0,14286.0,3,3,3+,3.0,Relatively New,2460.0,0,1,0,0,0,2,167,"28.5287° N, 77.0233° E",28.5287,77.0233
flat,smart world gems,sector 89,0.9,8160.0,2,2,2,3.0,New Property,998.0,1,0,0,0,1,2,95,"28.4253° N, 76.9439° E",28.4253,76.9439
flat,supertech hues,sector 68,0.93,8611.0,2,2,2,11.0,New Property,1080.0,0,0,0,0,0,2,0,"28.3853° N, 77.0484° E",28.3853,77.0484
flat,vatika gurgaon ★,sector 83,1.25,7812.0,4,4,3,12.0,Moderately Old,1970.0,0,1,0,0,0,2,103,"28.3986° N, 76.9647° E",28.3986,76.9647
flat,supertech hues,sector 68,0.8,6780.0,2,2,3+,14.0,New Property,1180.0,0,0,0,0,0,1,26,"28.3853° N, 77.0484° E",28.3853,77.0484
flat,imperia the esfera,sector 37c,0.99,5455.0,3,5,3+,5.0,Relatively New,1400.0,0,1,0,0,0,2,49,"28.4515° N, 76.9882° E",28.4515,76.9882
flat,rof ananda,sector 95,0.21,61.0,1,1,1,13.0,Relatively New,34426.0,0,0,0,0,0,2,68,"28.4172° N, 76.9081° E",28.4172,76.9081
flat,ansal estella,sector 103,1.5,8671.0,3,3,3+,6.0,Under Construction,1741.0,0,0,0,0,0,2,58,"28.4949° N, 76.9845° E",28.4949,76.9845
flat,emaar imperial gardens★,sector 102,1.92,9600.0,3,3,3,12.0,Relatively New,2000.0,1,1,1,1,0,2,95,"28.4750° N, 76.9715° E",28.475,76.9715
flat,godrej habitat,sector 3,1.25,8657.0,2,2,3,14.0,Under Construction,1161.0,0,0,0,0,0,2,36,"28.4909° N, 77.0176° E",28.4909,77.0176
flat,puri diplomatic greens★,sector 111,2.65,13590.0,3,4,2,7.0,Relatively New,2086.0,0,1,0,0,0,1,159,"28.5238° N, 77.0320° E",28.5238,77.032
flat,ild greens★,sector 37c,1.05,7500.0,3,3,3,4.0,New Property,1500.0,0,0,0,0,0,1,5,"28.4515° N, 76.9882° E",28.4515,76.9882
flat,dlf city,sector 37,2.02,8080.0,4,3,1,2.0,New Property,2262.0,0,0,0,0,0,2,0,"28.4375° N, 76.9999° E",28.4375,76.9999
flat,dlf express greens★,manesar,1.2,6504.0,3,4,2,5.0,Relatively New,1670.0,0,1,0,0,1,2,43,"28.3515° N, 76.9428° E",28.3515,76.9428
flat,ss,sector 85,2.14,7610.0,4,4,3,6.0,Relatively New,2300.0,1,1,0,1,0,2,49,"28.4042° N, 76.9513° E",28.4042,76.9513
flat,paras dews,sector 106,1.5,6369.0,4,6,3+,11.0,Relatively New,1535.0,0,1,0,0,0,2,174,"28.5007° N, 77.0003° E",28.5007,77.0003
flat,smart world gems,sector 89,0.95,8903.0,2,2,2,1.0,Under Construction,804.0,1,0,0,0,0,2,122,"28.4253° N, 76.9439° E",28.4253,76.9439
flat,paras dews,sector 106,0.92,6643.0,2,2,3+,2.0,Relatively New,940.0,0,0,0,0,0,2,174,"28.5007° N, 77.0003° E",28.5007,77.0003
flat,shree vardhman flora★,sector 90,0.65,4815.0,2,2,3,3.0,Relatively New,1222.0,1,0,0,0,0,2,106,"28.4085° N, 76.9369° E",28.4085,76.9369
flat,sukhshanti apartment,sector 56,1.7,7727.0,3,3,3,4.0,Moderately Old,1789.0,1,0,0,0,0,2,49,"28.4245° N, 77.0991° E",28.4245,77.0991
flat,sare homes,sector 92,0.95,4750.0,4,3,2,17.0,New Property,1983.0,0,0,0,0,0,2,7,"28.4079° N, 76.9153° E",28.4079,76.9153
flat,vatika gurgaon ★,sector 83,1.08,6225.0,3,3,2,11.0,Relatively New,1570.0,0,0,0,0,1,2,19,"28.3986° N, 76.9647° E",28.3986,76.9647
flat,adani aangan arcade,sector 88a,0.45,800.0,2,2,1,3.0,New Property,5625.0,0,0,0,0,0,2,14,"28.4347° N, 76.9557° E",28.4347,76.9557
flat,shreeram apartment ii,sector 12,0.21,519.0,1,1,1,2.0,Relatively New,4050.0,0,0,0,0,0,2,7,"28.4723° N, 77.0320° E",28.4723,77.032
flat,signature global orchard avenue★,sector 93,0.36,746.0,2,2,2,6.0,Relatively New,4824.0,0,0,0,0,0,2,16,"28.4153° N, 76.9326° E",28.4153,76.9326
flat,nul,gwal pahari,0.56,673.0,2,2,1,11.0,Old Property,8325.0,0,0,0,0,0,1,0,"28.4484° N, 77.0210° E",28.4484,77.021
flat,mm latitude,sector 65,4.6,26791.0,3,3,3,7.0,New Property,1717.0,1,1,1,1,0,2,115,"28.4030° N, 77.0690° E",28.403,77.069
flat,pareena coban residences,sector 99a,1.38,7150.0,4,5,3+,1.0,Relatively New,2150.0,0,1,0,0,1,2,49,"28.4561° N, 76.9542° E",28.4561,76.9542
flat,dlf new town heights ★,sector 86,1.3,6736.0,3,3,3,12.0,Moderately Old,1747.0,0,1,0,0,0,1,165,"28.3986° N, 76.9384° E",28.3986,76.9384
flat,bptp terra★,sector 37d,1.55,8559.0,3,3,3+,11.0,Relatively New,1639.0,0,0,0,0,0,2,79,"28.4478° N, 76.9703° E",28.4478,76.9703
flat,sare green parc,sector 92,0.75,4744.0,3,3,3,2.0,Relatively New,1415.0,0,0,0,0,1,1,49,"28.4079° N, 76.9153° E",28.4079,76.9153
flat,pyramid urban homes,sector 86,0.5,1077.0,2,2,2,6.0,Old Property,4644.0,0,0,0,0,0,2,15,"28.3986° N, 76.9384° E",28.3986,76.9384
flat,shri balaji apartment,sector 12,0.35,449.0,2,2,1,1.0,Moderately Old,737.0,0,0,0,0,0,2,23,"28.4723° N, 77.0320° E",28.4723,77.032
flat,dlf new town heights ★,sector 90,1.9,6967.0,4,4,3+,19.0,Relatively New,2512.0,0,1,1,0,0,1,174,"28.4085° N, 76.9369° E",28.4085,76.9369
flat,cancon enclave,sector 4,1.05,7778.0,3,2,2,2.0,New Property,1350.0,0,0,0,0,0,1,0,"28.4738° N, 77.0107° E",28.4738,77.0107
flat,vatika gurgaon ★,sector 83,1.25,6313.0,3,3,2,12.0,Moderately Old,1700.0,0,1,0,0,0,2,95,"28.3986° N, 76.9647° E",28.3986,76.9647
flat,signature global synera★,sector 81,0.45,836.0,2,2,2,6.0,Relatively New,5382.0,0,0,1,0,0,1,39,"28.3867° N, 76.9485° E",28.3867,76.9485
flat,elevate,sector 50,6.75,19882.0,4,4,0,10.0,Moderately Old,3395.0,0,0,0,0,0,2,0,"28.4178° N, 77.0628° E",28.4178,77.0628
flat,signature global the millennia,sector 37d,0.65,1212.0,2,2,3,0.0,New Property,625.0,0,0,0,0,0,2,40,"28.4478° N, 76.9703° E",28.4478,76.9703
flat,ss the leaf★,sector 85,1.24,7122.0,2,2,3,10.0,Relatively New,1730.0,0,0,0,0,0,2,49,"28.4042° N, 76.9513° E",28.4042,76.9513
flat,tulip violet,sector 69,1.92,15360.0,4,4,2,0.0,Relatively New,1250.0,0,0,0,0,0,2,174,"28.3966° N, 77.0341° E",28.3966,77.0341
flat,the center court,sector 88a,2.1,12174.0,4,4,3,0.0,New Property,1745.0,1,1,0,0,0,2,142,"28.4347° N, 76.9557° E",28.4347,76.9557
flat,rof ananda,sector 95,0.26,760.0,1,1,1,8.0,New Property,3420.0,0,0,0,0,0,2,49,"28.4172° N, 76.9081° E",28.4172,76.9081
flat,imperia the esfera,sector 37c,1.4,5385.0,4,5,3,9.0,Relatively New,2343.0,1,1,0,1,1,2,49,"28.4515° N, 76.9882° E",28.4515,76.9882
flat,shree vardhman flora★,sector 90,0.65,4962.0,2,2,3,11.0,Relatively New,1225.0,1,0,0,0,0,1,49,"28.4085° N, 76.9369° E",28.4085,76.9369
flat,smart world gems,sector 89,1.01,9157.0,2,2,2,4.0,Under Construction,1103.0,1,0,0,0,0,2,38,"28.4253° N, 76.9439° E",28.4253,76.9439
flat,prime habitat,sector 99a,0.32,518.0,2,2,1,7.0,Relatively New,601.0,0,0,0,0,0,2,44,"28.4561° N, 76.9542° E",28.4561,76.9542
flat,the lions cghs,sector 56,2.1,8750.0,3,4,3+,8.0,Old Property,2200.0,0,0,0,0,1,1,166,"28.4245° N, 77.0991° E",28.4245,77.0991
flat,ansal height,sector 86,0.8,5882.0,2,2,0,1.0,Relatively New,1360.0,0,0,0,0,0,2,0,"28.3986° N, 76.9384° E",28.3986,76.9384
flat,raheja navodaya★,sector 92,1.1,4681.0,3,2,3,0.0,Relatively New,2056.0,0,0,0,0,0,2,0,"28.4079° N, 76.9153° E",28.4079,76.9153
flat,residency grand,sector 52,5.0,9615.0,5,5,3+,2.0,Moderately Old,5200.0,0,0,0,0,0,2,0,"28.4379° N, 77.0785° E",28.4379,77.0785
flat,gls avenue,sector 92,0.21,773.0,1,1,1,0.0,Relatively New,2718.0,0,0,0,0,0,2,63,"28.4079° N, 76.9153° E",28.4079,76.9153
flat,tulip ivory★,sector 70,2.0,8333.0,4,5,3+,6.0,Moderately Old,2114.0,0,1,0,0,0,1,95,"28.3968° N, 77.0233° E",28.3968,77.0233
flat,mm merlin★,sector 67,3.5,14583.0,3,4,3,17.0,Relatively New,2225.0,0,1,1,0,0,1,167,"28.3859° N, 77.0608° E",28.3859,77.0608
flat,shapoorji pallonji joyville gurugram★,sector 102,1.95,10529.0,3,3,3,10.0,Relatively New,1676.0,0,0,0,0,0,2,59,"28.4750° N, 76.9715° E",28.475,76.9715
flat,vatika the seven lamps★,sector 82,1.0,5924.0,2,2,2,11.0,Relatively New,1299.0,1,0,0,0,0,1,90,"28.3935° N, 76.9600° E",28.3935,76.96
flat,godrej oasis★,sector 88a,1.45,8367.0,2,2,3+,9.0,Relatively New,146.0,1,0,0,0,0,0,85,"28.4347° N, 76.9557° E",28.4347,76.9557
flat,orchid petals★,sector 49,2.45,11887.0,3,3,3,0.0,Relatively New,1865.0,1,0,0,0,0,2,49,"28.4121° N, 77.0480° E",28.4121,77.048
flat,mapsko mount ville★,sector 79,1.3,8025.0,3,3,3+,1.0,Relatively New,1213.0,0,0,0,0,0,1,140,"28.3624° N, 76.9787° E",28.3624,76.9787
flat,spire woods now ananda by alpha corp,sector 103,1.25,6902.0,3,4,3,11.0,Under Construction,1811.0,1,1,0,0,0,2,105,"28.4949° N, 76.9845° E",28.4949,76.9845
flat,pareena laxmi apartments★,sector 99a,0.32,613.0,2,2,1,2.0,New Property,577.0,0,0,0,0,0,2,43,"28.4561° N, 76.9542° E",28.4561,76.9542
flat,breeze global heights,sector 33,0.4,713.0,2,2,2,4.0,Moderately Old,666.0,0,0,0,0,0,2,0,"28.4420° N, 77.0207° E",28.442,77.0207
flat,bptp terra★,sector 37d,1.79,8981.0,4,3,3,15.0,Relatively New,1808.0,0,0,0,0,1,1,37,"28.4478° N, 76.9703° E",28.4478,76.9703
flat,pareena coban residences,sector 99a,1.4,7011.0,3,5,3+,6.0,New Property,1807.0,0,0,0,0,0,2,15,"28.4561° N, 76.9542° E",28.4561,76.9542
flat,shyamkunj ashok vihar pahse,sector 12,0.3,494.0,2,2,1,1.0,Relatively New,6075.0,0,0,0,0,0,2,21,"28.4723° N, 77.0320° E",28.4723,77.032
flat,puri emerald bay★,sector 104,2.55,10408.0,4,4,3+,5.0,Relatively New,2303.0,0,1,0,0,0,2,49,"28.4788° N, 76.9960° E",28.4788,76.996
flat,bestech park view sanskruti★,sector 92,1.9,8172.0,4,4,3+,10.0,Relatively New,1920.0,1,1,0,1,1,2,49,"28.4079° N, 76.9153° E",28.4079,76.9153
flat,vatika city★,sector 49,1.69,8622.0,3,3,3,3.0,Moderately Old,1960.0,0,0,0,1,0,2,136,"28.4121° N, 77.0480° E",28.4121,77.048
flat,emaar gurgaon greens★,sector 102,1.6,9697.0,3,3,3,8.0,Relatively New,1315.0,0,0,0,0,0,2,46,"28.4750° N, 76.9715° E",28.475,76.9715
flat,mapsko mount ville★,sector 79,1.25,8389.0,3,3,3,18.0,Relatively New,1058.0,1,0,0,0,0,1,102,"28.3624° N, 76.9787° E",28.3624,76.9787
flat,mm skycity,sector 65,1.8,13699.0,2,2,3,13.0,New Property,1314.0,0,0,0,0,0,2,73,"28.4030° N, 77.0690° E",28.403,77.069
flat,kashish manor one,sector 111,1.65,7097.0,3,4,3+,14.0,Under Construction,2104.0,0,1,0,0,1,2,8,"28.5238° N, 77.0320° E",28.5238,77.032
flat,adani brahma samsara vilasa,sector 63,3.35,16470.0,3,3,3+,3.0,New Property,2034.0,0,0,0,0,0,1,16,"28.3971° N, 77.0867° E",28.3971,77.0867
flat,dlf new town heights ★,sector 86,1.25,6477.0,3,4,3+,2.0,Relatively New,1747.0,0,1,0,1,0,2,65,"28.3986° N, 76.9384° E",28.3986,76.9384
flat,experion the heartsong★,sector 108,0.9,7015.0,2,3,3,7.0,Relatively New,1161.0,0,1,0,0,1,2,72,"28.5134° N, 76.9830° E",28.5134,76.983
flat,bestech altura,sector 79,1.9,9000.0,3,4,2,11.0,New Property,2111.0,0,1,0,0,0,2,49,"28.3624° N, 76.9787° E",28.3624,76.9787
flat,vatika emilia floors★,sector 83,0.65,6190.0,2,2,2,1.0,Relatively New,950.0,0,0,0,0,0,1,174,"28.3986° N, 76.9647° E",28.3986,76.9647
flat,emaar mgf emerald floors premier★,sector 65,2.35,16207.0,3,3,3,2.0,Relatively New,1500.0,1,1,0,0,0,1,64,"28.4030° N, 77.0690° E",28.403,77.069
flat,bptp terra★,sector 37d,1.72,7850.0,3,3,3+,10.0,Relatively New,1983.0,0,1,0,0,0,2,31,"28.4478° N, 76.9703° E",28.4478,76.9703
flat,dlf new town heights ★,sector 86,1.4,5942.0,4,4,3+,20.0,Relatively New,2132.0,0,1,0,1,0,2,65,"28.3986° N, 76.9384° E",28.3986,76.9384
flat,vatika the seven lamps★,sector 82,1.28,6819.0,3,3,3,3.0,Relatively New,1800.0,1,0,0,0,0,1,165,"28.3935° N, 76.9600° E",28.3935,76.96
flat,ss the leaf★,sector 85,1.99,8660.0,3,4,3+,17.0,Relatively New,2398.0,0,1,0,0,0,1,174,"28.4042° N, 76.9513° E",28.4042,76.9513
flat,pooja apartment,sector 12,0.25,397.0,2,2,2,2.0,Relatively New,6300.0,0,0,0,0,0,2,0,"28.4723° N, 77.0320° E",28.4723,77.032
flat,pyramid pride,sector 76,0.5,731.0,2,2,1,8.0,Under Construction,6840.0,0,0,0,0,0,2,76,"28.3935° N, 76.9888° E",28.3935,76.9888
flat,ansal valley view estate,sector 7,0.6,717.0,2,2,0,9.0,Relatively New,8370.0,0,0,0,0,0,2,0,"28.4644° N, 77.0143° E",28.4644,77.0143
flat,emaar mgf emerald estate★,sector 65,1.42,13922.0,2,2,2,6.0,Relatively New,1010.0,1,0,0,0,0,1,174,"28.4030° N, 77.0690° E",28.403,77.069
flat,spaze privy at★,sector 84,1.35,9643.0,3,3,3,7.0,Relatively New,1750.0,0,0,0,1,0,2,90,"28.3979° N, 76.9736° E",28.3979,76.9736
flat,dlf new town heights ★,sector 90,1.2,6218.0,3,3,3+,8.0,Moderately Old,1930.0,0,1,0,1,0,2,59,"28.4085° N, 76.9369° E",28.4085,76.9369
flat,mm skywalk,sector 74,1.5,12500.0,2,2,3,17.0,Relatively New,1300.0,0,0,1,0,0,2,174,"28.4158° N, 77.0118° E",28.4158,77.0118
flat,godrej summit★,sector 104,1.1,8668.0,2,2,3,16.0,Under Construction,1148.0,0,0,0,0,1,2,88,"28.4788° N, 76.9960° E",28.4788,76.996
flat,chd avenue ★,sector 71,1.16,6655.0,3,3,3,5.0,Moderately Old,1577.0,0,1,0,0,0,1,73,"28.4104° N, 77.0281° E",28.4104,77.0281
flat,conscient heritage max★,sector 102,1.75,9063.0,3,4,3+,16.0,Relatively New,1748.0,0,1,0,0,0,1,134,"28.4750° N, 76.9715° E",28.475,76.9715
flat,experion the heartsong★,sector 108,1.65,8238.0,3,4,3,3.0,Moderately Old,1771.32,1,0,0,0,0,1,75,"28.5134° N, 76.9830° E",28.5134,76.983
flat,dlf new town heights ★,sector 90,1.65,6980.0,4,4,3+,15.0,Moderately Old,2139.0,0,1,0,0,0,1,137,"28.4085° N, 76.9369° E",28.4085,76.9369
flat,puri emerald bay★,sector 104,2.6,15160.0,3,4,3+,5.0,Relatively New,2061.0,1,1,0,0,0,2,81,"28.4788° N, 76.9960° E",28.4788,76.996
flat,pivotal devaan,sector 84,0.34,782.0,2,2,1,1.0,Relatively New,4347.0,0,0,1,0,0,1,84,"28.3979° N, 76.9736° E",28.3979,76.9736
flat,sobha city,sector 108,1.9,13758.0,2,2,2,8.0,Relatively New,1250.0,0,0,0,0,0,2,85,"28.5134° N, 76.9830° E",28.5134,76.983
flat,dlf the ultima★,sector 81,2.2,11190.0,3,4,3+,7.0,Relatively New,1900.0,0,1,0,0,0,0,104,"28.3867° N, 76.9485° E",28.3867,76.9485
flat,dlf regal gardens★,sector 90,1.65,7449.0,4,4,3+,8.0,Relatively New,1900.0,0,0,0,0,1,2,79,"28.4085° N, 76.9369° E",28.4085,76.9369
flat,emaar palm gardens★,sector 83,1.3,11872.0,3,3,3,16.0,Relatively New,1387.0,0,1,0,0,0,1,174,"28.3986° N, 76.9647° E",28.3986,76.9647
flat,smart world gems,sector 89,0.85,7706.0,2,2,2,2.0,Under Construction,1103.0,1,0,0,0,0,2,45,"28.4253° N, 76.9439° E",28.4253,76.9439
flat,mm golfestate★,sector 65,4.95,15906.0,3,3,3,10.0,Relatively New,2816.0,0,1,0,0,0,1,82,"28.4030° N, 77.0690° E",28.403,77.069
flat,vatika independent floors★,sector 82,1.16,6988.0,3,3,3+,1.0,Relatively New,1660.0,0,1,1,1,0,1,151,"28.3935° N, 76.9600° E",28.3935,76.96
flat,sare homes,sector 92,0.56,4730.0,3,1,3,1.0,Moderately Old,1184.0,0,0,0,0,0,1,75,"28.4079° N, 76.9153° E",28.4079,76.9153
flat,bptp terra★,sector 37d,1.6,7303.0,4,3,3+,7.0,Relatively New,2000.0,0,0,0,0,1,1,139,"28.4478° N, 76.9703° E",28.4478,76.9703
flat,bestech park view ananda★,sector 81,1.35,7542.0,3,3,3+,10.0,Moderately Old,1438.0,0,0,1,0,0,1,72,"28.3867° N, 76.9485° E",28.3867,76.9485
flat,green campus chs,manesar,0.92,4023.0,3,3,3+,8.0,Moderately Old,1924.0,0,1,0,0,0,2,5,"28.3515° N, 76.9428° E",28.3515,76.9428
flat,mapsko casa bella★,sector 82,1.38,5444.0,4,5,3+,20.0,Relatively New,2294.0,0,1,0,0,0,2,79,"28.3935° N, 76.9600° E",28.3935,76.96
flat,aardhya homesh,sector 67a,1.85,8043.0,4,4,0,4.0,New Property,2300.0,0,0,0,0,0,2,0,"28.3960° N, 77.0372° E",28.396,77.0372
flat,shapoorji pallonji joyville gurugram★,sector 102,1.3,1965.0,2,2,3,0.0,Relatively New,1009.0,0,0,1,0,0,2,125,"28.4750° N, 76.9715° E",28.475,76.9715
flat,signature global city d ph,sector 37d,1.07,8237.0,3,3,2,2.0,Under Construction,1299.0,0,0,0,0,0,2,86,"28.4478° N, 76.9703° E",28.4478,76.9703
flat,essel tower,sector 17,1.85,11859.0,3,2,3,1.0,Moderately Old,1510.0,1,1,0,0,0,2,102,"28.4791° N, 77.0608° E",28.4791,77.0608
flat,signature global orchard avenue★,sector 93,0.85,1582.0,2,2,0,10.0,Relatively New,5373.0,0,0,0,0,0,2,0,"28.4153° N, 76.9326° E",28.4153,76.9326
flat,indiabulls centrum park★,sector 103,1.15,7765.0,2,2,3,8.0,Relatively New,1250.0,1,0,0,0,0,1,135,"28.4949° N, 76.9845° E",28.4949,76.9845
flat,sare homes,sector 92,1.12,5359.0,4,4,2,12.0,Relatively New,2090.0,0,1,0,0,0,2,85,"28.4079° N, 76.9153° E",28.4079,76.9153
flat,ireo victory valley★,sector 67,4.5,14098.0,4,4,3+,0.0,Relatively New,3160.0,0,1,0,1,0,1,42,"28.3859° N, 77.0608° E",28.3859,77.0608
flat,paras dews,sector 106,1.17,6648.0,3,4,3+,12.0,Relatively New,1186.0,0,1,0,0,0,2,49,"28.5007° N, 77.0003° E",28.5007,77.0003
flat,pioneer park★,sector 61,2.1,11667.0,3,3,3,15.0,Relatively New,1592.0,0,0,0,0,0,1,49,"28.4050° N, 77.0963° E",28.405,77.0963
flat,puri diplomatic greens★,sector 111,2.58,11727.0,3,4,2,10.0,Moderately Old,2200.0,0,1,0,0,0,2,86,"28.5238° N, 77.0320° E",28.5238,77.032
flat,bptp terra★,sector 37d,2.08,10000.0,4,4,3,0.0,New Property,2211.0,1,1,0,1,0,2,121,"28.4478° N, 76.9703° E",28.4478,76.9703
flat,ss the leaf★,sector 85,2.0,8306.0,3,4,3,8.0,Relatively New,2179.0,0,1,0,0,0,2,21,"28.4042° N, 76.9513° E",28.4042,76.9513
flat,ireo the grand arch★,sector 58,2.2,16000.0,2,2,1,5.0,Relatively New,1375.0,0,0,0,1,0,1,49,"28.4200° N, 77.1105° E",28.42,77.1105
flat,hsiidc sidco shivalik apartments★,manesar,0.73,3559.0,3,3,3+,2.0,Moderately Old,1705.0,0,1,0,0,0,2,80,"28.3515° N, 76.9428° E",28.3515,76.9428
flat,essel tower,sector 17,1.6,12186.0,3,3,3,4.0,Moderately Old,1188.0,0,0,0,0,0,2,46,"28.4791° N, 77.0608° E",28.4791,77.0608
flat,bestech park view ananda★,sector 81,1.15,6928.0,3,2,3+,6.0,Relatively New,1463.0,1,0,0,0,0,1,104,"28.3867° N, 76.9485° E",28.3867,76.9485
flat,godrej habitat,sector 3,1.2,8310.0,2,2,3,0.0,Under Construction,1307.0,0,0,0,0,0,2,60,"28.4909° N, 77.0176° E",28.4909,77.0176
flat,indiabulls centrum park★,sector 103,2.4,8348.0,4,6,3+,15.0,Relatively New,2456.0,0,1,0,0,0,2,156,"28.4949° N, 76.9845° E",28.4949,76.9845
flat,godrej summit★,sector 104,1.35,5000.0,4,5,3+,0.0,Relatively New,2700.0,1,1,1,1,0,2,112,"28.4788° N, 76.9960° E",28.4788,76.996
flat,imperia the esfera,sector 37c,0.9,6272.0,3,3,3,9.0,Relatively New,1222.0,0,0,0,0,0,2,66,"28.4515° N, 76.9882° E",28.4515,76.9882
flat,emaar mgf emerald floors premier★,sector 65,3.0,15190.0,4,4,3+,2.0,Relatively New,1975.0,0,1,0,0,0,2,87,"28.4030° N, 77.0690° E",28.403,77.069
flat,ats tourmaline★,sector 109,1.75,10000.0,3,3,3,4.0,New Property,1466.0,0,0,0,0,0,2,31,"28.5073° N, 77.0089° E",28.5073,77.0089
flat,sare crescent parc royal greens phase,sector 92,0.79,6086.0,3,2,2,15.0,New Property,1175.0,0,0,0,0,0,2,25,"28.4079° N, 76.9153° E",28.4079,76.9153
flat,dlf regal gardens★,sector 90,1.19,5504.0,3,3,2,11.0,Relatively New,1562.0,0,0,0,0,1,2,88,"28.4085° N, 76.9369° E",28.4085,76.9369
flat,emaar palm gardens★,sector 83,1.76,9263.0,3,3,3,5.0,Relatively New,1600.0,0,1,0,0,0,1,174,"28.3986° N, 76.9647° E",28.3986,76.9647
flat,antriksh heights★,sector 84,0.69,5111.0,2,2,3+,8.0,Relatively New,1222.0,1,0,0,0,0,2,59,"28.3979° N, 76.9736° E",28.3979,76.9736
flat,vatika sovereign park,sector 99,2.45,8813.0,3,4,3,1.0,New Property,2516.0,0,1,0,0,0,1,165,"28.4640° N, 76.9614° E",28.464,76.9614
flat,experion windchants★,sector 112,3.65,11428.0,3,5,2,3.0,Relatively New,3194.0,0,1,0,0,0,2,72,"28.5189° N, 77.0183° E",28.5189,77.0183
flat,puri emerald bay★,sector 104,2.25,10465.0,3,4,3+,4.0,Relatively New,2303.0,0,1,0,0,0,1,159,"28.4788° N, 76.9960° E",28.4788,76.996
flat,alpha corp gurgaonone ★,sector 84,2.28,8769.0,4,4,3+,8.0,Relatively New,2998.0,0,1,0,0,0,2,61,"28.3979° N, 76.9736° E",28.3979,76.9736
flat,paras dews,sector 106,1.34,9551.0,4,5,3+,7.0,Relatively New,1535.0,0,1,0,0,0,2,49,"28.5007° N, 77.0003° E",28.5007,77.0003
flat,ats triumph★,sector 104,2.65,8413.0,4,4,3+,14.0,Relatively New,2898.0,0,1,0,0,0,1,21,"28.4788° N, 76.9960° E",28.4788,76.996
flat,pyramid elite,sector 86,0.45,861.0,2,2,1,4.0,Under Construction,5229.0,0,0,0,0,0,2,66,"28.3986° N, 76.9384° E",28.3986,76.9384
flat,surya vihar rwa,sector 21,1.3,6500.0,5,5,2,2.0,Old Property,2444.0,1,1,1,0,0,1,42,"28.5134° N, 77.0723° E",28.5134,77.0723
flat,raheja revanta,sector 78,1.2,10017.0,1,2,2,32.0,Under Construction,823.0,0,0,0,0,0,2,39,"28.3733° N, 76.9729° E",28.3733,76.9729
flat,mapsko mount ville★,sector 79,1.5,8264.0,3,4,3+,11.0,Relatively New,1416.0,0,1,0,0,0,1,144,"28.3624° N, 76.9787° E",28.3624,76.9787
flat,dlf regal gardens★,sector 90,1.2,6838.0,3,3,3+,15.0,Relatively New,1572.0,0,0,0,0,0,2,118,"28.4085° N, 76.9369° E",28.4085,76.9369
flat,nagata group housing society,sector 1,0.85,3696.0,3,3,3+,4.0,Relatively New,2081.0,0,1,0,0,0,2,5,"28.3663° N, 76.9456° E",28.3663,76.9456
flat,ats tourmaline★,sector 109,2.3,8897.0,3,4,3+,10.0,New Property,2339.0,0,1,0,0,1,2,74,"28.5073° N, 77.0089° E",28.5073,77.0089
flat,conscient heritage max★,sector 102,1.82,9372.0,3,4,3+,15.0,Moderately Old,1757.0,0,1,0,0,0,2,125,"28.4750° N, 76.9715° E",28.475,76.9715
flat,experion the heartsong★,sector 108,1.25,9259.0,3,3,3,1.0,Relatively New,1500.0,0,1,0,1,0,2,174,"28.5134° N, 76.9830° E",28.5134,76.983
flat,sagar apartment,sector 56,1.45,7250.0,3,3,3+,7.0,Old Property,1900.0,1,1,0,1,1,2,166,"28.4245° N, 77.0991° E",28.4245,77.0991
flat,sukhshanti apartment,sector 56,1.65,7006.0,3,3,3+,5.0,Moderately Old,2131.0,1,0,0,0,0,1,134,"28.4245° N, 77.0991° E",28.4245,77.0991
flat,ansal heights,sector 86,0.82,6029.0,2,2,1,12.0,New Property,1300.0,0,0,0,0,0,2,49,"28.3986° N, 76.9384° E",28.3986,76.9384
flat,emaar palm gardens★,sector 83,1.73,9105.0,3,3,3,5.0,Relatively New,1600.0,0,1,0,0,0,1,174,"28.3986° N, 76.9647° E",28.3986,76.9647
flat,chd avenue ★,sector 71,1.0,6734.0,3,3,3+,3.0,Relatively New,1344.0,0,0,0,0,0,1,7,"28.4104° N, 77.0281° E",28.4104,77.0281
flat,pareena mi casa,sector 68,1.15,9237.0,2,2,3,8.0,New Property,1127.0,0,0,0,0,0,2,49,"28.3853° N, 77.0484° E",28.3853,77.0484
flat,dlf the icon★,sector 43,6.0,26087.0,4,4,3+,18.0,Old Property,2300.0,0,1,0,0,0,1,150,"28.4629° N, 77.0772° E",28.4629,77.0772
flat,bptp terra★,sector 37d,1.5,8283.0,3,3,3,17.0,Relatively New,1692.0,0,0,0,0,1,2,49,"28.4478° N, 76.9703° E",28.4478,76.9703
flat,kanchanjanga tower,sector 56,1.45,7632.0,3,3,3+,2.0,Moderately Old,1719.0,0,0,0,0,0,1,126,"28.4245° N, 77.0991° E",28.4245,77.0991
flat,dlf icon,sector 43,5.8,20707.0,4,4,3+,18.0,Old Property,2801.0,0,0,0,0,0,2,0,"28.4629° N, 77.0772° E",28.4629,77.0772
flat,dlf the ultima★,sector 81,2.2,10476.0,3,4,3+,17.0,Relatively New,1900.0,0,1,0,0,0,0,49,"28.3867° N, 76.9485° E",28.3867,76.9485
flat,sonata group housing gh,manesar,1.65,5893.0,4,3,3,8.0,New Property,2800.0,0,1,0,0,0,2,20,"28.3515° N, 76.9428° E",28.3515,76.9428
flat,raheja sampada,sector 92,0.65,4745.0,3,2,3,6.0,Relatively New,1240.0,0,0,0,0,0,2,49,"28.4079° N, 76.9153° E",28.4079,76.9153
flat,shree vardhman flora★,sector 90,0.7,5323.0,2,2,3,9.0,New Property,1350.0,1,0,0,0,0,2,0,"28.4085° N, 76.9369° E",28.4085,76.9369
flat,bestech park view residency★,sector 2,0.95,6714.0,2,2,3,1.0,Moderately Old,1281.0,0,0,0,0,0,1,82,"28.5095° N, 77.0320° E",28.5095,77.032
flat,dlf the ultima★,sector 81,2.21,10366.0,3,3,3+,3.0,Relatively New,1881.0,0,1,0,0,0,0,149,"28.3867° N, 76.9485° E",28.3867,76.9485
flat,mm soulitude,sector 89,1.25,8784.0,3,3,0,4.0,New Property,1322.0,0,0,0,0,0,2,0,"28.4253° N, 76.9439° E",28.4253,76.9439
flat,adani mk oyster grande★,sector 102,2.35,8468.0,3,3,3,14.0,Relatively New,2351.0,1,1,0,0,0,1,165,"28.4750° N, 76.9715° E",28.475,76.9715
flat,pivotal devaan,sector 84,0.3,741.0,1,1,1,14.0,New Property,4050.0,0,0,0,0,0,1,22,"28.3979° N, 76.9736° E",28.3979,76.9736
flat,ansal housing highland park,sector 103,1.1,6243.0,3,3,3+,7.0,New Property,1500.0,0,0,0,0,0,2,87,"28.4949° N, 76.9845° E",28.4949,76.9845
flat,corona optus★,sector 37c,1.4,7035.0,3,3,3+,4.0,Relatively New,1890.0,0,1,0,0,0,2,149,"28.4515° N, 76.9882° E",28.4515,76.9882
flat,sbtl caladium,sector 109,1.35,7181.0,3,2,3+,12.0,Relatively New,1477.0,0,0,0,0,0,2,128,"28.5073° N, 77.0089° E",28.5073,77.0089
flat,dlf new town heights ★,sector 90,1.99,7297.0,4,4,3+,9.0,Relatively New,2727.0,0,1,0,1,0,1,102,"28.4085° N, 76.9369° E",28.4085,76.9369
flat,tulip violet★,sector 69,1.75,8883.0,4,4,1,12.0,Relatively New,1783.0,0,0,0,0,0,2,86,"28.3966° N, 77.0341° E",28.3966,77.0341
flat,alpha corp gurgaonone ★,sector 84,1.52,7904.0,3,4,3,15.0,Relatively New,1703.0,0,1,0,0,0,2,92,"28.3979° N, 76.9736° E",28.3979,76.9736
flat,bptp terra★,sector 37d,1.17,8298.0,2,2,2,0.0,Relatively New,1276.0,0,0,0,0,0,2,107,"28.4478° N, 76.9703° E",28.4478,76.9703
flat,sare crescent parc★,sector 92,0.65,4597.0,3,3,3,3.0,Moderately Old,1414.0,0,0,0,0,0,2,44,"28.4079° N, 76.9153° E",28.4079,76.9153
flat,adani aangan arcade,sector 88a,0.45,799.0,2,2,1,8.0,New Property,5634.0,0,0,0,0,0,2,14,"28.4347° N, 76.9557° E",28.4347,76.9557
flat,signature the roselia★,sector 95,0.41,688.0,2,2,2,12.0,New Property,632.0,1,0,0,0,0,1,90,"28.4172° N, 76.9081° E",28.4172,76.9081
flat,ats kocoon,sector 109,1.6,9169.0,3,3,3,10.0,Relatively New,1550.0,0,0,0,0,0,2,86,"28.5073° N, 77.0089° E",28.5073,77.0089
flat,mm the marina★,sector 68,1.0,1389.0,2,2,3,21.0,Relatively New,7200.0,0,0,0,0,0,2,31,"28.3853° N, 77.0484° E",28.3853,77.0484
flat,dlf the skycourt,sector 86,1.5,9740.0,3,3,3+,18.0,Relatively New,1780.0,1,0,0,0,0,2,174,"28.3986° N, 76.9384° E",28.3986,76.9384
flat,spaze privvy the address★,sector 93,1.25,6898.0,3,4,2,12.0,Relatively New,1350.0,0,0,0,0,0,1,96,"28.4153° N, 76.9326° E",28.4153,76.9326
flat,emaar mgf the palm drive★,sector 66,3.45,15682.0,3,4,3,6.0,Relatively New,2000.0,0,1,0,0,0,1,95,"28.3925° N, 77.0541° E",28.3925,77.0541
flat,aipl joy square,sector 63a,0.7,1122.0,1,1,0,7.0,Under Construction,389.0,0,0,0,0,0,2,0,"28.3923° N, 77.0888° E",28.3923,77.0888
flat,godrej oasis★,sector 88a,1.45,8082.0,3,3,3,12.0,Relatively New,1794.0,0,0,0,0,0,2,49,"28.4347° N, 76.9557° E",28.4347,76.9557
flat,vatika independent floors★,sector 82,1.45,8056.0,4,3,0,1.0,Relatively New,1800.0,0,0,0,0,0,2,0,"28.3935° N, 76.9600° E",28.3935,76.96
flat,emaar mgf the palm drive★,sector 66,3.0,14286.0,4,5,3+,10.0,Relatively New,2100.0,0,1,0,0,0,1,49,"28.3925° N, 77.0541° E",28.3925,77.0541
flat,bestech park view residency★,sector 2,0.56,959.0,1,2,2,7.0,Moderately Old,5841.0,0,0,0,0,0,2,92,"28.5095° N, 77.0320° E",28.5095,77.032
flat,bptp terra★,sector 37d,1.8,8215.0,4,3,3,18.0,Relatively New,2025.0,1,1,0,1,0,2,49,"28.4478° N, 76.9703° E",28.4478,76.9703
flat,suncity vatsal valley,sector 12,1.28,9552.0,3,3,3,1.0,Relatively New,1340.0,0,0,0,0,0,1,49,"28.4723° N, 77.0320° E",28.4723,77.032
flat,sobha city,sector 108,2.45,14040.0,3,3,3,15.0,Relatively New,1460.0,0,0,0,0,0,2,49,"28.5134° N, 76.9830° E",28.5134,76.983
flat,indiabulls enigma,sector 110,3.6,10588.0,4,5,3,7.0,Relatively New,3077.0,0,1,0,0,0,2,165,"28.5145° N, 77.0197° E",28.5145,77.0197
flat,pyramid urban homes,sector 86,0.41,920.0,2,2,1,7.0,New Property,4455.0,1,1,0,1,1,2,49,"28.3986° N, 76.9384° E",28.3986,76.9384
flat,sare crescent parc★,sector 92,0.66,4977.0,3,2,2,15.0,Relatively New,1326.0,0,0,0,0,0,0,44,"28.4079° N, 76.9153° E",28.4079,76.9153
flat,antriksh heights★,sector 84,0.73,6083.0,2,2,3+,4.0,Relatively New,1026.0,1,0,1,1,0,2,158,"28.3979° N, 76.9736° E",28.3979,76.9736
flat,mariners home,sector 56,2.11,8612.0,3,2,3,4.0,Relatively New,2250.0,0,0,0,0,1,1,126,"28.4245° N, 77.0991° E",28.4245,77.0991
flat,raheja vedaanta★,sector 108,0.7,4522.0,2,2,3,1.0,Relatively New,1333.0,0,0,0,0,0,2,0,"28.5134° N, 76.9830° E",28.5134,76.983
flat,supertech araville,sector 79,1.35,9000.0,2,2,3,6.0,New Property,1350.0,1,0,0,0,1,1,88,"28.3624° N, 76.9787° E",28.3624,76.9787
flat,tulip violet★,sector 69,1.66,10134.0,3,3,2,0.0,Relatively New,1482.0,0,0,0,0,0,2,157,"28.3966° N, 77.0341° E",28.3966,77.0341
flat,sare homes,sector 92,0.71,5354.0,3,3,3,2.0,Relatively New,1326.0,0,0,0,1,0,2,108,"28.4079° N, 76.9153° E",28.4079,76.9153
flat,emaar palm gardens★,sector 83,1.55,9012.0,3,3,3,4.0,Relatively New,1400.0,0,1,0,0,0,1,174,"28.3986° N, 76.9647° E",28.3986,76.9647
flat,sare crescent parc★,sector 92,0.87,4971.0,4,4,2,2.0,Moderately Old,1584.0,0,0,1,0,0,0,115,"28.4079° N, 76.9153° E",28.4079,76.9153
flat,orris carnation residency★,sector 85,0.8,4857.0,3,4,3,4.0,Relatively New,1390.0,0,1,0,0,0,1,40,"28.4042° N, 76.9513° E",28.4042,76.9513
flat,spaze privvy the address★,sector 93,1.25,5700.0,4,4,3,16.0,Relatively New,1889.0,0,0,0,0,0,2,0,"28.4153° N, 76.9326° E",28.4153,76.9326
flat,ats kocoon,sector 109,2.2,10501.0,3,4,3,13.0,Relatively New,1860.0,0,1,0,0,0,2,165,"28.5073° N, 77.0089° E",28.5073,77.0089
flat,hsiidc sidco aravali,manesar,0.81,3129.0,3,3,3+,2.0,Moderately Old,1900.0,0,1,0,0,0,2,74,"28.3515° N, 76.9428° E",28.3515,76.9428
flat,bestech park view ananda★,sector 81,1.4,7735.0,3,3,3+,6.0,Relatively New,1475.0,0,0,0,0,0,2,95,"28.3867° N, 76.9485° E",28.3867,76.9485
flat,emaar mgf the palm drive★,sector 66,3.0,15385.0,3,3,2,12.0,Relatively New,1950.0,0,1,0,0,0,2,96,"28.3925° N, 77.0541° E",28.3925,77.0541
flat,sobha city,sector 108,3.25,15685.0,3,3,3,12.0,Relatively New,2072.0,0,0,0,0,0,2,99,"28.5134° N, 76.9830° E",28.5134,76.983
flat,mm woodshire★,sector 107,1.3,10815.0,3,3,3,7.0,Relatively New,1547.0,0,0,0,1,0,2,89,"28.5052° N, 76.9729° E",28.5052,76.9729
flat,mm soulitude,sector 89,1.3,8701.0,3,3,2,1.0,New Property,1179.0,0,0,0,0,1,2,45,"28.4253° N, 76.9439° E",28.4253,76.9439
flat,shree vardhman flora★,sector 90,0.64,4923.0,2,2,3,6.0,Old Property,1199.0,1,0,0,0,0,2,103,"28.4085° N, 76.9369° E",28.4085,76.9369
flat,sobha city,sector 108,2.4,17379.0,2,2,2,14.0,New Property,1250.0,0,0,0,0,0,1,113,"28.5134° N, 76.9830° E",28.5134,76.983
flat,mm golfestate★,sector 65,5.2,17456.0,3,3,3,18.0,Relatively New,2696.0,1,1,0,0,0,1,76,"28.4030° N, 77.0690° E",28.403,77.069
flat,tulip violet★,sector 69,1.66,8409.0,4,4,1,12.0,Relatively New,1783.0,0,0,0,1,0,2,102,"28.3966° N, 77.0341° E",28.3966,77.0341
flat,pyramid elite,sector 86,0.45,871.0,2,2,1,12.0,Under Construction,5166.0,0,0,0,0,0,2,30,"28.3986° N, 76.9384° E",28.3986,76.9384
flat,residency grand,sector 52,5.0,7692.0,5,7,3+,1.0,Moderately Old,6500.0,0,1,0,1,0,2,77,"28.4379° N, 77.0785° E",28.4379,77.0785
flat,sobha city,sector 108,3.95,16859.0,4,5,3,25.0,Relatively New,2556.0,0,0,0,0,0,2,59,"28.5134° N, 76.9830° E",28.5134,76.983
flat,la vida by tata housing,sector 113,1.5,11755.0,2,2,2,13.0,New Property,1276.0,0,0,0,0,0,2,71,"28.5287° N, 77.0233° E",28.5287,77.0233
flat,umang monsoon breeze,sector 78,0.88,4746.0,3,4,3,8.0,Moderately Old,1668.0,0,1,0,1,0,2,111,"28.3733° N, 76.9729° E",28.3733,76.9729
flat,shapoorji pallonji joyville gurugram,sector 102,1.6,11696.0,2,2,3,14.0,Moderately Old,1368.0,0,0,0,0,0,2,0,"28.4750° N, 76.9715° E",28.475,76.9715
flat,cghs rail vihar★,sector 15,1.4,10769.0,4,3,3,3.0,Old Property,1300.0,0,0,0,0,0,1,81,"28.4621° N, 77.0464° E",28.4621,77.0464
flat,emaar palm gardens★,sector 83,1.75,9211.0,3,3,3,6.0,Relatively New,1549.0,0,1,0,0,0,1,105,"28.3986° N, 76.9647° E",28.3986,76.9647
flat,mm the marina★,sector 68,2.22,14323.0,3,2,3,4.0,Relatively New,1403.0,0,0,0,0,0,2,44,"28.3853° N, 77.0484° E",28.3853,77.0484
flat,bestech park view city ★,sector 49,2.9,12170.0,4,4,3+,5.0,Moderately Old,2157.0,0,1,0,0,0,2,117,"28.4121° N, 77.0480° E",28.4121,77.048
flat,dlf the skycourt★,sector 86,1.6,8294.0,3,3,3+,9.0,Relatively New,1548.0,0,0,0,0,1,1,167,"28.3986° N, 76.9384° E",28.3986,76.9384
flat,the close north★,sector 50,2.51,11992.0,3,3,3,11.0,Moderately Old,2093.0,0,0,1,1,0,1,109,"28.4178° N, 77.0628° E",28.4178,77.0628
flat,conscient heritage max★,sector 102,2.5,11633.0,3,4,3+,25.0,New Property,1945.0,1,1,0,0,0,1,56,"28.4750° N, 76.9715° E",28.475,76.9715
flat,apartment,sector 92,0.75,4688.0,3,4,3,2.0,Moderately Old,1600.0,1,0,0,0,0,2,113,"28.4079° N, 76.9153° E",28.4079,76.9153
flat,guru gram haryana cghs★,sector 56,1.38,7225.0,3,3,3,5.0,Moderately Old,1910.0,1,0,0,0,0,1,134,"28.4245° N, 77.0991° E",28.4245,77.0991
flat,umang monsoon breeze,sector 78,1.2,6494.0,3,3,2,8.0,Moderately Old,2045.0,0,0,0,1,0,0,8,"28.3733° N, 76.9729° E",28.3733,76.9729
flat,raheja vanya,sector 99a,0.59,3976.0,2,2,3,1.0,Under Construction,1133.0,0,0,0,0,1,2,96,"28.4561° N, 76.9542° E",28.4561,76.9542
flat,ramsons kshitij★,sector 95,0.45,510.0,2,2,1,2.0,Relatively New,887.0,1,0,0,0,0,2,89,"28.4172° N, 76.9081° E",28.4172,76.9081
flat,la vida by tata housing,sector 113,1.9,18500.0,3,2,2,10.0,Relatively New,1285.0,0,0,0,1,0,1,174,"28.5287° N, 77.0233° E",28.5287,77.0233
flat,whiteland blissville,sector 76,1.9,11364.0,3,3,2,0.0,Under Construction,1513.0,0,0,0,0,0,2,61,"28.3935° N, 76.9888° E",28.3935,76.9888
flat,tulip yellow,sector 69,1.8,10563.0,3,3,3,14.0,Under Construction,1704.0,0,0,0,0,0,2,49,"28.3966° N, 77.0341° E",28.3966,77.0341
flat,godrej summit★,sector 104,1.35,5015.0,4,5,3+,0.0,Relatively New,2692.0,1,1,1,1,0,2,88,"28.4788° N, 76.9960° E",28.4788,76.996
flat,dlf new town heights ★,sector 86,1.55,6579.0,4,4,3+,12.0,Moderately Old,2038.0,0,1,0,1,0,1,120,"28.3986° N, 76.9384° E",28.3986,76.9384
flat,whiteland blissville,sector 76,1.92,11497.0,3,3,2,2.0,Under Construction,1044.0,0,0,0,0,0,2,61,"28.3935° N, 76.9888° E",28.3935,76.9888
flat,dlf park place★,sector 54,5.75,24689.0,3,4,3,12.0,Relatively New,2329.0,0,1,0,0,0,0,174,"28.4348° N, 77.1089° E",28.4348,77.1089
flat,dlf the skycourt★,sector 86,1.58,8191.0,3,3,1,16.0,Relatively New,1750.0,0,0,0,1,0,1,152,"28.3986° N, 76.9384° E",28.3986,76.9384
flat,sobha city,sector 108,2.6,15196.0,3,3,2,8.0,Relatively New,1711.0,0,0,0,0,0,2,99,"28.5134° N, 76.9830° E",28.5134,76.983
flat,sidhivinayak apartments,sector 55,1.9,10556.0,4,3,3+,9.0,Moderately Old,1800.0,0,0,0,1,0,0,35,"28.4281° N, 77.1100° E",28.4281,77.11
flat,la vida by tata housing,sector 113,1.75,10492.0,2,2,3,10.0,Relatively New,1424.0,1,0,0,0,0,2,93,"28.5287° N, 77.0233° E",28.5287,77.0233
flat,bestech park view spa next★,sector 67,2.32,11990.0,3,4,3+,14.0,Moderately Old,1764.0,0,1,0,0,0,1,59,"28.3859° N, 77.0608° E",28.3859,77.0608
flat,prasha apartments,manesar,0.75,3308.0,3,3,3+,3.0,Moderately Old,1914.0,0,1,0,0,0,2,31,"28.3515° N, 76.9428° E",28.3515,76.9428
flat,corona gracieux,sector 76,1.08,5510.0,3,3,3,1.0,New Property,1774.0,0,1,0,0,0,2,58,"28.3935° N, 76.9888° E",28.3935,76.9888
flat,bestech park view grand spa★,sector 81,4.0,9524.0,4,5,3+,15.0,Relatively New,3801.0,0,1,0,0,0,1,127,"28.3867° N, 76.9485° E",28.3867,76.9485
flat,godrej air,sector 85,1.4,10000.0,2,2,3,23.0,Relatively New,1000.0,0,0,0,0,0,2,44,"28.4042° N, 76.9513° E",28.4042,76.9513
flat,shapoorji pallonji joyville gurugram,sector 102,0.95,1154.0,2,2,2,14.0,Relatively New,953.0,0,0,0,0,0,2,0,"28.4750° N, 76.9715° E",28.475,76.9715
flat,emaar palm gardens★,sector 83,1.48,7789.0,3,3,3,7.0,Relatively New,1549.0,0,1,0,0,0,2,66,"28.3986° N, 76.9647° E",28.3986,76.9647
flat,pareena coban residences,sector 99a,1.02,8793.0,2,2,3,3.0,Relatively New,1430.0,1,0,0,0,0,2,174,"28.4561° N, 76.9542° E",28.4561,76.9542
flat,pareena coban residences,sector 99a,1.45,7261.0,3,5,3,11.0,Relatively New,1807.0,0,1,0,0,1,1,49,"28.4561° N, 76.9542° E",28.4561,76.9542
flat,godrej habitat,sector 3,1.3,9003.0,2,2,2,6.0,Under Construction,1444.0,0,0,0,0,0,2,36,"28.4909° N, 77.0176° E",28.4909,77.0176
flat,godrej ★,sector 79,1.12,7147.0,2,2,3,6.0,Relatively New,1325.0,1,0,0,0,0,2,49,"28.3624° N, 76.9787° E",28.3624,76.9787
flat,microtek greenburg★,sector 86,1.93,8446.0,3,4,3,12.0,Relatively New,2068.0,0,1,0,0,0,2,72,"28.3986° N, 76.9384° E",28.3986,76.9384
flat,mm woodshire★,sector 107,1.45,6141.0,3,4,3+,7.0,Relatively New,1900.0,0,1,0,0,0,2,67,"28.5052° N, 76.9729° E",28.5052,76.9729
flat,ansals duplex flat,sector 2,0.95,7308.0,2,3,2,1.0,Old Property,1300.0,1,0,0,0,0,1,20,"28.5095° N, 77.0320° E",28.5095,77.032
flat,bestech park view ananda★,sector 81,1.1,6687.0,3,2,3+,5.0,Relatively New,1319.0,0,0,0,0,0,2,150,"28.3867° N, 76.9485° E",28.3867,76.9485
flat,tulip violet★,sector 69,1.38,8973.0,3,3,1,12.0,Relatively New,1392.0,0,0,0,0,0,2,157,"28.3966° N, 77.0341° E",28.3966,77.0341
flat,parsvnath exotica★,sector 53,6.44,19003.0,4,4,3,7.0,Moderately Old,3068.0,0,1,0,0,0,1,80,"28.4433° N, 77.0948° E",28.4433,77.0948
flat,corona optus★,sector 37c,1.2,6916.0,3,4,3,8.0,Relatively New,1635.0,0,0,0,0,0,2,149,"28.4515° N, 76.9882° E",28.4515,76.9882
flat,tarc maceo★,sector 91,1.4,7407.0,3,3,3+,7.0,Relatively New,1700.0,0,0,0,0,0,2,76,"28.4014° N, 76.9225° E",28.4014,76.9225
flat,vatika gurgaon ★,sector 83,0.78,6265.0,2,2,2,3.0,Relatively New,850.0,1,0,0,1,0,1,165,"28.3986° N, 76.9647° E",28.3986,76.9647
flat,shapoorji pallonji joyville gurugram★,sector 102,2.0,10799.0,3,3,3,9.0,Relatively New,1676.0,0,0,0,0,0,2,49,"28.4750° N, 76.9715° E",28.475,76.9715
flat,ats triumph★,sector 104,4.45,6846.0,4,5,3+,27.0,Relatively New,6500.0,0,0,0,0,0,2,110,"28.4788° N, 76.9960° E",28.4788,76.996
flat,rof ananda,sector 95,0.2,607.0,1,1,1,10.0,Relatively New,3294.0,0,0,0,0,0,2,82,"28.4172° N, 76.9081° E",28.4172,76.9081
flat,sonata group housing society sector manesar,sector 1,1.75,6250.0,4,4,3,8.0,New Property,2800.0,0,1,0,0,0,2,29,"28.3663° N, 76.9456° E",28.3663,76.9456
flat,the close north★,sector 50,2.7,10365.0,3,3,3+,6.0,Moderately Old,2400.0,0,1,0,0,0,2,174,"28.4178° N, 77.0628° E",28.4178,77.0628
flat,greenopolis,sector 89,0.9,4700.0,3,3,0,14.0,Under Construction,1915.0,0,0,0,0,0,2,67,"28.4253° N, 76.9439° E",28.4253,76.9439
flat,indiabulls centrum park★,sector 103,1.32,7788.0,3,3,3+,6.0,Relatively New,1300.0,1,0,0,0,0,2,49,"28.4949° N, 76.9845° E",28.4949,76.9845
flat,la vida by tata housing,sector 113,1.5,11755.0,2,2,2,13.0,New Property,1155.0,0,0,0,0,0,2,60,"28.5287° N, 77.0233° E",28.5287,77.0233
flat,elan the presidential,sector 106,3.9,15918.0,3,3,0,20.0,Relatively New,2450.0,0,0,0,0,0,2,66,"28.5007° N, 77.0003° E",28.5007,77.0003
flat,tulip ivory★,sector 70,5.0,10417.0,6,7,3+,0.0,Relatively New,4800.0,1,1,0,0,0,2,119,"28.3968° N, 77.0233° E",28.3968,77.0233
flat,chd avenue ★,sector 71,0.95,7917.0,2,2,0,5.0,Moderately Old,1200.0,0,0,0,0,0,2,0,"28.4104° N, 77.0281° E",28.4104,77.0281
flat,mm skywalk,sector 74,1.6,11380.0,2,2,2,28.0,New Property,1272.0,0,0,0,0,0,2,15,"28.4158° N, 77.0118° E",28.4158,77.0118
flat,shree balaji appartment,sector 33,0.4,556.0,2,2,2,1.0,Relatively New,724.0,0,0,0,0,0,0,0,"28.4420° N, 77.0207° E",28.442,77.0207
flat,bestech park view residency★,sector 2,0.95,6709.0,2,2,3,10.0,Old Property,1416.0,0,0,0,0,0,1,88,"28.5095° N, 77.0320° E",28.5095,77.032
flat,ireo skyon★,sector 60,3.8,13571.0,4,5,3,15.0,Moderately Old,2791.0,0,1,0,0,0,1,145,"28.4003° N, 77.0975° E",28.4003,77.0975
flat,unitech the residences★,sector 33,1.55,9873.0,3,4,1,1.0,Relatively New,1421.0,0,1,0,0,0,2,37,"28.4420° N, 77.0207° E",28.442,77.0207
flat,shyam sadan,sector 12,0.55,719.0,2,2,1,4.0,Relatively New,7650.0,1,0,0,0,0,1,69,"28.4723° N, 77.0320° E",28.4723,77.032
flat,emaar mgf emerald floors premier★,sector 65,2.7,16364.0,3,3,3,5.0,Relatively New,1650.0,0,1,1,0,0,1,108,"28.4030° N, 77.0690° E",28.403,77.069
flat,shree vardhman flora★,sector 90,0.92,4718.0,3,3,2,6.0,Relatively New,1950.0,1,0,0,0,0,1,49,"28.4085° N, 76.9369° E",28.4085,76.9369
flat,signature global solera★,sector 107,0.3,682.0,2,2,1,5.0,Relatively New,544.0,0,0,0,0,0,2,57,"28.5052° N, 76.9729° E",28.5052,76.9729
flat,birla navya,sector 63a,3.15,14631.0,3,3,3,4.0,Under Construction,2153.0,0,0,0,0,1,2,44,"28.3923° N, 77.0888° E",28.3923,77.0888
flat,ss the leaf★,sector 85,2.03,7229.0,4,4,3+,3.0,Relatively New,2225.0,0,0,0,0,1,2,49,"28.4042° N, 76.9513° E",28.4042,76.9513
flat,mm woodshire★,sector 107,1.29,8836.0,3,3,3+,1.0,Relatively New,1690.0,0,0,0,1,0,1,174,"28.5052° N, 76.9729° E",28.5052,76.9729
flat,today callidora,sector 73,0.9,5549.0,3,3,3,3.0,Under Construction,1622.0,0,1,0,0,0,2,63,"28.4072° N, 77.0118° E",28.4072,77.0118
flat,umang monsoon breeze,sector 78,1.05,5666.0,3,3,3,6.0,Moderately Old,1544.0,0,0,0,0,0,2,0,"28.3733° N, 76.9729° E",28.3733,76.9729
flat,vatika lifestyle homes★,sector 83,1.15,8214.0,3,3,1,7.0,Moderately Old,1607.0,0,0,0,0,0,1,95,"28.3986° N, 76.9647° E",28.3986,76.9647
flat,shree arihant apartment,sector 54,1.55,8611.0,3,3,3,3.0,Moderately Old,1900.0,0,1,0,0,0,1,109,"28.4348° N, 77.1089° E",28.4348,77.1089
flat,smart world orchard,sector 61,1.57,13652.0,2,2,2,3.0,New Property,1150.0,1,0,0,0,1,2,71,"28.4050° N, 77.0963° E",28.405,77.0963
flat,signature global solera,sector 107,0.37,742.0,2,2,2,9.0,New Property,4986.0,0,0,0,0,0,2,23,"28.5052° N, 76.9729° E",28.5052,76.9729
flat,vatika gurgaon ★,sector 83,1.15,5808.0,3,3,2,3.0,Relatively New,1350.0,1,1,1,1,0,1,165,"28.3986° N, 76.9647° E",28.3986,76.9647
flat,mm the marina★,sector 68,1.45,9615.0,3,2,3+,9.0,New Property,1365.0,0,0,0,0,0,2,0,"28.3853° N, 77.0484° E",28.3853,77.0484
flat,pareena laxmi apartments★,sector 99a,0.32,643.0,2,2,2,11.0,New Property,502.0,0,0,0,0,0,2,66,"28.4561° N, 76.9542° E",28.4561,76.9542
flat,emaar mgf emerald floors premier★,sector 65,2.24,13576.0,3,3,3,2.0,Relatively New,1650.0,1,1,0,0,0,2,46,"28.4030° N, 77.0690° E",28.403,77.069
flat,mm skywalk,sector 74,1.57,11002.0,2,2,3+,10.0,Relatively New,1300.0,0,0,0,0,1,2,137,"28.4158° N, 77.0118° E",28.4158,77.0118
flat,professors enclave cghs,sector 56,1.55,7750.0,3,3,3+,6.0,Moderately Old,1810.0,0,1,0,0,0,1,49,"28.4245° N, 77.0991° E",28.4245,77.0991
flat,tulip violet★,sector 69,1.4,8929.0,3,3,1,12.0,Relatively New,1419.0,0,0,0,0,0,2,157,"28.3966° N, 77.0341° E",28.3966,77.0341
flat,signature global city,sector 92,0.78,894.0,2,2,2,2.0,New Property,1083.0,0,0,0,0,0,1,47,"28.4079° N, 76.9153° E",28.4079,76.9153
flat,emaar palm gardens★,sector 83,1.72,9053.0,3,3,3,4.0,Relatively New,1600.0,0,1,0,0,0,1,165,"28.3986° N, 76.9647° E",28.3986,76.9647
flat,sare homes,sector 92,0.58,4099.0,3,3,3,3.0,New Property,1281.0,0,0,0,0,0,2,54,"28.4079° N, 76.9153° E",28.4079,76.9153
flat,emaar mgf the palm drive★,sector 66,3.5,16471.0,3,4,3,6.0,Relatively New,2150.0,0,1,0,0,0,2,68,"28.3925° N, 77.0541° E",28.3925,77.0541
flat,adani mk oyster grande★,sector 102,4.55,10000.0,4,4,3+,11.0,Relatively New,4630.0,0,0,0,0,0,1,60,"28.4750° N, 76.9715° E",28.475,76.9715
flat,dlf the ultima★,sector 81,2.7,12802.0,3,3,3,15.0,Relatively New,2109.0,0,1,0,0,0,1,49,"28.3867° N, 76.9485° E",28.3867,76.9485
flat,tata primanti★,sector 72,5.25,15648.0,4,4,3+,30.0,New Property,3000.0,0,1,0,0,0,1,174,"28.4225° N, 77.0211° E",28.4225,77.0211
flat,tarc maceo★,sector 91,1.8,7759.0,3,3,3+,0.0,Relatively New,2320.0,0,0,0,1,0,0,45,"28.4014° N, 76.9225° E",28.4014,76.9225
flat,raheja vedaanta★,sector 108,0.85,4637.0,3,3,2,2.0,Relatively New,1500.0,0,1,0,0,0,2,65,"28.5134° N, 76.9830° E",28.5134,76.983
flat,mm heights,sector 65,3.0,17996.0,3,3,3,20.0,Under Construction,1667.0,0,0,0,0,0,2,60,"28.4030° N, 77.0690° E",28.403,77.069
flat,mm skycity,sector 65,2.1,16031.0,2,2,2,43.0,New Property,1186.0,0,0,0,0,0,2,127,"28.4030° N, 77.0690° E",28.403,77.069
flat,conscient elevate,sector 59,3.78,16499.0,3,3,3,3.0,Under Construction,2291.0,0,0,0,0,0,2,31,"28.4051° N, 77.1097° E",28.4051,77.1097
flat,signature global solera★,sector 107,0.38,704.0,2,2,2,3.0,Relatively New,627.0,0,0,0,0,0,0,23,"28.5052° N, 76.9729° E",28.5052,76.9729
flat,ireo skyon★,sector 60,3.05,12788.0,3,3,3,9.0,Relatively New,2300.0,0,1,0,0,0,1,165,"28.4003° N, 77.0975° E",28.4003,77.0975
flat,assotech blith,sector 99,0.82,6007.0,2,2,3,0.0,New Property,1365.0,0,0,0,0,0,2,51,"28.4640° N, 76.9614° E",28.464,76.9614
flat,kendriya vihar,sector 56,0.65,957.0,1,1,1,0.0,Moderately Old,6795.0,0,0,0,0,0,2,143,"28.4245° N, 77.0991° E",28.4245,77.0991
flat,apna enclave,sector 3,0.8,6154.0,3,3,1,0.0,Old Property,1000.0,0,0,0,0,0,2,0,"28.4909° N, 77.0176° E",28.4909,77.0176
flat,mm crown,sector 111,4.67,17000.0,4,4,3+,8.0,Under Construction,2747.0,0,0,0,0,0,2,0,"28.5238° N, 77.0320° E",28.5238,77.032
flat,corona optus★,sector 37c,1.44,7251.0,3,3,3+,8.0,New Property,1986.0,0,1,0,0,0,2,37,"28.4515° N, 76.9882° E",28.4515,76.9882
flat,signature global solera★,sector 107,0.28,636.0,2,2,2,6.0,Relatively New,4401.0,0,0,0,0,0,2,45,"28.5052° N, 76.9729° E",28.5052,76.9729
flat,mittal cosmos executive apartments★,sector 2,0.75,6550.0,2,2,2,15.0,Old Property,1100.0,0,0,0,0,0,1,42,"28.5095° N, 77.0320° E",28.5095,77.032
flat,puri emerald bay★,sector 104,1.8,8824.0,2,3,3,23.0,New Property,1538.0,0,1,0,0,0,2,36,"28.4788° N, 76.9960° E",28.4788,76.996
flat,the close north★,sector 50,2.65,11277.0,3,3,3+,3.0,Moderately Old,2491.0,0,1,0,0,0,2,174,"28.4178° N, 77.0628° E",28.4178,77.0628
flat,mm golfestate★,sector 65,7.0,18182.0,3,3,2,12.0,Moderately Old,3850.0,0,0,1,0,0,2,60,"28.4030° N, 77.0690° E",28.403,77.069
flat,tulip violet★,sector 69,1.85,9204.0,4,4,2,14.0,Relatively New,1819.0,0,0,0,0,0,1,157,"28.3966° N, 77.0341° E",28.3966,77.0341
flat,belgravia resort residences,sector 48,3.45,18459.0,3,3,3,14.0,Moderately Old,1869.0,0,0,0,0,0,2,0,"28.4177° N, 77.0359° E",28.4177,77.0359
flat,ireo the corridors,sector 67a,2.0,11581.0,3,3,2,6.0,Under Construction,1346.0,0,0,0,0,1,2,15,"28.3960° N, 77.0372° E",28.396,77.0372
flat,emaar gurgaon greens★,sector 102,1.35,8182.0,3,3,3,5.0,Relatively New,1315.0,0,1,0,0,0,2,119,"28.4750° N, 76.9715° E",28.475,76.9715
flat,experion the heartsong★,sector 108,1.36,6542.0,3,2,3+,2.0,Relatively New,1343.0,1,1,0,0,0,1,77,"28.5134° N, 76.9830° E",28.5134,76.983
flat,dlf new town heights★,sector 91,1.65,6346.0,4,4,3+,11.0,Moderately Old,2139.0,0,1,0,0,0,2,72,"28.4014° N, 76.9225° E",28.4014,76.9225
flat,ss the leaf★,sector 85,2.1,7468.0,4,4,3,7.0,Relatively New,2600.0,1,1,0,1,0,2,49,"28.4042° N, 76.9513° E",28.4042,76.9513
flat,emaar emerald hills★,sector 65,1.95,13929.0,3,3,3+,1.0,New Property,1400.0,0,0,1,0,0,0,117,"28.4030° N, 77.0690° E",28.403,77.069
flat,pioneer araya★,sector 62,9.14,19488.0,4,6,3,16.0,Relatively New,3932.0,1,1,1,0,0,1,146,"28.4139° N, 77.0886° E",28.4139,77.0886
flat,unitech fresco★,sector 50,1.14,8533.0,2,2,2,19.0,Moderately Old,1330.0,0,0,0,0,1,1,174,"28.4178° N, 77.0628° E",28.4178,77.0628
flat,signature global solera,sector 107,0.5,992.0,2,2,2,13.0,New Property,5040.0,0,0,0,0,0,2,8,"28.5052° N, 76.9729° E",28.5052,76.9729
flat,emaar palm premier,sector 77,2.1,10500.0,3,4,3+,11.0,New Property,1600.0,0,1,0,0,0,1,129,"28.3801° N, 76.9845° E",28.3801,76.9845
flat,umang monsoon breeze,sector 78,0.9,4615.0,3,3,2,1.0,Moderately Old,1900.0,0,1,0,1,0,2,65,"28.3733° N, 76.9729° E",28.3733,76.9729
flat,ansal housing highland park,sector 103,0.8,5878.0,2,2,2,9.0,Relatively New,1444.0,0,0,0,0,0,2,0,"28.4949° N, 76.9845° E",28.4949,76.9845
flat,palam vihar society,sector 2,0.4,956.0,1,1,1,5.0,Moderately Old,450.0,0,0,0,0,0,1,39,"28.5095° N, 77.0320° E",28.5095,77.032
flat,smartworld dxp,sector 113,2.75,10589.0,4,4,3+,20.0,Under Construction,2597.0,1,1,0,1,0,0,57,"28.5287° N, 77.0233° E",28.5287,77.0233
flat,alpha corp gurgaonone ★,sector 84,2.24,6523.0,4,4,3,12.0,Relatively New,3165.0,0,1,0,0,0,2,20,"28.3979° N, 76.9736° E",28.3979,76.9736
flat,dlf new town heights★,sector 91,2.0,6966.0,4,4,3+,16.0,Moderately Old,2468.0,1,1,0,1,0,2,65,"28.4014° N, 76.9225° E",28.4014,76.9225
flat,shree vardhman victoria★,sector 70,1.62,13953.0,3,3,3,9.0,Relatively New,1527.0,0,1,0,0,0,2,96,"28.3968° N, 77.0233° E",28.3968,77.0233
flat,tulip violet★,sector 69,1.76,8756.0,4,4,2,6.0,Relatively New,1819.0,0,0,0,0,0,2,108,"28.3966° N, 77.0341° E",28.3966,77.0341
flat,bestech park view city ★,sector 49,2.7,12506.0,3,4,3+,6.0,Moderately Old,2159.0,0,0,0,0,0,2,0,"28.4121° N, 77.0480° E",28.4121,77.048
flat,signature global city,sector 92,0.99,6622.0,3,2,3,1.0,New Property,1495.0,0,0,0,0,1,2,37,"28.4079° N, 76.9153° E",28.4079,76.9153
flat,mm merlin★,sector 67,2.98,14558.0,3,3,3,0.0,Relatively New,2047.0,0,0,0,0,1,1,49,"28.3859° N, 77.0608° E",28.3859,77.0608
flat,conscient elevate,sector 59,4.25,18519.0,3,4,3,3.0,Under Construction,2077.0,0,0,0,0,0,2,0,"28.4051° N, 77.1097° E",28.4051,77.1097
flat,signature global solera★,sector 107,0.36,664.0,2,2,1,7.0,Relatively New,598.0,0,0,0,0,1,2,49,"28.5052° N, 76.9729° E",28.5052,76.9729
flat,experion windchants★,sector 112,5.6,11551.0,4,6,3+,8.0,Relatively New,3655.35,0,1,0,0,0,1,168,"28.5189° N, 77.0183° E",28.5189,77.0183
flat,godrej aria★,sector 79,1.95,8519.0,3,4,3+,10.0,New Property,1659.0,0,1,0,0,0,2,32,"28.3624° N, 76.9787° E",28.3624,76.9787
flat,ild greens★,sector 37c,0.78,5714.0,2,2,3,1.0,Moderately Old,1068.1,0,0,0,0,0,1,103,"28.4515° N, 76.9882° E",28.4515,76.9882
flat,ss the leaf★,sector 85,1.77,7350.0,3,4,3,6.0,Moderately Old,1450.0,0,1,0,0,0,1,135,"28.4042° N, 76.9513° E",28.4042,76.9513
flat,hsiidc sidco aravali,manesar,0.9,3478.0,3,3,3,2.0,Old Property,1900.0,0,1,0,0,0,0,21,"28.3515° N, 76.9428° E",28.3515,76.9428
flat,experion the heartsong★,sector 108,0.98,1483.0,2,3,3,4.0,Relatively New,978.23,1,0,0,0,0,2,135,"28.5134° N, 76.9830° E",28.5134,76.983
flat,sbtl caladium,sector 109,1.88,6154.0,4,5,3,10.0,Relatively New,2765.0,0,0,0,0,0,2,110,"28.5073° N, 77.0089° E",28.5073,77.0089
flat,sare homes,sector 92,0.68,5239.0,3,3,2,11.0,Relatively New,1298.0,0,0,0,1,0,2,100,"28.4079° N, 76.9153° E",28.4079,76.9153
flat,ss the leaf★,sector 85,1.2,9677.0,2,2,3+,9.0,Relatively New,1491.0,0,0,1,0,0,2,148,"28.4042° N, 76.9513° E",28.4042,76.9513
flat,dlf the ultima★,sector 81,2.5,11726.0,3,3,2,4.0,Relatively New,2130.0,0,1,0,0,0,0,82,"28.3867° N, 76.9485° E",28.3867,76.9485
flat,pyramid urban homes,sector 86,0.41,767.0,2,2,1,3.0,Relatively New,5346.0,0,0,0,0,0,2,63,"28.3986° N, 76.9384° E",28.3986,76.9384
flat,dlf regal gardens★,sector 90,1.75,7901.0,4,4,3+,3.0,Relatively New,2005.0,0,0,0,0,1,2,6,"28.4085° N, 76.9369° E",28.4085,76.9369
flat,la vida by tata housing,sector 113,3.35,16750.0,3,4,3+,12.0,New Property,2200.0,1,1,0,0,0,2,174,"28.5287° N, 77.0233° E",28.5287,77.0233
flat,mapsko mount ville★,sector 79,1.2,8054.0,3,3,3,9.0,Relatively New,1321.0,1,0,0,0,0,1,104,"28.3624° N, 76.9787° E",28.3624,76.9787
flat,sobha city,sector 108,3.95,16859.0,3,5,2,15.0,New Property,2343.0,0,1,0,0,0,2,118,"28.5134° N, 76.9830° E",28.5134,76.983
flat,madhur jeevan apartments,sector 56,1.59,8595.0,4,3,3+,3.0,Old Property,1900.0,0,0,0,0,1,1,33,"28.4245° N, 77.0991° E",28.4245,77.0991
flat,orris aster court,sector 85,0.67,5826.0,2,2,2,5.0,Relatively New,1250.0,0,0,0,0,1,1,174,"28.4042° N, 76.9513° E",28.4042,76.9513
flat,shapoorji pallonji joyville gurugram★,sector 102,2.12,11447.0,3,3,3,9.0,New Property,1571.0,0,0,0,0,0,2,109,"28.4750° N, 76.9715° E",28.475,76.9715
flat,vipul belmonte★,sector 53,6.0,24490.0,3,4,3+,6.0,Moderately Old,2217.0,0,1,0,0,1,1,26,"28.4433° N, 77.0948° E",28.4433,77.0948
flat,sare crescent parc★,sector 92,1.44,7069.0,4,4,3,8.0,Relatively New,2037.0,0,0,0,0,0,2,37,"28.4079° N, 76.9153° E",28.4079,76.9153
flat,bestech park view sanskruti★,sector 92,1.42,7760.0,3,3,2,10.0,Relatively New,1738.0,0,0,0,0,0,2,117,"28.4079° N, 76.9153° E",28.4079,76.9153
flat,emaar digihomes,sector 62,2.1,14257.0,2,2,2,30.0,New Property,1365.0,0,1,0,0,0,2,52,"28.4139° N, 77.0886° E",28.4139,77.0886
flat,mm woodshire★,sector 107,1.39,5887.0,3,4,3+,6.0,Relatively New,2057.0,0,1,0,1,0,1,174,"28.5052° N, 76.9729° E",28.5052,76.9729
flat,tulip violet★,sector 69,2.0,10168.0,4,4,1,12.0,Relatively New,1967.0,0,0,0,0,0,2,79,"28.3966° N, 77.0341° E",28.3966,77.0341
flat,hero homes,sector 104,1.4,1758.0,3,2,2,4.0,Under Construction,1120.0,0,0,0,0,0,2,49,"28.4788° N, 76.9960° E",28.4788,76.996
flat,ss the leaf,sector 83,1.19,7225.0,2,2,3,4.0,Relatively New,1630.0,0,0,0,0,0,2,49,"28.3986° N, 76.9647° E",28.3986,76.9647
flat,bestech park view ananda★,sector 81,1.45,8011.0,3,3,3,8.0,Relatively New,1650.0,0,0,0,0,1,1,128,"28.3867° N, 76.9485° E",28.3867,76.9485
flat,hcbs sports ville,sector 2,0.35,486.0,2,2,2,8.0,Relatively New,667.0,0,0,0,0,0,2,37,"28.5095° N, 77.0320° E",28.5095,77.032
flat,vatika the seven lamps★,sector 82,0.78,5932.0,2,2,2,0.0,Relatively New,1175.0,0,0,0,0,0,1,103,"28.3935° N, 76.9600° E",28.3935,76.96
flat,ansal heights,sector 86,0.64,4706.0,2,2,1,3.0,New Property,1360.0,0,0,0,0,0,2,73,"28.3986° N, 76.9384° E",28.3986,76.9384
flat,gls avenue,sector 92,0.42,729.0,3,3,1,2.0,Relatively New,5760.0,0,0,0,0,0,2,20,"28.4079° N, 76.9153° E",28.4079,76.9153
flat,smart world orchard,sector 61,2.1,13752.0,3,2,3,3.0,Under Construction,1534.0,0,0,0,0,0,2,146,"28.4050° N, 77.0963° E",28.405,77.0963
flat,experion the heartsong★,sector 108,1.3,8344.0,3,3,3+,7.0,Relatively New,1661.0,1,0,0,0,0,2,150,"28.5134° N, 76.9830° E",28.5134,76.983
flat,ramprastha the atrium★,sector 37d,0.9,6224.0,3,3,2,13.0,Relatively New,1185.0,0,0,0,0,0,0,37,"28.4478° N, 76.9703° E",28.4478,76.9703
flat,vatika gurgaon ★,sector 83,0.85,994.0,2,2,2,18.0,Moderately Old,1100.0,0,0,0,1,0,1,119,"28.3986° N, 76.9647° E",28.3986,76.9647
flat,ss the leaf★,sector 85,1.2,7317.0,2,2,3,12.0,Relatively New,1484.0,0,0,0,0,0,1,157,"28.4042° N, 76.9513° E",28.4042,76.9513
flat,tata gurgaon gateway★,sector 113,6.0,9139.0,5,6,3+,24.0,Moderately Old,6565.0,0,0,0,0,0,2,117,"28.5287° N, 77.0233° E",28.5287,77.0233
flat,puri diplomatic greens★,sector 111,2.65,11964.0,3,4,3+,19.0,Relatively New,2005.0,1,1,1,1,0,2,65,"28.5238° N, 77.0320° E",28.5238,77.032
flat,tulip violet★,sector 69,1.5,10714.0,3,3,2,8.0,Relatively New,1492.0,0,0,0,1,0,1,174,"28.3966° N, 77.0341° E",28.3966,77.0341
flat,experion the heartsong★,sector 108,2.0,7197.0,4,4,3+,10.0,Relatively New,2500.0,0,1,0,1,0,1,174,"28.5134° N, 76.9830° E",28.5134,76.983
flat,central park resorts★,sector 48,11.25,28266.0,4,5,3+,2.0,Relatively New,3980.0,0,1,0,1,0,2,45,"28.4177° N, 77.0359° E",28.4177,77.0359
flat,emaar palm gardens★,sector 83,1.8,9474.0,3,4,0,9.0,Relatively New,1900.0,0,0,0,0,0,2,0,"28.3986° N, 76.9647° E",28.3986,76.9647
flat,dlf regal gardens★,sector 90,1.25,7167.0,3,3,2,11.0,Relatively New,1578.0,0,0,0,0,1,2,14,"28.4085° N, 76.9369° E",28.4085,76.9369
flat,sare green parc,sector 92,0.75,4820.0,3,2,2,16.0,Relatively New,1401.0,0,0,0,0,0,2,0,"28.4079° N, 76.9153° E",28.4079,76.9153
flat,kw royal court,sector 39,2.0,6250.0,5,4,3,9.0,Old Property,3200.0,0,1,0,0,0,0,49,"28.4434° N, 77.0515° E",28.4434,77.0515
flat,emaar mgf the palm drive★,sector 66,3.5,15902.0,3,3,2,4.0,Relatively New,2200.0,1,0,0,0,0,2,89,"28.3925° N, 77.0541° E",28.3925,77.0541
flat,mm skywalk,sector 74,2.2,10902.0,3,3,3,12.0,New Property,1826.0,1,0,0,0,0,1,15,"28.4158° N, 77.0118° E",28.4158,77.0118
flat,tata primanti★,sector 72,4.0,13769.0,4,5,2,7.0,Moderately Old,2629.0,0,1,0,0,0,2,38,"28.4225° N, 77.0211° E",28.4225,77.0211
flat,puri diplomatic greens★,sector 111,3.9,13000.0,4,5,3+,6.0,Relatively New,2996.0,0,1,0,0,0,0,160,"28.5238° N, 77.0320° E",28.5238,77.032
flat,emaar gurgaon greens★,sector 102,1.3,7879.0,3,3,3,7.0,Relatively New,1388.0,0,1,0,0,0,2,93,"28.4750° N, 76.9715° E",28.475,76.9715
flat,ss the leaf★,sector 85,1.87,7779.0,3,4,3,7.0,Relatively New,2225.0,0,0,0,0,0,2,49,"28.4042° N, 76.9513° E",28.4042,76.9513
flat,assotech blith,sector 99,1.15,6594.0,2,2,2,2.0,New Property,1235.0,0,0,0,0,1,1,72,"28.4640° N, 76.9614° E",28.464,76.9614
flat,dlf regal gardens★,sector 90,1.29,7104.0,3,3,3+,12.0,Relatively New,1817.0,0,1,0,0,0,2,152,"28.4085° N, 76.9369° E",28.4085,76.9369
flat,chd avenue ★,sector 71,0.79,6594.0,2,2,2,8.0,Relatively New,1084.0,0,0,0,0,1,2,0,"28.4104° N, 77.0281° E",28.4104,77.0281
flat,ss the leaf★,sector 85,1.08,6585.0,2,2,3,8.0,New Property,1200.0,1,1,1,1,0,1,157,"28.4042° N, 76.9513° E",28.4042,76.9513
flat,raheja navodaya★,sector 92,0.85,4271.0,3,3,3,2.0,Relatively New,1801.0,0,0,0,0,0,2,100,"28.4079° N, 76.9153° E",28.4079,76.9153
flat,shapoorji pallonji joyville gurugram★,sector 102,2.0,17730.0,3,3,3+,1.0,Relatively New,1456.0,0,0,1,0,0,2,139,"28.4750° N, 76.9715° E",28.475,76.9715
flat,mm woodshire★,sector 107,1.8,7624.0,3,4,3+,2.0,Relatively New,1837.0,0,1,0,0,0,2,129,"28.5052° N, 76.9729° E",28.5052,76.9729
flat,mm ikonic,sector 68,1.78,9128.0,3,3,3+,27.0,Relatively New,1845.0,0,0,0,0,0,1,126,"28.3853° N, 77.0484° E",28.3853,77.0484
flat,pareena mi casa,sector 68,1.7,8504.0,4,4,3,2.0,New Property,1809.0,0,0,0,0,0,2,47,"28.3853° N, 77.0484° E",28.3853,77.0484
flat,la vida by tata housing,sector 113,1.32,10345.0,2,2,2,3.0,Relatively New,1199.0,0,0,0,0,0,2,49,"28.5287° N, 77.0233° E",28.5287,77.0233
flat,signature global solera★,sector 107,0.28,631.0,2,2,2,6.0,Relatively New,4437.0,0,0,0,0,0,2,45,"28.5052° N, 76.9729° E",28.5052,76.9729
flat,bestech park view grand spa★,sector 81,2.91,9137.0,4,5,2,6.0,Relatively New,3017.0,0,1,0,0,0,1,101,"28.3867° N, 76.9485° E",28.3867,76.9485
flat,godrej oasis★,sector 88a,1.15,7116.0,2,2,3,14.0,Relatively New,1380.0,1,0,0,1,0,2,174,"28.4347° N, 76.9557° E",28.4347,76.9557
flat,shree vardhman flora★,sector 90,1.25,4854.0,4,5,2,8.0,Relatively New,2330.0,1,1,0,0,0,2,165,"28.4085° N, 76.9369° E",28.4085,76.9369
flat,emaar gurgaon greens★,sector 102,1.4,13685.0,3,3,3,7.0,Relatively New,1315.0,0,1,0,0,0,2,67,"28.4750° N, 76.9715° E",28.475,76.9715
flat,tulip violet★,sector 69,1.2,10909.0,2,3,0,0.0,Relatively New,1100.0,0,0,0,0,0,2,0,"28.3966° N, 77.0341° E",28.3966,77.0341
flat,godrej summit★,sector 104,1.3,9028.0,3,2,3+,16.0,Relatively New,1303.0,1,0,1,1,0,1,0,"28.4788° N, 76.9960° E",28.4788,76.996
flat,builder floor,sector 5,0.6,6000.0,3,2,1,3.0,New Property,950.0,0,0,0,0,0,2,0,"28.4794° N, 77.0176° E",28.4794,77.0176
flat,emaar palm gardens★,sector 83,1.4,8140.0,3,3,3,2.0,Relatively New,1387.0,1,1,1,1,0,1,174,"28.3986° N, 76.9647° E",28.3986,76.9647
flat,microtek greenburg★,sector 86,1.3,1699.0,2,3,3,5.0,Relatively New,7650.0,1,0,0,0,0,1,45,"28.3986° N, 76.9384° E",28.3986,76.9384
flat,kendriya vihar★,sector 56,0.55,1002.0,1,2,1,0.0,Old Property,5490.0,0,0,0,0,0,2,68,"28.4245° N, 77.0991° E",28.4245,77.0991
flat,sushant lok builder floors,sector 43,2.5,12920.0,3,3,2,2.0,New Property,195.0,0,0,0,0,0,2,0,"28.4629° N, 77.0772° E",28.4629,77.0772
flat,ats tourmaline★,sector 109,1.75,8140.0,3,4,3+,2.0,Relatively New,1946.0,0,1,0,0,1,2,65,"28.5073° N, 77.0089° E",28.5073,77.0089
flat,sobha city,sector 108,2.9,14478.0,3,4,2,11.0,Relatively New,2003.0,0,0,0,0,0,2,108,"28.5134° N, 76.9830° E",28.5134,76.983
flat,emaar the palm drive,sector 66,3.9,18634.0,3,4,3,2.0,Relatively New,2093.0,0,0,0,0,0,2,0,"28.3925° N, 77.0541° E",28.3925,77.0541
flat,sidhartha ncr one phase ★,sector 95,0.6,4800.0,2,2,3,10.0,Relatively New,1250.0,0,0,0,0,0,2,0,"28.4172° N, 76.9081° E",28.4172,76.9081
flat,sare petioles,sector 92,1.25,6098.0,3,3,3,18.0,Under Construction,2050.0,0,1,0,0,0,2,44,"28.4079° N, 76.9153° E",28.4079,76.9153
house,rk excelo,sector 12,0.6,120.0,5,3,2,3.0,Moderately Old,30.0,0,0,0,0,1,2,0,"28.4723° N, 77.0320° E",28.4723,77.032
flat,tarc maceo★,sector 91,0.96,5411.0,2,2,3+,8.0,Moderately Old,1271.0,0,0,0,0,0,2,85,"28.4014° N, 76.9225° E",28.4014,76.9225
flat,dlf new town heights ★,sector 90,1.9,5684.0,4,4,3+,7.0,Relatively New,2468.0,0,1,0,1,0,2,88,"28.4085° N, 76.9369° E",28.4085,76.9369
flat,sidhartha ncr greens★,sector 95,0.6,5576.0,2,2,2,14.0,Relatively New,974.0,1,0,0,0,0,2,31,"28.4172° N, 76.9081° E",28.4172,76.9081
flat,ild greens★,sector 37c,1.0,4320.0,3,3,3+,5.0,Under Construction,1697.0,0,0,0,0,0,2,51,"28.4515° N, 76.9882° E",28.4515,76.9882
flat,ats tourmaline★,sector 109,2.25,8704.0,3,4,3,14.0,Relatively New,2339.0,0,1,0,0,0,2,101,"28.5073° N, 77.0089° E",28.5073,77.0089
flat,dlf park place★,sector 54,4.86,25920.0,3,4,3+,7.0,Relatively New,1875.0,0,1,0,0,0,1,49,"28.4348° N, 77.1089° E",28.4348,77.1089
flat,pyramid urban,sector 67a,0.56,881.0,2,2,2,0.0,Relatively New,6354.0,0,0,0,0,1,2,49,"28.3960° N, 77.0372° E",28.396,77.0372
flat,shree vardhman victoria★,sector 70,1.65,8462.0,3,4,3,5.0,Relatively New,1527.0,0,1,0,0,1,1,49,"28.3968° N, 77.0233° E",28.3968,77.0233
flat,tulip orange★,sector 70,1.1,8148.0,3,2,2,5.0,Relatively New,1200.0,0,0,0,0,0,2,0,"28.3968° N, 77.0233° E",28.3968,77.0233
flat,orchid petals★,sector 49,4.52,10984.0,5,5,3+,14.0,Moderately Old,3724.0,1,1,0,1,0,2,49,"28.4121° N, 77.0480° E",28.4121,77.048
flat,dlf the skycourt★,sector 86,1.6,8294.0,3,3,1,14.0,Relatively New,1746.0,0,0,0,1,0,2,72,"28.3986° N, 76.9384° E",28.3986,76.9384
flat,paras quartier,sector 12,5.9,11028.0,4,4,3+,19.0,New Property,4842.0,1,1,1,1,0,1,160,"28.4723° N, 77.0320° E",28.4723,77.032
flat,shree arihant apartment,sector 54,1.5,8108.0,3,3,3+,4.0,Moderately Old,1700.0,0,0,0,1,0,1,75,"28.4348° N, 77.1089° E",28.4348,77.1089
flat,pareena micasa,sector 7,1.3,8667.0,3,3,3,12.0,Under Construction,1357.0,0,0,0,0,0,2,0,"28.4644° N, 77.0143° E",28.4644,77.0143
flat,vatika gurgaon ★,sector 83,0.84,6747.0,2,2,2,7.0,Moderately Old,1127.0,0,0,0,0,0,1,157,"28.3986° N, 76.9647° E",28.3986,76.9647
flat,paras dews,sector 106,2.1,8917.0,4,6,3+,6.0,Relatively New,2131.0,0,1,0,0,1,2,60,"28.5007° N, 77.0003° E",28.5007,77.0003
flat,ss the leaf★,sector 85,2.15,8929.0,3,5,3,2.0,New Property,2179.0,0,0,0,0,0,2,0,"28.4042° N, 76.9513° E",28.4042,76.9513
flat,vatika the seven lamps★,sector 82,0.94,6569.0,2,2,2,12.0,Relatively New,1299.0,1,0,0,0,0,1,103,"28.3935° N, 76.9600° E",28.3935,76.96
flat,bptp terra★,sector 37d,1.4,7731.0,3,3,3,5.0,Relatively New,1711.0,0,0,0,0,0,1,149,"28.4478° N, 76.9703° E",28.4478,76.9703
flat,dlf new town heights ★,sector 90,1.55,6557.0,4,4,3+,1.0,Relatively New,2139.0,0,1,0,1,0,2,81,"28.4085° N, 76.9369° E",28.4085,76.9369
flat,umang winter hills★,sector 77,1.1,5296.0,3,4,3+,9.0,Relatively New,1829.0,0,1,0,0,0,2,49,"28.3801° N, 76.9845° E",28.3801,76.9845
flat,aqua front towers,sector 32,2.5,11715.0,3,4,3+,1.0,Relatively New,1291.0,0,0,0,0,0,2,0,"28.4472° N, 77.0406° E",28.4472,77.0406
flat,pareena mi casa,sector 68,0.92,7390.0,2,2,3,5.0,Under Construction,1127.0,0,0,0,0,1,2,50,"28.3853° N, 77.0484° E",28.3853,77.0484
flat,mm golfestate★,sector 65,5.4,18127.0,3,4,3,19.0,Moderately Old,2696.0,1,1,0,0,0,1,174,"28.4030° N, 77.0690° E",28.403,77.069
flat,mittal surya vihar,sector 21,0.8,7080.0,2,2,2,6.0,Old Property,1130.0,0,0,0,0,0,2,0,"28.5134° N, 77.0723° E",28.5134,77.0723
flat,ats triumph★,sector 104,2.52,8000.0,4,4,3+,19.0,Relatively New,2800.0,0,1,1,0,0,1,156,"28.4788° N, 76.9960° E",28.4788,76.996
flat,antriksh heights★,sector 84,0.9,4932.0,3,3,3,11.0,Relatively New,1652.0,0,0,0,0,0,2,87,"28.3979° N, 76.9736° E",28.3979,76.9736
flat,chd avenue ★,sector 71,0.98,6049.0,3,3,3,0.0,Moderately Old,1466.0,1,0,0,0,0,2,65,"28.4104° N, 77.0281° E",28.4104,77.0281
flat,antriksh heights★,sector 84,0.92,5041.0,3,3,3,2.0,Relatively New,1652.0,1,0,0,1,0,2,67,"28.3979° N, 76.9736° E",28.3979,76.9736
flat,godrej oasis★,sector 88a,1.4,7568.0,3,3,3+,4.0,Relatively New,1674.0,0,0,0,0,0,1,38,"28.4347° N, 76.9557° E",28.4347,76.9557
flat,dlf the skycourt,sector 86,1.55,8035.0,3,3,3+,12.0,Relatively New,1500.0,0,0,0,0,1,0,166,"28.3986° N, 76.9384° E",28.3986,76.9384
flat,pareena laxmi apartments★,sector 99a,0.32,679.0,2,2,2,2.0,New Property,473.0,0,0,0,0,0,2,50,"28.4561° N, 76.9542° E",28.4561,76.9542
flat,emaar mgf emerald floors premier★,sector 65,3.5,17722.0,4,4,3,4.0,Relatively New,1975.0,0,1,0,0,0,1,114,"28.4030° N, 77.0690° E",28.403,77.069
flat,ss the leaf★,sector 85,2.13,7575.0,4,4,3,2.0,Relatively New,2600.0,0,0,0,0,0,2,49,"28.4042° N, 76.9513° E",28.4042,76.9513
flat,la lagune,sector 54,6.75,21361.0,4,6,3+,11.0,Moderately Old,2455.0,0,1,0,0,0,1,119,"28.4348° N, 77.1089° E",28.4348,77.1089
flat,vatika gurgaon ★,sector 83,1.33,5565.0,4,4,3,3.0,Relatively New,2193.0,0,1,0,0,0,2,26,"28.3986° N, 76.9647° E",28.3986,76.9647
flat,signature global the millennia,sector 37d,0.45,847.0,2,3,2,8.0,Under Construction,5310.0,0,0,0,0,0,2,8,"28.4478° N, 76.9703° E",28.4478,76.9703
flat,orris aster court premier,sector 85,1.73,6758.0,4,5,3+,8.0,Relatively New,2017.0,0,1,0,0,0,2,16,"28.4042° N, 76.9513° E",28.4042,76.9513
flat,antriksh heights★,sector 84,0.9,4444.0,3,3,3,18.0,Relatively New,1833.0,0,1,0,1,0,2,59,"28.3979° N, 76.9736° E",28.3979,76.9736
flat,dlf regal gardens★,sector 90,1.13,6647.0,3,3,3+,8.0,Relatively New,1566.0,0,0,0,0,1,2,72,"28.4085° N, 76.9369° E",28.4085,76.9369
flat,bestech park view ananda★,sector 81,0.88,8044.0,2,2,3,8.0,Relatively New,1223.0,1,0,0,0,0,1,95,"28.3867° N, 76.9485° E",28.3867,76.9485
flat,unitech uniworld gardens★,sector 47,2.4,11505.0,3,4,3+,10.0,Moderately Old,1916.0,0,1,0,0,0,2,103,"28.4276° N, 77.0492° E",28.4276,77.0492
flat,sare crescent parc★,sector 92,0.82,5384.0,3,3,3+,12.0,Relatively New,1523.0,0,0,0,0,0,2,0,"28.4079° N, 76.9153° E",28.4079,76.9153
flat,microtek greenburg★,sector 86,1.23,8311.0,2,2,3,13.0,Relatively New,1339.0,1,0,0,0,0,2,6,"28.3986° N, 76.9384° E",28.3986,76.9384
flat,experion the heartsong★,sector 108,1.68,8387.0,3,3,3+,4.0,Relatively New,1338.29,1,1,0,0,0,1,86,"28.5134° N, 76.9830° E",28.5134,76.983
flat,parsvnath exotica★,sector 53,4.8,16580.0,3,4,3+,8.0,Relatively New,2500.0,0,1,0,1,1,1,174,"28.4433° N, 77.0948° E",28.4433,77.0948
flat,sare crescent parc★,sector 92,0.8,6033.0,3,2,2,3.0,Relatively New,1326.0,0,0,0,0,0,2,15,"28.4079° N, 76.9153° E",28.4079,76.9153
flat,satya the hermitage★,sector 103,0.89,6138.0,2,3,3,1.0,Relatively New,1257.0,0,1,0,0,0,1,75,"28.4949° N, 76.9845° E",28.4949,76.9845
flat,shri ram apartments,sector 12,0.32,374.0,2,2,1,4.0,Relatively New,8550.0,0,0,0,0,0,1,7,"28.4723° N, 77.0320° E",28.4723,77.032
flat,puri emerald bay★,sector 104,2.49,10163.0,3,3,3+,14.0,Relatively New,2217.0,0,1,0,0,0,1,129,"28.4788° N, 76.9960° E",28.4788,76.996
flat,signature global synera★,sector 81,0.49,741.0,2,2,3,5.0,Relatively New,700.0,0,0,0,0,0,2,117,"28.3867° N, 76.9485° E",28.3867,76.9485
flat,the crew bos chs manesar,manesar,0.85,3696.0,3,3,2,2.0,Moderately Old,2300.0,0,0,0,0,0,2,44,"28.3515° N, 76.9428° E",28.3515,76.9428
flat,bestech park view sanskruti★,sector 92,1.68,11053.0,3,4,3+,15.0,Relatively New,1804.0,0,1,0,0,0,1,174,"28.4079° N, 76.9153° E",28.4079,76.9153
flat,indiabulls enigma,sector 110,3.4,10000.0,4,5,3,3.0,Relatively New,3077.0,0,1,1,0,0,2,90,"28.5145° N, 77.0197° E",28.5145,77.0197
flat,parsvnath green ville★,sector 48,2.0,7764.0,3,3,0,15.0,Relatively New,1923.0,0,1,0,0,0,2,74,"28.4177° N, 77.0359° E",28.4177,77.0359
flat,hector trimurti heights,sector 39,1.5,6383.0,4,3,3,10.0,Old Property,2350.0,0,1,0,0,0,0,49,"28.4434° N, 77.0515° E",28.4434,77.0515
flat,ardee city★,sector 52,1.55,7381.0,4,4,3,1.0,Moderately Old,1778.0,0,0,0,0,0,2,0,"28.4379° N, 77.0785° E",28.4379,77.0785
flat,godrej oasis★,sector 88a,1.38,6680.0,3,3,3+,7.0,Relatively New,2066.0,0,1,0,0,0,2,72,"28.4347° N, 76.9557° E",28.4347,76.9557
flat,emaar mgf emerald floors premier★,sector 65,2.9,14684.0,4,4,0,0.0,Relatively New,1975.0,0,0,1,0,0,2,50,"28.4030° N, 77.0690° E",28.403,77.069
flat,ashiyara,sector 99,0.45,4500.0,3,3,2,18.0,Under Construction,905.0,0,0,0,0,0,2,0,"28.4640° N, 76.9614° E",28.464,76.9614
flat,ace palm floors,sector 89,0.97,7861.0,2,2,2,1.0,New Property,1234.0,1,0,0,0,0,2,28,"28.4253° N, 76.9439° E",28.4253,76.9439
flat,mm skywalk,sector 74,1.6,9512.0,2,2,2,26.0,Relatively New,1508.0,0,0,0,0,0,1,158,"28.4158° N, 77.0118° E",28.4158,77.0118
flat,ramprastha city,sector 12,1.3,9028.0,3,3,2,3.0,Under Construction,1303.0,0,0,0,0,0,2,0,"28.4723° N, 77.0320° E",28.4723,77.032
flat,vatika city homes★,sector 83,1.08,6207.0,3,3,3,6.0,Relatively New,1537.0,0,0,1,0,0,2,111,"28.3986° N, 76.9647° E",28.3986,76.9647
flat,antriksh heights★,sector 84,0.49,4356.0,2,2,2,16.0,Relatively New,1018.0,0,0,0,0,0,2,66,"28.3979° N, 76.9736° E",28.3979,76.9736
flat,experion the heartsong★,sector 108,1.7,8487.0,3,4,3+,14.0,Relatively New,1500.29,0,1,0,0,0,2,119,"28.5134° N, 76.9830° E",28.5134,76.983
flat,bestech park view ananda★,sector 81,0.95,6985.0,2,2,2,13.0,Relatively New,1150.0,0,0,0,0,0,1,167,"28.3867° N, 76.9485° E",28.3867,76.9485
flat,tulip violet★,sector 69,1.36,8619.0,3,3,1,12.0,Relatively New,1291.0,0,0,0,1,0,2,95,"28.3966° N, 77.0341° E",28.3966,77.0341
flat,ireo uptown★,sector 66,4.85,12999.0,4,4,3+,15.0,Relatively New,3500.0,1,1,1,1,0,1,156,"28.3925° N, 77.0541° E",28.3925,77.0541
flat,bestech park view residency★,sector 2,1.59,8281.0,3,4,3+,11.0,Moderately Old,1738.0,0,1,0,0,0,2,100,"28.5095° N, 77.0320° E",28.5095,77.032
flat,shree vardhman victoria★,sector 70,1.07,7926.0,2,2,3,8.0,Relatively New,1222.0,1,0,0,0,0,2,108,"28.3968° N, 77.0233° E",28.3968,77.0233
flat,ats triumph★,sector 104,2.63,9564.0,4,4,3+,21.0,Relatively New,2953.0,0,1,0,0,0,1,161,"28.4788° N, 76.9960° E",28.4788,76.996
flat,pivotal riddhi siddhi,sector 99,0.5,946.0,2,1,2,7.0,New Property,5283.0,0,0,0,0,0,2,24,"28.4640° N, 76.9614° E",28.464,76.9614
flat,la vida by tata housing,sector 113,3.05,15561.0,3,4,3,3.0,Relatively New,2150.0,0,1,0,0,0,2,174,"28.5287° N, 77.0233° E",28.5287,77.0233
flat,smart world gems,sector 89,1.05,9519.0,2,2,2,4.0,Under Construction,1103.0,1,0,0,0,1,2,38,"28.4253° N, 76.9439° E",28.4253,76.9439
flat,pivotal devaan,sector 84,0.35,809.0,2,2,1,10.0,Relatively New,531.0,0,0,1,0,0,2,103,"28.3979° N, 76.9736° E",28.3979,76.9736
flat,sare crescent parc★,sector 92,0.92,4855.0,4,5,3+,14.0,Moderately Old,1778.0,0,0,0,0,0,1,131,"28.4079° N, 76.9153° E",28.4079,76.9153
flat,ss the leaf★,sector 85,2.0,6579.0,4,5,3+,1.0,Relatively New,2545.0,0,1,1,0,0,2,106,"28.4042° N, 76.9513° E",28.4042,76.9513
flat,umang winter hills★,sector 77,0.75,5589.0,2,2,2,7.0,Relatively New,1180.0,0,0,0,0,0,1,174,"28.3801° N, 76.9845° E",28.3801,76.9845
flat,ss the leaf★,sector 85,1.1,1386.0,2,2,3,12.0,Relatively New,1173.0,1,0,0,0,0,2,75,"28.4042° N, 76.9513° E",28.4042,76.9513
flat,puri emerald bay★,sector 104,2.23,9911.0,3,4,3+,10.0,Relatively New,2359.0,0,1,0,0,0,1,159,"28.4788° N, 76.9960° E",28.4788,76.996
flat,assotech blith,sector 99,1.9,6702.0,4,4,3+,2.0,New Property,2835.0,0,0,0,0,0,2,51,"28.4640° N, 76.9614° E",28.464,76.9614
flat,mm sierra,sector 68,1.13,9076.0,2,2,3,9.0,Relatively New,1130.0,0,0,0,0,0,1,149,"28.3853° N, 77.0484° E",28.3853,77.0484
flat,ireo skyon★,sector 60,2.05,15185.0,2,3,2,2.0,Relatively New,1520.0,0,0,1,0,0,1,174,"28.4003° N, 77.0975° E",28.4003,77.0975
flat,hero homes,sector 12,1.6,7824.0,3,3,3,1.0,New Property,1529.0,0,0,0,0,0,2,49,"28.4723° N, 77.0320° E",28.4723,77.032
flat,vatika lifestyle homes★,sector 83,1.1,6268.0,3,3,2,8.0,Relatively New,1588.0,1,0,1,1,0,1,174,"28.3986° N, 76.9647° E",28.3986,76.9647
flat,hsiidc sidco aravali,manesar,0.91,3516.0,3,3,3+,8.0,Moderately Old,1900.0,0,1,0,0,0,2,23,"28.3515° N, 76.9428° E",28.3515,76.9428
flat,dlf belvedere towers★,sector 25,3.4,13765.0,4,4,3,1.0,Old Property,2470.0,0,1,0,0,0,2,26,"28.4844° N, 77.0860° E",28.4844,77.086
flat,pivotal devaan,sector 84,0.27,885.0,1,1,1,13.0,Relatively New,387.0,0,0,0,0,0,0,45,"28.3979° N, 76.9736° E",28.3979,76.9736
flat,the serenas,sector 36,0.42,879.0,2,2,1,3.0,Relatively New,4779.0,0,0,0,0,0,2,0,"28.4160° N, 76.9914° E",28.416,76.9914
flat,s aradhya homes,sector 67a,1.9,8862.0,4,4,3,3.0,New Property,1991.0,0,0,0,0,0,1,62,"28.3960° N, 77.0372° E",28.396,77.0372
flat,emaar palm gardens★,sector 83,1.76,9263.0,3,3,3,6.0,Relatively New,1500.0,0,1,0,0,0,1,165,"28.3986° N, 76.9647° E",28.3986,76.9647
flat,essel towers,sector 7,2.2,12500.0,3,4,3+,3.0,Relatively New,1760.0,0,0,0,0,0,2,0,"28.4644° N, 77.0143° E",28.4644,77.0143
flat,ansal sushant residency,sector 57,1.5,6775.0,3,2,3+,1.0,Moderately Old,2214.0,0,0,0,0,0,2,87,"28.4232° N, 77.0752° E",28.4232,77.0752
flat,sare crescent parc★,sector 92,0.51,4080.0,3,2,2,2.0,Relatively New,1131.0,0,0,0,0,0,2,72,"28.4079° N, 76.9153° E",28.4079,76.9153
flat,ambience creacions,sector 22,1.99,15547.0,2,2,2,9.0,New Property,1285.0,0,0,0,0,0,2,49,"28.5072° N, 77.0640° E",28.5072,77.064
flat,dlf carlton estate★,sector 43,2.1,15419.0,3,3,1,2.0,Old Property,1233.0,0,0,1,0,0,1,88,"28.4629° N, 77.0772° E",28.4629,77.0772
flat,vatika city★,sector 49,2.65,11773.0,3,4,3,11.0,Moderately Old,2251.0,0,1,0,1,0,1,140,"28.4121° N, 77.0480° E",28.4121,77.048
flat,prime habitat,sector 99a,0.27,604.0,2,2,1,4.0,New Property,4473.0,0,0,0,0,0,2,7,"28.4561° N, 76.9542° E",28.4561,76.9542
flat,mm woodshire★,sector 107,0.82,6003.0,2,2,3+,7.0,Relatively New,1236.0,0,0,0,0,0,2,111,"28.5052° N, 76.9729° E",28.5052,76.9729
flat,dlf park place★,sector 54,4.85,30180.0,3,4,3+,6.0,Moderately Old,1607.0,0,1,0,0,0,0,158,"28.4348° N, 77.1089° E",28.4348,77.1089
flat,ansal heights,sector 86,0.67,5099.0,2,2,1,10.0,Relatively New,1231.0,0,0,0,0,0,2,115,"28.3986° N, 76.9384° E",28.3986,76.9384
flat,tulip violet★,sector 69,1.7,8433.0,4,4,2,10.0,New Property,1819.0,0,0,0,0,0,2,125,"28.3966° N, 77.0341° E",28.3966,77.0341
flat,la vida by tata housing,sector 113,2.35,10600.0,3,3,3,11.0,New Property,2210.0,0,1,0,0,0,2,174,"28.5287° N, 77.0233° E",28.5287,77.0233
flat,emaar mgf emerald floors premier★,sector 65,2.77,14025.0,4,4,3+,3.0,Relatively New,1975.0,1,1,0,0,0,0,174,"28.4030° N, 77.0690° E",28.403,77.069
flat,ambience creacions,sector 22,4.3,13916.0,3,4,3+,6.0,Relatively New,2600.0,0,1,0,0,1,0,120,"28.5072° N, 77.0640° E",28.5072,77.064
flat,ireo skyon★,sector 60,2.12,15531.0,2,2,2,2.0,Relatively New,1350.0,0,0,0,1,0,1,174,"28.4003° N, 77.0975° E",28.4003,77.0975
flat,sidhartha ncr one phase ★,sector 95,0.9,4500.0,3,3,1,15.0,Relatively New,2000.0,0,0,0,0,0,2,60,"28.4172° N, 76.9081° E",28.4172,76.9081
flat,chd avenue ★,sector 71,0.82,7081.0,2,2,2,6.0,Moderately Old,1086.0,0,0,0,0,0,2,0,"28.4104° N, 77.0281° E",28.4104,77.0281
flat,mapsko casa bella★,sector 82,1.25,6378.0,3,4,3+,8.0,Under Construction,1774.0,0,0,0,0,0,2,0,"28.3935° N, 76.9600° E",28.3935,76.96
flat,tulip ivory★,sector 70,2.35,9792.0,4,4,3+,8.0,Moderately Old,2400.0,0,1,0,0,0,2,108,"28.3968° N, 77.0233° E",28.3968,77.0233
flat,shapoorji pallonji joyville gurugram★,sector 102,1.9,10259.0,3,3,3+,15.0,New Property,1700.0,0,0,0,1,0,2,174,"28.4750° N, 76.9715° E",28.475,76.9715
flat,ramprastha skyz,sector 37d,1.25,7251.0,3,3,3+,2.0,Under Construction,1724.0,0,0,0,0,0,2,8,"28.4478° N, 76.9703° E",28.4478,76.9703
flat,tulip violet★,sector 69,1.4,9103.0,3,3,1,12.0,Relatively New,1392.0,0,0,0,0,0,1,157,"28.3966° N, 77.0341° E",28.3966,77.0341
flat,global hill view,sector 11,0.33,474.0,2,2,0,11.0,Relatively New,6957.0,0,0,0,0,0,2,0,"28.4531° N, 77.0202° E",28.4531,77.0202
flat,vatika gurgaon ★,sector 83,1.12,6455.0,3,3,2,17.0,Moderately Old,1500.0,0,0,0,0,0,1,111,"28.3986° N, 76.9647° E",28.3986,76.9647
flat,pivotal devaan,sector 84,0.37,705.0,2,2,1,5.0,Relatively New,532.0,0,0,0,0,0,2,73,"28.3979° N, 76.9736° E",28.3979,76.9736
flat,sobha city,sector 108,2.9,14478.0,3,4,2,8.0,New Property,2003.0,0,0,0,0,0,2,109,"28.5134° N, 76.9830° E",28.5134,76.983
flat,shree vardhman flora★,sector 90,0.9,4615.0,3,4,3,4.0,Relatively New,1765.0,0,1,0,0,0,2,165,"28.4085° N, 76.9369° E",28.4085,76.9369
flat,bestech park view spa next★,sector 67,2.72,11574.0,4,4,3+,0.0,Relatively New,2250.0,0,1,0,1,0,1,128,"28.3859° N, 77.0608° E",28.3859,77.0608
flat,essel towers,sector 7,2.75,12500.0,4,5,3+,8.0,Old Property,2200.0,1,1,0,0,0,0,128,"28.4644° N, 77.0143° E",28.4644,77.0143
flat,afnhb jalvayu vihar★,sector 30,0.69,808.0,2,2,1,3.0,Old Property,896.0,0,0,0,0,0,2,65,"28.4604° N, 77.0579° E",28.4604,77.0579
flat,mapsko paradise★,sector 83,0.95,6300.0,3,3,3,1.0,Moderately Old,1508.0,0,0,0,0,0,2,0,"28.3986° N, 76.9647° E",28.3986,76.9647
flat,ss the leaf★,sector 85,1.17,6720.0,2,3,3,10.0,Relatively New,1550.0,0,0,0,0,1,2,49,"28.4042° N, 76.9513° E",28.4042,76.9513
flat,vatika lifestyle homes★,sector 83,1.15,6553.0,3,2,3,15.0,Relatively New,1588.0,0,0,0,0,0,2,37,"28.3986° N, 76.9647° E",28.3986,76.9647
flat,dlf the skycourt★,sector 86,1.55,8031.0,3,3,1,12.0,Relatively New,1900.0,0,0,0,1,0,1,153,"28.3986° N, 76.9384° E",28.3986,76.9384
flat,antriksh heights★,sector 84,1.02,4869.0,4,4,3+,11.0,Relatively New,1896.0,0,1,0,1,0,2,99,"28.3979° N, 76.9736° E",28.3979,76.9736
flat,tashee capital gateway,sector 111,0.96,6500.0,2,2,1,4.0,Under Construction,1338.0,1,0,0,0,0,2,53,"28.5238° N, 77.0320° E",28.5238,77.032
flat,bestech park view residency★,sector 2,0.55,940.0,1,1,2,7.0,Moderately Old,588.0,0,0,0,0,0,2,31,"28.5095° N, 77.0320° E",28.5095,77.032
flat,godrej air,sector 85,2.5,1379.0,4,5,3+,16.0,Under Construction,18129.0,1,0,0,1,1,1,44,"28.4042° N, 76.9513° E",28.4042,76.9513
flat,godrej summit★,sector 104,1.3,7893.0,3,3,3,8.0,New Property,1490.0,0,0,0,0,1,2,103,"28.4788° N, 76.9960° E",28.4788,76.996
flat,the castle society★,sector 56,2.0,8696.0,4,4,2,4.0,Under Construction,2081.0,0,0,0,0,0,2,0,"28.4245° N, 77.0991° E",28.4245,77.0991
flat,signature global solera★,sector 107,0.5,4762.0,3,2,2,5.0,Relatively New,850.0,0,0,0,0,1,2,35,"28.5052° N, 76.9729° E",28.5052,76.9729
flat,bestech park view residency★,sector 2,1.4,7865.0,3,3,3+,8.0,Moderately Old,1611.0,0,0,0,0,0,2,92,"28.5095° N, 77.0320° E",28.5095,77.032
flat,conscient heritage max★,sector 102,2.0,9307.0,3,4,3+,13.0,Relatively New,1900.0,1,1,0,0,0,1,174,"28.4750° N, 76.9715° E",28.475,76.9715
flat,huda ashok vihar phase ★,sector 12,0.43,735.0,2,2,1,2.0,Relatively New,5850.0,0,0,0,0,0,2,7,"28.4723° N, 77.0320° E",28.4723,77.032
flat,pyramid urban,sector 67a,0.7,1316.0,2,2,1,14.0,New Property,5319.0,0,0,0,0,0,2,44,"28.3960° N, 77.0372° E",28.396,77.0372
flat,vatika gurgaon ★,sector 83,0.87,6988.0,2,2,2,3.0,Moderately Old,1127.0,0,0,0,0,0,2,35,"28.3986° N, 76.9647° E",28.3986,76.9647
flat,godrej ★,sector 79,1.18,8532.0,2,2,3,7.0,Relatively New,1252.0,0,0,0,0,0,2,158,"28.3624° N, 76.9787° E",28.3624,76.9787
flat,dlf the crest★,sector 54,11.0,35484.0,4,5,3+,7.0,Relatively New,3100.0,1,1,0,1,0,2,49,"28.4348° N, 77.1089° E",28.4348,77.1089
flat,bptp mansions park prime,sector 66,2.7,9768.0,4,4,3,6.0,Relatively New,2501.0,0,1,0,0,1,2,13,"28.3925° N, 77.0541° E",28.3925,77.0541
flat,sare green parc,sector 92,0.85,6741.0,3,2,2,14.0,Relatively New,1261.0,0,0,0,0,0,2,0,"28.4079° N, 76.9153° E",28.4079,76.9153
flat,smart world gems,sector 89,1.0,9033.0,2,2,2,1.0,Under Construction,1107.0,1,0,0,0,0,2,38,"28.4253° N, 76.9439° E",28.4253,76.9439
flat,the close north★,sector 50,2.35,11228.0,3,3,3,8.0,Moderately Old,2000.0,0,0,1,0,0,1,149,"28.4178° N, 77.0628° E",28.4178,77.0628
flat,godrej ★,sector 79,2.0,8475.0,3,4,3+,9.0,Relatively New,1963.0,0,1,0,0,0,2,108,"28.3624° N, 76.9787° E",28.3624,76.9787
flat,hero homes,sector 104,1.75,10361.0,3,3,3,2.0,Under Construction,1529.0,0,0,0,0,0,2,30,"28.4788° N, 76.9960° E",28.4788,76.996
flat,emaar mgf emerald floors premier★,sector 65,2.4,14545.0,3,3,3,3.0,Relatively New,1600.0,1,1,0,0,0,1,49,"28.4030° N, 77.0690° E",28.403,77.069
flat,pareena coban residences,sector 99a,1.6,8000.0,3,3,3,6.0,Under Construction,1810.0,0,0,0,0,0,2,0,"28.4561° N, 76.9542° E",28.4561,76.9542
flat,indiabulls enigma,sector 110,4.1,10567.0,5,5,2,10.0,Relatively New,3500.0,0,1,0,0,0,2,159,"28.5145° N, 77.0197° E",28.5145,77.0197
flat,ambience creacions,sector 22,1.99,14420.0,2,2,2,9.0,New Property,1285.0,1,1,0,1,0,2,20,"28.5072° N, 77.0640° E",28.5072,77.064
flat,dlf new town heights ★,sector 90,1.75,5721.0,4,4,3+,17.0,Relatively New,2468.0,0,1,0,1,0,2,88,"28.4085° N, 76.9369° E",28.4085,76.9369
flat,whiteland  the aspen,sector 76,3.5,11917.0,3,4,3,8.0,Under Construction,2937.0,0,0,0,0,0,2,0,"28.3935° N, 76.9888° E",28.3935,76.9888
flat,mm golfestate★,sector 65,5.9,17544.0,3,3,3,9.0,Moderately Old,3043.0,1,0,0,0,0,0,21,"28.4030° N, 77.0690° E",28.403,77.069
flat,bestech park view residency★,sector 2,1.51,7889.0,3,4,3+,8.0,Moderately Old,1738.0,0,1,0,0,0,2,92,"28.5095° N, 77.0320° E",28.5095,77.032
flat,smart world orchard,sector 61,2.54,15497.0,3,3,3,2.0,Under Construction,1639.0,0,0,1,0,0,2,16,"28.4050° N, 77.0963° E",28.405,77.0963
flat,dlf the belaire★,sector 54,7.0,23333.0,4,6,3+,12.0,Moderately Old,2715.0,0,1,1,1,0,1,108,"28.4348° N, 77.1089° E",28.4348,77.1089
flat,parsvnath exotica★,sector 53,5.0,17241.0,3,4,3,7.0,Old Property,2900.0,0,1,0,0,0,1,24,"28.4433° N, 77.0948° E",28.4433,77.0948
flat,"godrej , sector",sector 79,1.25,9038.0,2,2,3,1.0,Relatively New,1383.0,0,0,0,0,0,2,0,"28.3624° N, 76.9787° E",28.3624,76.9787
flat,experion the heartsong★,sector 108,1.6,7988.0,3,4,3+,3.0,Relatively New,1500.29,0,1,0,0,0,1,60,"28.5134° N, 76.9830° E",28.5134,76.983
flat,godrej,sector 33,0.95,6859.0,2,2,3+,3.0,Under Construction,1253.0,0,0,0,0,0,2,0,"28.4420° N, 77.0207° E",28.442,77.0207
flat,supertech new soft launch,sector 68,0.84,7119.0,2,2,2,7.0,New Property,1180.0,0,0,0,0,0,2,0,"28.3853° N, 77.0484° E",28.3853,77.0484
flat,ats triumph★,sector 104,2.6,8254.0,4,4,3+,12.0,Relatively New,2851.0,0,1,0,0,0,2,118,"28.4788° N, 76.9960° E",28.4788,76.996
flat,supertech araville,sector 79,0.8,5267.0,2,2,2,12.0,New Property,1519.0,1,0,0,0,0,2,49,"28.3624° N, 76.9787° E",28.3624,76.9787
flat,mapsko mount ville★,sector 79,1.28,8556.0,3,3,3,16.0,Relatively New,1265.0,1,0,0,0,0,1,128,"28.3624° N, 76.9787° E",28.3624,76.9787
flat,ss,sector 85,2.09,7432.0,4,4,3,8.0,Relatively New,2600.0,1,1,0,1,0,2,49,"28.4042° N, 76.9513° E",28.4042,76.9513
flat,shapoorji pallonji joyville gurugram★,sector 102,1.35,9934.0,2,2,2,9.0,Relatively New,1230.0,0,0,0,0,0,2,100,"28.4750° N, 76.9715° E",28.475,76.9715
flat,pioneer araya★,sector 62,10.75,19499.0,5,7,3,10.0,Relatively New,4990.0,0,1,0,0,0,1,153,"28.4139° N, 77.0886° E",28.4139,77.0886
flat,la vida by tata housing,sector 113,2.7,16364.0,3,4,3+,4.0,Relatively New,1650.0,0,1,0,0,0,1,49,"28.5287° N, 77.0233° E",28.5287,77.0233
flat,signature global city,sector 37d,1.1,8494.0,3,3,2,2.0,Under Construction,1295.0,0,0,0,0,0,2,36,"28.4478° N, 76.9703° E",28.4478,76.9703
flat,vatika gurgaon ★,sector 83,0.75,6024.0,2,2,2,19.0,Relatively New,1150.0,0,0,0,0,1,1,105,"28.3986° N, 76.9647° E",28.3986,76.9647
flat,raheja revanta,sector 78,4.75,16886.0,3,3,2,31.0,Under Construction,2813.0,0,1,0,0,0,2,100,"28.3733° N, 76.9729° E",28.3733,76.9729
flat,ss the leaf★,sector 85,1.18,10094.0,2,3,3,12.0,Relatively New,1420.0,0,0,0,1,0,1,150,"28.4042° N, 76.9513° E",28.4042,76.9513
flat,bestech park view residency★,sector 2,0.98,6262.0,2,2,3,14.0,Moderately Old,1416.0,1,0,0,0,0,2,92,"28.5095° N, 77.0320° E",28.5095,77.032
flat,bestech park view sanskruti★,sector 92,1.5,7812.0,3,3,3,3.0,Relatively New,1738.0,0,0,0,0,1,2,49,"28.4079° N, 76.9153° E",28.4079,76.9153
flat,godrej aria★,sector 79,0.96,1477.0,2,2,3,8.0,Relatively New,1012.0,0,0,0,0,0,2,49,"28.3624° N, 76.9787° E",28.3624,76.9787
flat,shree kirpalu gi sector,sector 52,1.45,7632.0,3,3,3+,7.0,Relatively New,1800.0,0,0,0,0,1,1,108,"28.4379° N, 77.0785° E",28.4379,77.0785
flat,dlf the primus★,sector 82a,1.59,10338.0,3,3,3+,5.0,Relatively New,1668.0,0,0,0,0,1,0,167,"28.3858° N, 76.9686° E",28.3858,76.9686
flat,rof ananda,sector 95,0.26,670.0,1,1,1,8.0,New Property,406.0,0,0,0,0,0,2,49,"28.4172° N, 76.9081° E",28.4172,76.9081
flat,smart world gems,sector 89,1.1,9973.0,2,2,2,3.0,New Property,1103.0,0,0,1,0,0,2,77,"28.4253° N, 76.9439° E",28.4253,76.9439
flat,sare homes,sector 92,1.1,5348.0,4,4,3,4.0,Relatively New,2057.0,0,1,0,0,0,2,108,"28.4079° N, 76.9153° E",28.4079,76.9153
flat,corona optus★,sector 37c,1.44,7236.0,3,3,3+,2.0,Relatively New,1789.0,1,1,0,0,1,2,49,"28.4515° N, 76.9882° E",28.4515,76.9882
flat,antriksh heights★,sector 84,0.94,6999.0,3,2,3+,10.0,New Property,1222.0,1,0,0,0,0,1,89,"28.3979° N, 76.9736° E",28.3979,76.9736
flat,sbr minda sec-imt manesar,manesar,0.64,4194.0,3,2,3+,6.0,Old Property,1526.0,0,0,0,0,0,2,51,"28.3515° N, 76.9428° E",28.3515,76.9428
flat,sidhartha ncr one phase ★,sector 95,0.43,3152.0,2,2,2,6.0,Relatively New,1300.0,0,0,0,0,0,2,120,"28.4172° N, 76.9081° E",28.4172,76.9081
flat,dlf new town heights ★,sector 86,1.54,5785.0,4,4,3+,21.0,Moderately Old,2139.0,1,1,0,1,0,2,80,"28.3986° N, 76.9384° E",28.3986,76.9384
flat,godrej oasis★,sector 88a,2.65,16751.0,3,3,3+,10.0,New Property,1582.0,0,0,0,0,0,2,110,"28.4347° N, 76.9557° E",28.4347,76.9557
flat,bestech park view residency★,sector 2,1.5,7825.0,3,4,3+,10.0,Moderately Old,1738.0,0,1,0,0,0,2,93,"28.5095° N, 77.0320° E",28.5095,77.032
flat,ambience creacions,sector 22,3.99,12913.0,3,5,3+,3.0,New Property,2796.0,0,1,0,0,0,0,102,"28.5072° N, 77.0640° E",28.5072,77.064
flat,ss the leaf★,sector 85,1.84,7641.0,3,4,3,8.0,Relatively New,2026.0,0,0,0,1,0,2,158,"28.4042° N, 76.9513° E",28.4042,76.9513
flat,smart world orchard,sector 61,1.58,13739.0,2,2,2,3.0,New Property,1150.0,1,0,0,0,0,2,15,"28.4050° N, 77.0963° E",28.405,77.0963
flat,ss the leaf★,sector 85,1.07,6524.0,2,2,3,21.0,Relatively New,1484.0,0,0,0,1,0,2,67,"28.4042° N, 76.9513° E",28.4042,76.9513
flat,bestech park view grand spa★,sector 81,4.7,6786.0,4,4,3+,19.0,Relatively New,6268.0,0,1,0,0,0,1,140,"28.3867° N, 76.9485° E",28.3867,76.9485
flat,mm woodshire★,sector 107,1.32,6331.0,3,3,3,10.0,Relatively New,1758.0,0,0,0,0,0,2,117,"28.5052° N, 76.9729° E",28.5052,76.9729
flat,ss the leaf★,sector 85,1.06,6344.0,2,2,2,12.0,Relatively New,1512.0,0,0,0,0,0,2,44,"28.4042° N, 76.9513° E",28.4042,76.9513
flat,shapoorji pallonji joyville gurugram★,sector 102,0.97,1827.0,2,2,2,10.0,Relatively New,742.0,0,0,0,0,0,2,151,"28.4750° N, 76.9715° E",28.475,76.9715
flat,la vida by tata housing,sector 113,2.33,12534.0,3,3,3,3.0,New Property,2098.0,0,1,0,0,0,2,174,"28.5287° N, 77.0233° E",28.5287,77.0233
flat,dlf garden city floors,sector 92,1.7,8586.0,3,4,2,1.0,Under Construction,1475.0,0,0,0,0,0,2,63,"28.4079° N, 76.9153° E",28.4079,76.9153
flat,sbtl caladium,sector 109,1.2,6383.0,3,2,2,8.0,Relatively New,1701.0,0,0,0,0,0,2,151,"28.5073° N, 77.0089° E",28.5073,77.0089
flat,park view apartments,sector 15,1.6,11034.0,3,3,3+,2.0,Moderately Old,1450.0,0,0,0,1,0,2,56,"28.4621° N, 77.0464° E",28.4621,77.0464
flat,sare crescent parc royal greens phase,sector 92,1.0,3713.0,4,4,3,15.0,New Property,1828.0,0,0,0,0,0,2,31,"28.4079° N, 76.9153° E",28.4079,76.9153
flat,shree vardhman flora★,sector 90,0.85,4404.0,3,4,3,3.0,Relatively New,1679.0,0,1,1,0,0,2,110,"28.4085° N, 76.9369° E",28.4085,76.9369
flat,mm golfestate★,sector 65,13.2,12000.0,4,4,3,13.0,Moderately Old,11000.0,0,1,0,0,0,2,60,"28.4030° N, 77.0690° E",28.403,77.069
flat,bestech park view city★,sector 48,2.7,11714.0,3,3,3+,7.0,Relatively New,2000.0,1,1,0,0,0,1,174,"28.4177° N, 77.0359° E",28.4177,77.0359
flat,sahara grace,sector 28,4.3,12421.0,3,4,3,5.0,Old Property,3133.0,0,1,1,0,0,2,24,"28.4728° N, 77.0865° E",28.4728,77.0865
flat,sarahah tower,sector 12,0.6,926.0,2,2,1,0.0,New Property,6480.0,0,0,0,1,0,0,0,"28.4723° N, 77.0320° E",28.4723,77.032
flat,tulip ivory★,sector 70,2.0,8333.0,4,5,3+,7.0,Moderately Old,2169.0,0,1,0,0,0,1,174,"28.3968° N, 77.0233° E",28.3968,77.0233
flat,mm woodshire,sector 107,1.4,5930.0,3,4,0,1.0,New Property,2137.0,0,0,0,0,0,2,67,"28.5052° N, 76.9729° E",28.5052,76.9729
flat,godrej aria★,sector 79,1.0,6653.0,2,2,2,4.0,Relatively New,1300.0,1,0,0,0,0,2,49,"28.3624° N, 76.9787° E",28.3624,76.9787
flat,signature global solera★,sector 107,0.29,659.0,2,2,2,3.0,Relatively New,4401.0,0,0,0,0,0,2,45,"28.5052° N, 76.9729° E",28.5052,76.9729
flat,chintels paradiso★,sector 109,1.8,8867.0,3,3,2,0.0,Moderately Old,1910.0,0,1,0,0,0,2,83,"28.5073° N, 77.0089° E",28.5073,77.0089
flat,the lions cghs,sector 56,1.99,11056.0,4,4,3+,4.0,Old Property,2000.0,0,0,0,1,1,1,105,"28.4245° N, 77.0991° E",28.4245,77.0991
flat,paras dews,sector 106,1.25,10656.0,3,4,3,14.0,Relatively New,1305.0,1,1,0,0,0,2,167,"28.5007° N, 77.0003° E",28.5007,77.0003
flat,mm woodshire★,sector 107,1.21,6227.0,3,3,3,7.0,Moderately Old,1713.0,0,0,0,0,0,1,126,"28.5052° N, 76.9729° E",28.5052,76.9729
flat,sare crescent parc★,sector 92,0.5,5000.0,2,2,3,2.0,Moderately Old,905.0,0,0,0,0,0,2,38,"28.4079° N, 76.9153° E",28.4079,76.9153
flat,experion windchants★,sector 112,4.25,11294.0,3,5,2,15.0,Relatively New,3000.0,0,1,0,1,0,2,72,"28.5189° N, 77.0183° E",28.5189,77.0183
flat,mm skywalk,sector 74,1.52,13345.0,2,2,3,6.0,Relatively New,1250.0,0,0,1,0,0,2,174,"28.4158° N, 77.0118° E",28.4158,77.0118
flat,experion the heartsong★,sector 108,0.97,9238.0,2,2,3,10.0,Relatively New,1050.0,0,1,0,0,0,2,165,"28.5134° N, 76.9830° E",28.5134,76.983
flat,ss the leaf★,sector 85,1.85,7683.0,3,4,3,2.0,Relatively New,2179.0,1,1,0,0,0,1,49,"28.4042° N, 76.9513° E",28.4042,76.9513
flat,rof ananda,sector 95,0.25,731.0,1,1,1,4.0,New Property,344.0,0,0,0,0,0,2,0,"28.4172° N, 76.9081° E",28.4172,76.9081
flat,godrej oasis★,sector 88a,1.3,7259.0,3,3,3+,4.0,Relatively New,1791.0,0,0,0,0,0,2,79,"28.4347° N, 76.9557° E",28.4347,76.9557
flat,shree vardhman flora★,sector 90,0.95,6333.0,3,3,3,9.0,Relatively New,1500.0,0,1,0,0,0,2,90,"28.4085° N, 76.9369° E",28.4085,76.9369
house,independent,sector 12,0.6,105.0,3,3,1,2.0,Old Property,57.0,0,0,0,0,1,2,0,"28.4723° N, 77.0320° E",28.4723,77.032
flat,tulip petals★,sector 89,1.1,7097.0,3,2,3,4.0,New Property,1467.0,0,0,0,0,0,2,0,"28.4253° N, 76.9439° E",28.4253,76.9439
flat,signature andour heights★,sector 71,0.37,822.0,1,1,2,2.0,Relatively New,425.0,0,0,0,0,0,1,37,"28.4104° N, 77.0281° E",28.4104,77.0281
flat,conscient heritage max★,sector 102,2.1,9772.0,3,4,3+,10.0,Relatively New,1945.0,1,1,0,0,0,2,53,"28.4750° N, 76.9715° E",28.475,76.9715
flat,ireo skyon★,sector 60,2.5,16129.0,2,3,2,4.0,Relatively New,1403.0,1,0,0,0,0,2,100,"28.4003° N, 77.0975° E",28.4003,77.0975
flat,mapsko mount ville★,sector 79,1.25,8389.0,3,3,3,22.0,Relatively New,1154.0,1,0,0,1,0,2,160,"28.3624° N, 76.9787° E",28.3624,76.9787
flat,gls avenue,sector 92,0.45,667.0,3,3,1,10.0,Relatively New,6750.0,0,0,0,0,0,2,0,"28.4079° N, 76.9153° E",28.4079,76.9153
flat,emaar mgf palm hills★,sector 77,1.09,5383.0,3,4,3+,5.0,Relatively New,1833.0,0,1,0,0,1,1,167,"28.3801° N, 76.9845° E",28.3801,76.9845
flat,la vida by tata housing,sector 113,2.45,11051.0,3,3,3+,3.0,Relatively New,1890.0,1,0,0,0,0,2,174,"28.5287° N, 77.0233° E",28.5287,77.0233
flat,mm woodshire★,sector 107,1.49,6311.0,3,4,3+,5.0,Relatively New,2137.0,0,1,1,0,0,1,174,"28.5052° N, 76.9729° E",28.5052,76.9729
flat,ireo victory valley★,sector 67,3.15,12847.0,3,4,3+,15.0,Relatively New,2219.0,0,1,0,1,0,1,149,"28.3859° N, 77.0608° E",28.3859,77.0608
flat,paras dews,sector 106,1.35,8940.0,4,3,3,19.0,Old Property,1510.0,0,1,0,0,0,2,112,"28.5007° N, 77.0003° E",28.5007,77.0003
flat,godrej summit★,sector 104,0.85,5878.0,2,2,3+,10.0,Relatively New,1269.0,1,0,0,0,0,2,79,"28.4788° N, 76.9960° E",28.4788,76.996
flat,apex builders,sector 37c,0.42,622.0,2,2,2,4.0,Relatively New,6750.0,0,0,0,0,0,2,42,"28.4515° N, 76.9882° E",28.4515,76.9882
flat,antriksh heights★,sector 84,1.05,5012.0,4,4,3+,3.0,New Property,1896.0,1,0,0,0,0,2,66,"28.3979° N, 76.9736° E",28.3979,76.9736
flat,mm soulitude,sector 89,1.28,8828.0,3,3,2,4.0,Under Construction,1450.0,1,0,0,0,0,2,114,"28.4253° N, 76.9439° E",28.4253,76.9439
flat,tata primanti★,sector 72,3.9,13425.0,4,4,3+,39.0,Relatively New,2509.0,0,1,0,0,1,2,49,"28.4225° N, 77.0211° E",28.4225,77.0211
flat,nbcc heights★,sector 89,0.75,6579.0,2,2,2,6.0,Moderately Old,1032.0,0,0,0,0,0,2,0,"28.4253° N, 76.9439° E",28.4253,76.9439
flat,chd avenue ★,sector 71,1.3,5532.0,4,4,3,5.0,Moderately Old,2127.0,0,1,0,0,0,2,126,"28.4104° N, 77.0281° E",28.4104,77.0281
flat,paras dews,sector 106,1.42,6030.0,4,6,3+,11.0,Relatively New,2131.0,0,1,0,0,0,2,143,"28.5007° N, 77.0003° E",28.5007,77.0003
flat,emaar mgf emerald floors premier★,sector 65,2.35,14242.0,3,3,3,2.0,Relatively New,1333.0,1,1,0,0,0,2,158,"28.4030° N, 77.0690° E",28.403,77.069
flat,afnhb jalvayu vihar★,sector 30,1.45,11154.0,3,2,2,2.0,Old Property,1211.0,0,0,0,0,0,0,75,"28.4604° N, 77.0579° E",28.4604,77.0579
flat,imperia the esfera,sector 37c,0.85,5387.0,2,3,3,9.0,Relatively New,1442.0,1,0,0,0,0,2,49,"28.4515° N, 76.9882° E",28.4515,76.9882
flat,deepak minda,manesar,1.25,4715.0,4,4,3+,6.0,Moderately Old,2651.0,0,0,0,0,0,1,44,"28.3515° N, 76.9428° E",28.3515,76.9428
flat,rof ananda,sector 95,0.46,702.0,2,2,2,11.0,New Property,6552.0,1,0,0,0,0,2,82,"28.4172° N, 76.9081° E",28.4172,76.9081
flat,sobha city,sector 108,3.95,16859.0,3,4,2,15.0,Relatively New,2343.0,0,1,0,0,0,2,49,"28.5134° N, 76.9830° E",28.5134,76.983
flat,shapoorji pallonji joyville gurugram★,sector 102,1.8,10638.0,3,3,3,1.0,Relatively New,1531.0,0,0,0,0,0,2,141,"28.4750° N, 76.9715° E",28.475,76.9715
flat,vatika xpressions,sector 88b,1.1,8148.0,2,4,3+,2.0,Under Construction,1167.0,1,0,0,0,0,2,58,"28.4446° N, 76.9542° E",28.4446,76.9542
flat,unitech uniworld gardens★,sector 47,2.15,10307.0,3,4,3+,10.0,Moderately Old,1950.0,0,1,0,0,0,2,49,"28.4276° N, 77.0492° E",28.4276,77.0492
flat,bptp freedom park life★,sector 57,2.5,11111.0,3,3,3,9.0,Moderately Old,2036.0,0,0,0,0,0,2,0,"28.4232° N, 77.0752° E",28.4232,77.0752
flat,corona optus★,sector 37c,1.22,6912.0,3,4,3,5.0,Relatively New,1665.0,0,0,0,0,0,2,149,"28.4515° N, 76.9882° E",28.4515,76.9882
flat,bestech park view grand spa★,sector 81,2.35,8835.0,3,4,3+,6.0,Relatively New,2513.0,0,1,0,0,0,1,101,"28.3867° N, 76.9485° E",28.3867,76.9485
flat,paras quartier,sector 12,7.5,14019.0,4,4,3+,20.0,New Property,4842.0,0,1,0,1,1,1,49,"28.4723° N, 77.0320° E",28.4723,77.032
flat,dlf new town heights ★,sector 90,1.51,6387.0,4,4,3+,6.0,Relatively New,2362.0,0,1,0,1,0,1,142,"28.4085° N, 76.9369° E",28.4085,76.9369
flat,dlf the ultima★,sector 81,2.29,10926.0,3,4,3+,15.0,Relatively New,1900.0,0,1,0,0,0,0,103,"28.3867° N, 76.9485° E",28.3867,76.9485
flat,shree arihant apartment,sector 54,1.55,7381.0,3,3,3+,3.0,Moderately Old,2000.0,0,0,0,1,1,1,125,"28.4348° N, 77.1089° E",28.4348,77.1089
flat,vatika xpressions,sector 88b,0.92,6815.0,2,2,3,3.0,New Property,1244.0,0,0,0,0,0,2,26,"28.4446° N, 76.9542° E",28.4446,76.9542
flat,tata primanti★,sector 72,3.3,15103.0,3,4,3+,15.0,New Property,2185.0,0,1,0,0,0,0,174,"28.4225° N, 77.0211° E",28.4225,77.0211
flat,dlf the ultima★,sector 81,2.4,11412.0,3,3,3+,12.0,Relatively New,1650.0,0,1,0,0,0,0,49,"28.3867° N, 76.9485° E",28.3867,76.9485
flat,supertech araville,sector 79,0.78,6023.0,2,2,3+,17.0,Relatively New,1172.0,0,0,0,0,0,2,24,"28.3624° N, 76.9787° E",28.3624,76.9787
flat,sidhartha ncr one,sector 95,0.55,617.0,2,2,3,15.0,Relatively New,1056.0,0,0,0,0,0,2,0,"28.4172° N, 76.9081° E",28.4172,76.9081
flat,indiabulls centrum park★,sector 103,1.34,7486.0,3,3,3+,13.0,Relatively New,1560.0,1,0,0,0,0,2,93,"28.4949° N, 76.9845° E",28.4949,76.9845
flat,kiran residency,sector 56,1.5,6649.0,3,5,3+,4.0,Moderately Old,2256.0,1,0,0,1,0,1,134,"28.4245° N, 77.0991° E",28.4245,77.0991
flat,smart world orchard,sector 61,1.47,12783.0,2,2,2,4.0,New Property,1150.0,1,0,0,1,0,2,53,"28.4050° N, 77.0963° E",28.405,77.0963
flat,earth copia,sector 112,0.7,4673.0,2,2,2,4.0,Relatively New,1498.0,0,0,0,0,0,2,65,"28.5189° N, 77.0183° E",28.5189,77.0183
flat,dlf regal gardens★,sector 90,1.25,10417.0,3,3,3,18.0,Moderately Old,1437.0,0,1,0,0,0,2,100,"28.4085° N, 76.9369° E",28.4085,76.9369
flat,sare green parc phase,sector 92,1.08,5150.0,4,4,2,16.0,New Property,1891.0,0,1,0,0,0,2,107,"28.4079° N, 76.9153° E",28.4079,76.9153
flat,ats kocoon,sector 109,1.7,12879.0,3,3,3,22.0,Relatively New,1550.0,0,0,0,0,0,2,103,"28.5073° N, 77.0089° E",28.5073,77.0089
flat,sare homes,sector 92,0.6,5000.0,3,2,3,4.0,Moderately Old,1200.0,0,0,0,0,0,1,49,"28.4079° N, 76.9153° E",28.4079,76.9153
flat,dlf new town heights ★,sector 90,1.65,5684.0,4,4,3+,7.0,Moderately Old,2468.0,0,0,0,0,0,2,117,"28.4085° N, 76.9369° E",28.4085,76.9369
flat,orchid petals★,sector 49,2.09,11579.0,3,3,3,0.0,Relatively New,1633.0,0,0,0,0,0,2,49,"28.4121° N, 77.0480° E",28.4121,77.048
flat,friends apartment,sector 52,2.0,8511.0,4,3,3,5.0,Moderately Old,2091.0,0,1,0,0,0,0,111,"28.4379° N, 77.0785° E",28.4379,77.0785
flat,ansal housing highland park,sector 103,0.8,5878.0,2,2,3,3.0,New Property,1089.0,0,0,0,1,0,2,174,"28.4949° N, 76.9845° E",28.4949,76.9845
flat,ireo the grand arch★,sector 58,4.0,18484.0,3,4,3,5.0,Old Property,2164.0,0,1,0,0,0,1,49,"28.4200° N, 77.1105° E",28.42,77.1105
flat,ss the leaf★,sector 85,1.2,7317.0,2,2,3+,14.0,Relatively New,1380.0,0,0,1,0,0,2,141,"28.4042° N, 76.9513° E",28.4042,76.9513
flat,gls avenue,sector 92,0.45,846.0,2,2,1,10.0,New Property,657.0,1,0,0,0,0,1,20,"28.4079° N, 76.9153° E",28.4079,76.9153
flat,experion windchants★,sector 112,5.31,11205.0,4,6,3+,15.0,Relatively New,3573.33,0,1,0,1,0,2,72,"28.5189° N, 77.0183° E",28.5189,77.0183
flat,dlf regal gardens★,sector 90,1.25,8117.0,3,3,3,8.0,Relatively New,1640.0,0,0,0,1,0,2,158,"28.4085° N, 76.9369° E",28.4085,76.9369
flat,mm skywalk,sector 74,2.45,12141.0,3,3,3+,25.0,Relatively New,1800.0,1,0,0,0,0,2,137,"28.4158° N, 77.0118° E",28.4158,77.0118
flat,indiabulls centrum park★,sector 103,1.15,8679.0,2,2,3,10.0,Relatively New,1080.0,1,0,0,0,0,1,174,"28.4949° N, 76.9845° E",28.4949,76.9845
flat,ambience lagoon★,sector 24,5.8,12500.0,3,4,3+,9.0,Old Property,4640.0,1,1,0,1,1,0,68,"28.4939° N, 77.1038° E",28.4939,77.1038
flat,chintamani,sector 103,1.57,8509.0,3,3,3,1.0,Relatively New,1500.0,0,0,0,0,0,2,0,"28.4949° N, 76.9845° E",28.4949,76.9845
flat,pivotal devaan,sector 84,0.35,667.0,2,2,1,4.0,Relatively New,528.0,0,0,0,0,0,2,37,"28.3979° N, 76.9736° E",28.3979,76.9736
flat,experion windchants★,sector 112,5.49,11585.0,4,5,3+,5.0,Relatively New,3655.35,0,1,0,0,0,1,168,"28.5189° N, 77.0183° E",28.5189,77.0183
flat,ss the leaf★,sector 85,1.2,1375.0,2,2,2,4.0,Relatively New,1190.0,0,1,1,0,0,2,81,"28.4042° N, 76.9513° E",28.4042,76.9513
flat,tulip violet★,sector 69,1.37,8676.0,3,3,1,12.0,Relatively New,1568.0,0,0,0,1,0,2,95,"28.3966° N, 77.0341° E",28.3966,77.0341
flat,the lions cghs,sector 56,2.05,8542.0,4,4,3+,8.0,Moderately Old,2400.0,0,0,0,0,0,1,49,"28.4245° N, 77.0991° E",28.4245,77.0991
flat,abhinav group housing society,sector 7,1.1,6111.0,3,2,3,5.0,Old Property,1800.0,0,0,0,0,0,2,42,"28.4644° N, 77.0143° E",28.4644,77.0143
flat,godrej summit★,sector 104,0.98,5950.0,3,3,3,12.0,Relatively New,1490.0,0,0,0,0,1,2,79,"28.4788° N, 76.9960° E",28.4788,76.996
flat,bestech park view ananda★,sector 81,0.95,1181.0,2,2,2,2.0,Relatively New,1112.0,0,0,0,0,0,1,104,"28.3867° N, 76.9485° E",28.3867,76.9485
flat,the roselia,sector 95,0.45,719.0,2,2,2,19.0,Relatively New,661.0,0,0,0,0,0,2,0,"28.4172° N, 76.9081° E",28.4172,76.9081
flat,tulip violet★,sector 69,2.0,9583.0,4,4,2,0.0,Relatively New,1889.0,0,0,0,0,0,2,157,"28.3966° N, 77.0341° E",28.3966,77.0341
flat,mm capital,sector 113,2.37,11499.0,4,4,3+,20.0,Under Construction,1778.0,1,0,0,0,0,2,143,"28.5287° N, 77.0233° E",28.5287,77.0233
flat,dlf new town heights ★,sector 90,1.15,5959.0,3,3,3+,9.0,Relatively New,1747.0,0,1,0,1,0,2,88,"28.4085° N, 76.9369° E",28.4085,76.9369
flat,mm sierra,sector 68,1.08,8675.0,2,2,3,1.0,Relatively New,1130.0,0,0,0,0,0,1,149,"28.3853° N, 77.0484° E",28.3853,77.0484
flat,tulip violet★,sector 69,1.43,8888.0,3,3,2,1.0,Relatively New,1455.0,0,0,0,1,0,2,86,"28.3966° N, 77.0341° E",28.3966,77.0341
flat,orchid petals★,sector 49,1.95,9974.0,3,3,3,2.0,Old Property,1633.0,0,0,0,0,0,1,90,"28.4121° N, 77.0480° E",28.4121,77.048
flat,dlf new town heights ★,sector 86,1.3,6736.0,3,3,3,15.0,Relatively New,1715.0,0,1,0,1,0,1,49,"28.3986° N, 76.9384° E",28.3986,76.9384
flat,mahindra luminare★,sector 59,5.8,19174.0,3,4,3,16.0,New Property,3025.0,0,1,0,0,0,1,49,"28.4051° N, 77.1097° E",28.4051,77.1097
flat,mm capital,sector 113,2.9,12620.0,4,4,3+,11.0,Under Construction,2298.0,1,1,0,0,0,2,49,"28.5287° N, 77.0233° E",28.5287,77.0233
flat,signature global city,sector 37d,1.25,6083.0,3,3,3,4.0,Under Construction,2055.0,0,0,0,0,0,2,16,"28.4478° N, 76.9703° E",28.4478,76.9703
flat,ss the leaf★,sector 85,1.05,6162.0,2,2,3+,7.0,Relatively New,1512.0,0,0,1,0,0,2,144,"28.4042° N, 76.9513° E",28.4042,76.9513
flat,tulip violet★,sector 69,1.7,8458.0,4,4,2,10.0,Relatively New,1804.0,1,1,1,1,0,2,174,"28.3966° N, 77.0341° E",28.3966,77.0341
flat,vatika gurgaon ★,sector 83,0.83,6667.0,2,2,2,12.0,Relatively New,1154.0,0,0,0,1,0,2,165,"28.3986° N, 76.9647° E",28.3986,76.9647
flat,rof ananda,sector 95,0.36,629.0,2,2,2,10.0,New Property,5724.0,1,0,0,0,0,2,75,"28.4172° N, 76.9081° E",28.4172,76.9081
flat,bestech altura,sector 79,1.9,8837.0,3,4,3,11.0,Under Construction,1946.0,0,0,0,0,0,2,96,"28.3624° N, 76.9787° E",28.3624,76.9787
flat,ild greens★,sector 37c,1.0,4724.0,3,3,3,3.0,Under Construction,1629.0,0,0,0,0,0,2,0,"28.4515° N, 76.9882° E",28.4515,76.9882
flat,dlf the ultima★,sector 81,2.3,10937.0,3,3,3+,19.0,Relatively New,1617.0,1,1,0,1,1,0,49,"28.3867° N, 76.9485° E",28.3867,76.9485
flat,mm latitude,sector 65,4.7,19748.0,3,3,3+,9.0,Relatively New,2380.0,0,1,0,1,0,1,44,"28.4030° N, 77.0690° E",28.403,77.069
flat,ansal maple crescent,sector 43,1.35,10037.0,3,3,3,2.0,Old Property,1320.0,0,0,0,0,1,1,93,"28.4629° N, 77.0772° E",28.4629,77.0772
flat,signature global solera★,sector 107,0.28,648.0,2,2,2,11.0,Relatively New,4320.0,0,0,0,0,0,2,45,"28.5052° N, 76.9729° E",28.5052,76.9729
flat,lagoon apartment,sector 12,3.0,12000.0,3,4,3,2.0,Moderately Old,2500.0,0,0,0,0,0,2,0,"28.4723° N, 77.0320° E",28.4723,77.032
flat,ashiana apartment,sector 23,0.16,228.0,2,2,2,1.0,Moderately Old,706.0,0,0,0,0,0,2,0,"28.5121° N, 77.0478° E",28.5121,77.0478
flat,sidhartha ncr one phase ★,sector 95,0.56,4106.0,2,2,2,10.0,Relatively New,1234.0,0,0,0,0,0,1,60,"28.4172° N, 76.9081° E",28.4172,76.9081
flat,piedmont taksila heights★,sector 37c,1.0,6506.0,3,3,3+,8.0,Relatively New,1537.0,0,0,0,0,0,1,49,"28.4515° N, 76.9882° E",28.4515,76.9882
flat,supertech araville,sector 79,0.9,5882.0,2,2,3,5.0,Relatively New,1450.0,1,0,0,0,0,2,53,"28.3624° N, 76.9787° E",28.3624,76.9787
flat,emaar imperial gardens★,sector 102,1.85,9136.0,3,3,3+,0.0,Relatively New,2025.0,0,1,0,0,0,1,95,"28.4750° N, 76.9715° E",28.475,76.9715
flat,parsvnath green ville★,sector 48,1.42,8606.0,3,3,3,1.0,Moderately Old,1493.0,0,0,1,0,0,0,174,"28.4177° N, 77.0359° E",28.4177,77.0359
flat,mm urbana,sector 67,1.0,1345.0,1,1,1,17.0,Relatively New,7434.0,0,0,0,0,0,2,49,"28.3859° N, 77.0608° E",28.3859,77.0608
flat,ramsons kshitij★,sector 95,0.3,351.0,2,2,1,11.0,Relatively New,613.0,0,0,0,0,0,2,0,"28.4172° N, 76.9081° E",28.4172,76.9081
flat,dlf the grove,sector 43,6.0,25000.0,4,4,2,1.0,Under Construction,2400.0,0,1,0,0,0,1,49,"28.4629° N, 77.0772° E",28.4629,77.0772
flat,alpha corp gurgaonone ★,sector 84,1.5,7641.0,3,3,3,20.0,Relatively New,1833.0,0,1,0,0,0,1,37,"28.3979° N, 76.9736° E",28.3979,76.9736
flat,signature global city,sector 81,0.96,1085.0,2,2,2,1.0,Under Construction,8847.0,0,0,0,0,0,2,49,"28.3867° N, 76.9485° E",28.3867,76.9485
flat,karmyogi apartment,sector 10a,2.3,6466.0,6,4,2,6.0,Moderately Old,3557.0,0,0,0,0,0,2,0,"28.4469° N, 77.0106° E",28.4469,77.0106
flat,suncity platinum towers,sector 28,7.0,22222.0,4,3,2,10.0,Moderately Old,2488.0,0,1,0,0,0,2,31,"28.4728° N, 77.0865° E",28.4728,77.0865
flat,ats kocoon,sector 109,2.22,10597.0,3,3,3,20.0,Relatively New,1896.0,0,1,0,0,1,2,79,"28.5073° N, 77.0089° E",28.5073,77.0089
flat,bestech park view city★,sector 48,2.65,10323.0,4,4,3+,11.0,Moderately Old,2134.0,1,1,0,0,0,1,174,"28.4177° N, 77.0359° E",28.4177,77.0359
flat,sare crescent parc royal greens phase,sector 92,0.5,5000.0,2,2,3,2.0,Relatively New,1110.0,0,0,0,0,0,2,0,"28.4079° N, 76.9153° E",28.4079,76.9153
flat,tata primanti★,sector 72,4.1,13726.0,3,3,3,8.0,Moderately Old,2308.0,0,1,0,0,0,2,38,"28.4225° N, 77.0211° E",28.4225,77.0211
flat,dnha group housing society,manesar,0.75,4518.0,3,2,2,5.0,Moderately Old,1502.0,0,0,0,0,0,2,0,"28.3515° N, 76.9428° E",28.3515,76.9428
flat,dlf regal gardens★,sector 90,1.65,7449.0,4,4,3+,15.0,Relatively New,2214.0,0,0,0,0,0,1,158,"28.4085° N, 76.9369° E",28.4085,76.9369
flat,godrej aria★,sector 79,1.1,7774.0,2,2,3+,4.0,New Property,1223.0,0,0,0,0,0,1,49,"28.3624° N, 76.9787° E",28.3624,76.9787
flat,shapoorji pallonji joyville gurugram★,sector 102,2.04,14069.0,3,3,3+,1.0,Relatively New,1644.0,0,0,0,0,0,2,72,"28.4750° N, 76.9715° E",28.475,76.9715
flat,lotus homz★,sector 111,0.5,1649.0,1,1,1,2.0,Relatively New,3033.0,0,0,0,0,0,0,72,"28.5238° N, 77.0320° E",28.5238,77.032
flat,godrej aria★,sector 79,0.95,6552.0,2,2,3,5.0,Relatively New,1450.0,0,0,0,0,0,1,174,"28.3624° N, 76.9787° E",28.3624,76.9787
flat,mm woodshire★,sector 107,1.7,6142.0,4,5,3+,9.0,Relatively New,2505.0,0,1,0,0,0,2,79,"28.5052° N, 76.9729° E",28.5052,76.9729
flat,la vida by tata housing,sector 113,2.85,12855.0,3,3,3+,10.0,New Property,2006.0,0,1,0,0,0,2,72,"28.5287° N, 77.0233° E",28.5287,77.0233
flat,ansal heights,sector 86,0.95,5621.0,3,2,1,6.0,New Property,1690.0,0,0,0,0,0,2,15,"28.3986° N, 76.9384° E",28.3986,76.9384
flat,emaar mgf the palm drive★,sector 66,2.8,14359.0,3,3,2,12.0,New Property,1950.0,1,1,0,1,0,0,69,"28.3925° N, 77.0541° E",28.3925,77.0541
flat,bestech park view residency★,sector 2,0.98,6960.0,2,2,3,0.0,Moderately Old,1281.0,0,0,0,0,0,2,85,"28.5095° N, 77.0320° E",28.5095,77.032
flat,bestech park view sanskruti★,sector 92,1.6,8020.0,3,4,3+,10.0,Relatively New,1615.0,0,1,0,0,1,1,174,"28.4079° N, 76.9153° E",28.4079,76.9153
flat,ss the leaf★,sector 85,1.2,7317.0,2,2,3,6.0,Relatively New,1300.0,0,0,0,0,0,1,174,"28.4042° N, 76.9513° E",28.4042,76.9513
flat,suncity heights★,sector 54,3.25,14118.0,3,3,3+,0.0,Old Property,2302.0,0,0,0,1,0,1,120,"28.4348° N, 77.1089° E",28.4348,77.1089
flat,espire south,sector 68,1.32,9047.0,2,2,2,9.0,New Property,1459.0,0,0,0,0,0,2,0,"28.3853° N, 77.0484° E",28.3853,77.0484
flat,dlf new town heights ★,sector 90,1.8,6601.0,4,4,3+,23.0,Moderately Old,2468.0,0,0,0,0,0,2,0,"28.4085° N, 76.9369° E",28.4085,76.9369
flat,emaar mgf emerald floors premier★,sector 65,2.75,13924.0,4,4,3,3.0,Relatively New,1975.0,1,1,0,0,0,1,113,"28.4030° N, 77.0690° E",28.403,77.069
flat,emaar imperial gardens★,sector 102,2.05,9875.0,3,4,3+,14.0,Relatively New,2076.0,0,1,0,0,0,2,116,"28.4750° N, 76.9715° E",28.475,76.9715
flat,tata primanti★,sector 72,6.5,15294.0,4,4,3+,0.0,Relatively New,3846.0,1,1,0,1,0,2,67,"28.4225° N, 77.0211° E",28.4225,77.0211
flat,dlf express greens★,manesar,1.5,6359.0,4,5,3+,10.0,New Property,2135.0,0,1,0,0,0,2,32,"28.3515° N, 76.9428° E",28.3515,76.9428
flat,experion windchants★,sector 112,3.75,13383.0,3,3,2,21.0,Relatively New,2225.56,0,1,0,0,0,1,159,"28.5189° N, 77.0183° E",28.5189,77.0183
flat,raheja atharva★,sector 109,2.2,9491.0,3,3,2,7.0,Moderately Old,2318.0,0,1,0,0,0,1,111,"28.5073° N, 77.0089° E",28.5073,77.0089
flat,signature global solera★,sector 107,0.5,861.0,3,2,2,6.0,Relatively New,5805.0,0,0,0,0,1,2,15,"28.5052° N, 76.9729° E",28.5052,76.9729
flat,indiabulls centrum park★,sector 103,1.9,5682.0,3,4,3+,10.0,Relatively New,3344.0,1,1,0,1,1,1,49,"28.4949° N, 76.9845° E",28.4949,76.9845
flat,dlf new town heights ★,sector 86,1.28,8205.0,3,4,3+,12.0,Moderately Old,1740.0,0,1,0,1,0,2,96,"28.3986° N, 76.9384° E",28.3986,76.9384
flat,tulip leaf,sector 69,2.07,11424.0,3,3,3,16.0,Relatively New,1640.0,0,0,0,0,0,2,49,"28.3966° N, 77.0341° E",28.3966,77.0341
flat,shapoorji pallonji joyville gurugram★,sector 102,1.35,1639.0,2,2,2,10.0,Under Construction,828.0,0,0,0,0,0,2,22,"28.4750° N, 76.9715° E",28.475,76.9715
flat,ss the coralwood★,sector 84,1.05,6774.0,3,3,3,6.0,Relatively New,1610.0,0,0,0,0,1,2,129,"28.3979° N, 76.9736° E",28.3979,76.9736
flat,vipul lavanya★,sector 81,0.75,5967.0,2,2,2,7.0,Moderately Old,1257.0,0,0,0,0,0,2,37,"28.3867° N, 76.9485° E",28.3867,76.9485
flat,signature global solera★,sector 107,0.36,731.0,2,2,2,8.0,Relatively New,4923.0,0,0,0,0,0,2,45,"28.5052° N, 76.9729° E",28.5052,76.9729
flat,signature global city,sector 37d,1.1,8800.0,3,3,3,1.0,Under Construction,1250.0,0,0,0,0,0,2,16,"28.4478° N, 76.9703° E",28.4478,76.9703
flat,dlf new town heights ★,sector 90,1.25,6504.0,3,3,3+,5.0,Relatively New,1929.0,0,1,0,1,0,2,127,"28.4085° N, 76.9369° E",28.4085,76.9369
flat,dlf royalton tower,sector 43,6.5,20687.0,4,4,3+,9.0,Moderately Old,2712.0,0,1,0,0,0,2,7,"28.4629° N, 77.0772° E",28.4629,77.0772
flat,supertech araville,sector 79,1.0,6536.0,2,2,3,4.0,Relatively New,1530.0,1,0,0,0,0,2,24,"28.3624° N, 76.9787° E",28.3624,76.9787
flat,sanskriti apartments,sector 43,2.5,13514.0,3,2,3,5.0,Old Property,1674.0,1,0,0,0,0,2,0,"28.4629° N, 77.0772° E",28.4629,77.0772
flat,ss radiance residency,sector 12,0.6,5660.0,3,3,2,3.0,Relatively New,1060.0,0,0,0,0,0,2,44,"28.4723° N, 77.0320° E",28.4723,77.032
flat,dlf park place★,sector 54,6.75,24963.0,4,4,2,8.0,Moderately Old,2076.0,0,1,0,0,0,0,135,"28.4348° N, 77.1089° E",28.4348,77.1089
flat,signature signum a,sector 95,0.4,865.0,2,2,2,3.0,New Property,4626.0,0,0,0,0,0,1,44,"28.4172° N, 76.9081° E",28.4172,76.9081
flat,dlf new town heights ★,sector 86,1.26,6114.0,3,3,3,5.0,Moderately Old,1747.0,0,1,0,0,1,2,113,"28.3986° N, 76.9384° E",28.3986,76.9384
flat,bestech park view ananda★,sector 81,1.15,6928.0,3,2,3+,12.0,Relatively New,1352.0,0,0,0,0,0,2,101,"28.3867° N, 76.9485° E",28.3867,76.9485
flat,godrej frontier★,sector 80,1.4,6189.0,3,4,2,6.0,Moderately Old,1922.0,0,1,0,1,0,2,111,"28.3659° N, 76.9557° E",28.3659,76.9557
flat,ambience creacions,sector 22,6.16,20533.0,4,5,3+,10.0,New Property,3000.0,0,1,0,1,0,1,49,"28.5072° N, 77.0640° E",28.5072,77.064
flat,emaar gurgaon greens★,sector 102,1.4,8485.0,3,3,3,4.0,Relatively New,1493.0,0,1,0,0,0,1,83,"28.4750° N, 76.9715° E",28.475,76.9715
flat,ss hibiscus,sector 50,6.0,12272.0,4,3,3,5.0,Moderately Old,3982.0,0,1,0,0,0,2,31,"28.4178° N, 77.0628° E",28.4178,77.0628
flat,raisina residency★,sector 59,5.0,13058.0,4,4,3+,13.0,Relatively New,3829.0,1,1,1,1,0,1,174,"28.4051° N, 77.1097° E",28.4051,77.1097
flat,tulip ivory★,sector 70,2.1,8750.0,4,5,3+,5.0,Moderately Old,2114.0,0,1,0,0,0,1,120,"28.3968° N, 77.0233° E",28.3968,77.0233
flat,woodstock floors,sector 50,1.05,1181.0,2,2,2,2.0,Moderately Old,8892.0,0,0,0,0,0,2,53,"28.4178° N, 77.0628° E",28.4178,77.0628
flat,bestech park view sanskruti★,sector 92,1.55,7769.0,3,4,3,8.0,Relatively New,1805.0,0,1,0,0,0,2,49,"28.4079° N, 76.9153° E",28.4079,76.9153
flat,vipul belmonte★,sector 53,6.5,21922.0,3,4,3+,0.0,Old Property,2683.0,1,0,0,0,1,2,72,"28.4433° N, 77.0948° E",28.4433,77.0948
flat,ss residency,sector 12,0.53,4818.0,3,3,2,2.0,Relatively New,995.0,0,0,0,0,0,1,14,"28.4723° N, 77.0320° E",28.4723,77.032
flat,tulip violet★,sector 69,1.38,8973.0,3,3,1,12.0,Relatively New,1538.0,0,0,0,0,0,2,174,"28.3966° N, 77.0341° E",28.3966,77.0341
flat,emaar palm gardens★,sector 83,1.6,8649.0,3,3,3+,6.0,Relatively New,1674.0,1,1,1,1,0,1,167,"28.3986° N, 76.9647° E",28.3986,76.9647
flat,pareena mi casa,sector 68,1.85,9311.0,3,3,3+,13.0,Under Construction,1798.0,0,0,0,0,0,2,47,"28.3853° N, 77.0484° E",28.3853,77.0484
flat,dlf the skycourt★,sector 86,1.59,8243.0,3,3,3,17.0,Relatively New,1700.0,0,0,0,0,1,1,165,"28.3986° N, 76.9384° E",28.3986,76.9384
flat,ramsons kshitij★,sector 95,0.24,53.0,2,2,1,10.0,Relatively New,45283.0,0,0,0,0,1,2,33,"28.4172° N, 76.9081° E",28.4172,76.9081
flat,ss the leaf★,sector 85,2.0,11869.0,3,4,3,5.0,Relatively New,2026.0,0,1,0,0,0,2,156,"28.4042° N, 76.9513° E",28.4042,76.9513
flat,greenopolis,sector 89,1.3,6806.0,3,3,3+,1.0,New Property,1910.0,0,1,0,0,0,2,35,"28.4253° N, 76.9439° E",28.4253,76.9439
flat,emaar mgf emerald floors★,sector 65,3.2,10159.0,4,3,2,1.0,Relatively New,3150.0,0,1,0,0,0,2,0,"28.4030° N, 77.0690° E",28.403,77.069
flat,vatika gurgaon ★,sector 83,1.1,6162.0,3,3,3+,5.0,Relatively New,1600.0,0,0,0,0,0,1,96,"28.3986° N, 76.9647° E",28.3986,76.9647
flat,vatika lifestyle homes★,sector 83,1.05,7500.0,3,2,2,1.0,Moderately Old,1600.0,0,0,0,0,0,1,106,"28.3986° N, 76.9647° E",28.3986,76.9647
flat,adani brahma samsara vilasa,sector 63,3.0,16667.0,3,3,3,3.0,New Property,1800.0,0,0,0,0,0,2,24,"28.3971° N, 77.0867° E",28.3971,77.0867
flat,experion windchants★,sector 112,3.75,13383.0,3,5,3+,22.0,Relatively New,2536.0,0,1,0,0,0,1,49,"28.5189° N, 77.0183° E",28.5189,77.0183
flat,rof ananda,sector 95,0.32,637.0,2,2,1,10.0,Relatively New,5022.0,0,0,0,1,0,1,50,"28.4172° N, 76.9081° E",28.4172,76.9081
flat,bestech park view grand spa★,sector 81,2.29,8609.0,3,4,3+,10.0,Relatively New,2315.0,1,1,0,0,0,0,174,"28.3867° N, 76.9485° E",28.3867,76.9485
flat,ramsons kshitij★,sector 95,0.29,575.0,2,2,2,14.0,Relatively New,507.0,0,0,0,0,0,2,50,"28.4172° N, 76.9081° E",28.4172,76.9081
flat,green court★,sector 90,0.45,799.0,2,2,1,2.0,New Property,5634.0,0,0,0,0,0,1,42,"28.4085° N, 76.9369° E",28.4085,76.9369
flat,corona gracieux,sector 76,0.75,5660.0,2,2,3,13.0,Relatively New,1199.0,0,0,0,0,0,1,0,"28.3935° N, 76.9888° E",28.3935,76.9888
flat,suncity avenue ★,sector 102,0.48,1003.0,2,2,1,5.0,Relatively New,582.0,0,0,1,0,0,2,159,"28.4750° N, 76.9715° E",28.475,76.9715
flat,dlf park place★,sector 54,4.85,25867.0,3,4,3+,25.0,Relatively New,1875.0,0,1,0,0,0,1,26,"28.4348° N, 77.1089° E",28.4348,77.1089
flat,signature global orchard avenue★,sector 93,0.38,710.0,2,2,2,7.0,Relatively New,5355.0,0,0,0,0,0,2,16,"28.4153° N, 76.9326° E",28.4153,76.9326
flat,ss the leaf★,sector 85,1.09,6667.0,2,2,3,9.0,Relatively New,1638.0,0,0,1,0,0,2,174,"28.4042° N, 76.9513° E",28.4042,76.9513
flat,signature global solera★,sector 107,0.27,613.0,2,2,2,0.0,Relatively New,4401.0,0,0,0,0,0,2,45,"28.5052° N, 76.9729° E",28.5052,76.9729
flat,ats triumph★,sector 104,2.6,8814.0,4,4,3+,16.0,Relatively New,3064.0,0,1,0,0,0,1,150,"28.4788° N, 76.9960° E",28.4788,76.996
flat,vatika lifestyle homes★,sector 83,1.25,6838.0,3,2,1,6.0,Relatively New,1654.0,1,1,1,1,0,0,174,"28.3986° N, 76.9647° E",28.3986,76.9647
flat,experion the heartsong★,sector 108,2.29,8240.0,4,5,3+,8.0,Relatively New,2779.0,0,1,0,0,0,1,95,"28.5134° N, 76.9830° E",28.5134,76.983
flat,pivotal devaan,sector 84,0.36,844.0,2,2,1,9.0,Relatively New,531.0,0,0,1,0,0,0,80,"28.3979° N, 76.9736° E",28.3979,76.9736
flat,indiabulls centrum park★,sector 103,2.45,8522.0,4,4,3,11.0,Relatively New,2602.0,1,1,1,1,0,2,38,"28.4949° N, 76.9845° E",28.4949,76.9845
flat,conscient one,sector 109,1.7,1957.0,1,1,2,9.0,Relatively New,698.0,0,0,0,0,0,2,0,"28.5073° N, 77.0089° E",28.5073,77.0089
flat,emaar mgf emerald floors,sector 65,2.6,15758.0,3,3,3+,3.0,Relatively New,1650.0,0,0,0,0,0,2,0,"28.4030° N, 77.0690° E",28.403,77.069
flat,imperia the esfera,sector 37c,0.99,5455.0,3,4,3,9.0,Relatively New,1660.0,0,1,0,0,0,2,49,"28.4515° N, 76.9882° E",28.4515,76.9882
flat,pioneer urban presidia,sector 62,6.5,14987.0,4,4,3+,3.0,Moderately Old,3925.0,1,0,0,0,0,2,86,"28.4139° N, 77.0886° E",28.4139,77.0886
flat,ireo victory valley★,sector 67,3.65,13529.0,3,4,3+,18.0,Relatively New,2490.0,0,1,0,1,0,1,61,"28.3859° N, 77.0608° E",28.3859,77.0608
flat,suncity platinum towers,sector 28,6.2,23091.0,3,4,3+,21.0,Relatively New,2000.0,0,1,0,0,0,1,160,"28.4728° N, 77.0865° E",28.4728,77.0865
flat,parsvnath green ville★,sector 48,1.86,7654.0,3,3,3+,6.0,Moderately Old,2199.0,0,1,0,0,0,1,94,"28.4177° N, 77.0359° E",28.4177,77.0359
flat,emaar gurgaon greens★,sector 102,1.35,8182.0,3,3,3,9.0,Relatively New,1315.0,0,1,0,0,0,2,100,"28.4750° N, 76.9715° E",28.475,76.9715
flat,central park resorts★,sector 48,3.65,15240.0,3,3,3+,9.0,Relatively New,2395.0,0,0,0,0,1,1,157,"28.4177° N, 77.0359° E",28.4177,77.0359
flat,bptp freedom park life★,sector 57,5.5,8983.0,5,6,3+,19.0,Moderately Old,6123.0,0,1,0,1,0,1,153,"28.4232° N, 77.0752° E",28.4232,77.0752
flat,laxmi apartment sector a gurgaon,sector 99a,0.3,513.0,2,2,1,4.0,New Property,600.0,0,0,0,0,0,2,44,"28.4561° N, 76.9542° E",28.4561,76.9542
flat,apna enclave,sector 3,0.5,855.0,2,2,1,1.0,Old Property,5850.0,0,0,0,0,0,1,37,"28.4909° N, 77.0176° E",28.4909,77.0176
flat,ats kocoon★,sector 109,2.95,10351.0,4,4,3+,7.0,Relatively New,3167.0,0,1,1,0,0,1,158,"28.5073° N, 77.0089° E",28.5073,77.0089
flat,emaar mgf the palm drive★,sector 66,1.51,1681.0,2,2,2,5.0,Relatively New,1188.0,0,0,0,1,0,1,82,"28.3925° N, 77.0541° E",28.3925,77.0541
flat,corona optus★,sector 37c,1.25,7090.0,3,3,3,4.0,Relatively New,1350.0,0,0,0,0,1,2,49,"28.4515° N, 76.9882° E",28.4515,76.9882
flat,laxmi apartment,sector 110,0.55,719.0,3,2,1,3.0,Relatively New,7650.0,0,0,0,0,0,2,0,"28.5145° N, 77.0197° E",28.5145,77.0197
flat,suncity avenue ★,sector 102,0.47,993.0,2,2,1,5.0,Relatively New,582.0,0,0,1,0,0,2,142,"28.4750° N, 76.9715° E",28.475,76.9715
flat,shapoorji pallonji joyville gurugram★,sector 102,0.97,1178.0,2,2,2,12.0,Relatively New,828.0,0,0,0,0,0,2,100,"28.4750° N, 76.9715° E",28.475,76.9715
flat,ss the leaf★,sector 85,2.1,7468.0,4,5,3+,9.0,Relatively New,2545.0,0,0,0,0,0,1,67,"28.4042° N, 76.9513° E",28.4042,76.9513
flat,shree vardhman flora★,sector 90,0.65,755.0,2,2,3,9.0,Relatively New,1050.0,1,0,0,0,0,2,67,"28.4085° N, 76.9369° E",28.4085,76.9369
flat,bestech park view residency★,sector 2,1.55,8073.0,3,4,3+,4.0,Old Property,1738.0,0,1,0,0,0,2,84,"28.5095° N, 77.0320° E",28.5095,77.032
flat,orchid petals★,sector 49,4.79,11629.0,5,5,3+,14.0,Relatively New,3724.0,1,1,0,1,0,2,49,"28.4121° N, 77.0480° E",28.4121,77.048
flat,mm woodshire★,sector 107,0.9,6589.0,2,2,3+,14.0,New Property,1236.0,0,0,0,0,0,2,67,"28.5052° N, 76.9729° E",28.5052,76.9729
flat,pyramid urban,sector 67a,0.55,1168.0,2,2,2,3.0,Relatively New,4707.0,0,0,0,0,0,2,73,"28.3960° N, 77.0372° E",28.396,77.0372
flat,ss the leaf★,sector 85,1.04,5974.0,2,3,3+,4.0,Relatively New,1576.0,0,0,1,0,0,2,113,"28.4042° N, 76.9513° E",28.4042,76.9513
flat,tata primanti★,sector 72,3.85,13253.0,4,5,3+,13.0,Relatively New,2629.0,0,1,0,0,0,1,174,"28.4225° N, 77.0211° E",28.4225,77.0211
flat,satya element one,sector 49,0.94,1557.0,1,2,2,2.0,Moderately Old,6039.0,0,0,0,0,0,2,0,"28.4121° N, 77.0480° E",28.4121,77.048
flat,ats kocoon,sector 109,1.7,9742.0,3,3,3,22.0,Relatively New,1550.0,0,0,0,0,0,2,74,"28.5073° N, 77.0089° E",28.5073,77.0089
